CASE_ID,ACCIDENT_YEAR,PROC_DATE,JURIS,COLLISION_DATE,COLLISION_TIME,OFFICER_ID,REPORTING_DISTRICT,DAY_OF_WEEK,CHP_SHIFT,POPULATION,CNTY_CITY_LOC,SPECIAL_COND,BEAT_TYPE,CHP_BEAT_TYPE,CITY_DIVISION_LAPD,CHP_BEAT_CLASS,BEAT_NUMBER,PRIMARY_RD,SECONDARY_RD,DISTANCE,DIRECTION,INTERSECTION,WEATHER_1,WEATHER_2,STATE_HWY_IND,CALTRANS_COUNTY,CALTRANS_DISTRICT,STATE_ROUTE,ROUTE_SUFFIX,POSTMILE_PREFIX,POSTMILE,LOCATION_TYPE,RAMP_INTERSECTION,SIDE_OF_HWY,TOW_AWAY,COLLISION_SEVERITY,NUMBER_KILLED,NUMBER_INJURED,PARTY_COUNT,PRIMARY_COLL_FACTOR,PCF_CODE_OF_VIOL,PCF_VIOL_CATEGORY,PCF_VIOLATION,PCF_VIOL_SUBSECTION,HIT_AND_RUN,TYPE_OF_COLLISION,MVIW,PED_ACTION,ROAD_SURFACE,ROAD_COND_1,ROAD_COND_2,LIGHTING,CONTROL_DEVICE,CHP_ROAD_TYPE,PEDESTRIAN_ACCIDENT,BICYCLE_ACCIDENT,MOTORCYCLE_ACCIDENT,TRUCK_ACCIDENT,NOT_PRIVATE_PROPERTY,ALCOHOL_INVOLVED,STWD_VEHTYPE_AT_FAULT,CHP_VEHTYPE_AT_FAULT,COUNT_SEVERE_INJ,COUNT_VISIBLE_INJ,COUNT_COMPLAINT_PAIN,COUNT_PED_KILLED,COUNT_PED_INJURED,COUNT_BICYCLIST_KILLED,COUNT_BICYCLIST_INJURED,COUNT_MC_KILLED,COUNT_MC_INJURED,PRIMARY_RAMP,SECONDARY_RAMP,LATITUDE,LONGITUDE,COUNTY,CITY,POINT_X,POINT_Y
6506372,2014,2014-07-18,2708,2014-04-03,0807,18355,2708,4,5,6,2708,0,0,0,,0,012,"S SANDBORN",MCGOWAN,0.00,,Y,A,-,N,,,,,,,,,,Y,3,0,3,2,A,-,09,21801,A,N,D,C,A,A,H,-,A,D,0,,,,,Y,,-,,0,2,1,0,0,0,0,0,0,"- ","- ",,,MONTEREY,SALINAS,-121.6275795,36.670923000000002
6506376,2014,2014-07-18,2708,2014-04-01,0926,75791,,2,5,6,2708,0,0,0,,0,,"W ALISAL ST","LINCOLN AV",60.00,W,N,A,-,N,,,,,,,,,,N,4,0,1,2,A,-,"- ",,,F,C,C,A,B,H,-,A,A,0,,,,,Y,,A,,0,0,1,0,0,0,0,0,0,"- ","- ",,,MONTEREY,SALINAS,-121.65705203,36.673493809999997
6506380,2014,2014-07-26,2708,2014-04-19,1149,19943,,6,5,6,2708,0,0,0,,0,005,"EAST LAUREL DR","MARYAL DR",0.00,,Y,A,-,N,,,,,,,,,,N,4,0,1,2,A,-,12,21453,A,N,D,C,A,A,H,-,A,A,0,,,,,Y,,-,"- ",0,0,1,0,0,0,0,0,0,"- ","- ",,,MONTEREY,SALINAS,-121.64687991,36.698230100000004
6506384,2014,2014-07-18,2708,2014-04-21,1620,75791,,1,5,6,2708,0,0,0,,0,,"PEREZ ST","PEREZ CIR",90.00,S,N,B,-,N,,,,,,,,,,N,4,0,1,2,A,-,09,21804,A,N,D,G,A,A,H,-,A,D,0,,Y,,,Y,,L,04,0,0,1,0,0,0,1,0,0,"- ","- ",,,MONTEREY,SALINAS,-121.65449233,36.72656276
6506388,2014,2014-07-18,2708,2014-04-21,1556,84535,SALIN,1,5,6,2708,0,0,0,,0,008,"E MARKET","SALINAS ST",0.00,,Y,A,-,N,,,,,,,,,,Y,4,0,1,2,A,-,03,22350,,N,C,C,A,A,H,-,A,A,0,,,,,Y,,-,,0,0,1,0,0,0,0,0,0,"- ","- ",,,MONTEREY,SALINAS,-121.65593990000001,36.677610010000002
6506392,2014,2014-07-18,2708,2014-04-20,2137,76998,,7,5,6,2708,0,0,0,,0,012,"SOUTH SANBORN RD","FAIRVIEW AV",0.00,,Y,A,-,N,,,,,,,,,,Y,4,0,1,2,A,-,03,22350,,N,C,C,A,A,H,-,C,-,0,,,,,Y,,-,,0,0,1,0,0,0,0,0,0,"- ","- ",,,MONTEREY,SALINAS,-121.62791994,36.66709006
6506396,2014,2014-07-18,2708,2014-04-20,1440,84535,SALIN,7,5,6,2708,0,0,0,,0,004,"EAST BORONDA RD",CONSTITUTION,317.00,W,N,A,-,N,,,,,,,,,,,4,0,3,3,A,-,03,22350,,N,C,C,A,A,H,-,A,D,0,,,,,Y,,-,,0,0,3,0,0,0,0,0,0,"- ","- ",,,MONTEREY,SALINAS,-121.60347736999999,36.705264589999999
6506400,2014,2014-07-18,2708,2014-04-29,1950,76998,WPC,2,5,6,2708,0,0,0,,0,012,"FREEDOM PKWY","TUSCANY BL",0.00,,Y,A,-,N,,,,,,,,,,Y,4,0,1,2,A,-,09,21802,A,N,A,C,A,A,H,-,B,A,0,,,,,Y,Y,-,,0,0,1,0,0,0,0,0,0,"- ","- ",,,MONTEREY,SALINAS,-121.59472986,36.683360100000002
6506579,2014,2016-04-05,9730,2014-04-27,1145,018171,,7,1,9,2700,0,1,3,,1,066,"RT 183","ESPINOSA RD",3696.00,S,N,A,-,Y,MON,5,183,-,R,6.950,H,-,N,Y,4,0,1,1,C,-,18,,,N,E,I,A,A,H,-,A,D,0,,,,,Y,,-,"- ",0,0,1,0,0,0,0,0,0,"- ","- ",,,MONTEREY,UNINCORPORATED,-121.73674458000001,36.734980419999999
6508597,2014,2016-04-07,9735,2014-05-02,1705,18069,,5,2,9,2700,0,1,2,,2,045,"RT 101","E GARRISON RD",528.00,N,N,A,-,Y,MON,5,101,-,R,2.250,H,-,N,Y,4,0,1,1,A,-,08,22107,,N,E,J,A,A,H,-,A,D,1,,,,,Y,,A,07,0,0,1,0,0,0,0,0,0,"- ","- ",35.801299999999998,-120.74504,MONTEREY,UNINCORPORATED,-120.75536542,35.816833080000002
6509306,2014,2016-04-05,9730,2014-06-03,2000,17785,,2,2,9,2700,0,1,3,,1,068,"RT 68","TORERO DR",0.00,,Y,A,-,Y,MON,5,68,-,-,14.690,I,5,W,Y,2,0,3,2,A,-,09,21802,A,N,D,C,A,A,H,-,A,A,0,,,,,Y,,A,01,1,2,0,0,0,0,0,0,0,"- ","- ",36.593640000000001,-121.70455,MONTEREY,UNINCORPORATED,-121.70464774,36.593525829999997
6511559,2014,2014-08-01,2706,2014-05-20,0700,627,2706,2,5,4,2706,0,0,0,,0,001,"PRESCOTT AV","FILMORE ST",157.00,,N,B,-,N,,,,,,,,,,Y,4,0,1,1,C,-,18,,,N,C,I,A,A,H,-,A,D,0,,,,,Y,,-,"- ",0,0,1,0,0,0,0,0,0,"- ","- ",,,MONTEREY,MONTEREY,-121.91117998999999,36.610020110000001
6511563,2014,2014-07-31,2708,2014-05-27,0324,23226,,2,5,6,2708,0,0,0,,0,005,"POLK ST","TYLER ST",300.00,N,N,A,-,N,,,,,,,,,,Y,2,0,1,4,A,-,01,23152,A,N,C,E,A,A,H,-,C,D,0,,,,,Y,Y,-,,1,0,0,0,0,0,0,0,0,"- ","- ",,,MONTEREY,SALINAS,-121.65843,36.693089999999998
6515032,2014,2016-01-14,2708,2014-02-26,1521,52823,,3,5,6,2708,0,0,0,,0,,"WEST MARKET ST","STATION PL",0.00,,Y,C,-,Y,MON,5,183,-,-,0.850,I,5,N,Y,4,0,1,2,A,-,09,21802,A,N,D,C,A,B,H,-,A,A,0,,,,,Y,,-,,0,0,1,0,0,0,0,0,0,"- ","- ",,,MONTEREY,SALINAS,-121.65857564,36.678528540000002
6515607,2014,2014-08-05,2708,2014-05-04,2200,49014,,7,5,6,2708,0,0,0,,0,,"NORTH DAVIS RD",WESTRIDGE,1056.00,N,N,A,-,N,,,,,,,,,,Y,4,0,1,2,A,-,09,21801,A,N,D,C,A,A,H,-,C,D,0,,,,,Y,Y,-,,0,0,1,0,0,0,0,0,0,"- ","- ",,,MONTEREY,SALINAS,-121.66593693999999,36.706777289999998
6515672,2014,2014-08-21,2708,2014-05-21,1831,54370,,3,5,6,2708,0,0,0,,0,008,"EAST MARKET ST","SIMAS ST",0.00,,Y,A,-,N,,,,,,,,,,Y,4,0,1,2,A,-,09,21801,A,N,A,C,A,A,H,-,A,A,0,,,,,Y,,-,,0,0,1,0,0,0,0,0,0,"- ","- ",,,MONTEREY,SALINAS,-121.64493993000001,36.678960060000001
6515676,2014,2014-08-05,2708,2014-05-29,1919,18925,,4,5,6,2708,0,0,0,,0,004,"CONSTITUTION BL","INDEPENDENCE BL",0.00,,Y,A,-,N,,,,,,,,,,Y,3,0,1,2,A,-,09,21801,A,N,D,C,A,A,H,-,A,A,0,,,,,Y,,-,,0,1,0,0,0,0,0,0,0,"- ","- ",,,MONTEREY,SALINAS,-121.62147999,36.70041011
6515680,2014,2014-08-05,2708,2014-05-18,0100,93614,,7,5,6,2708,0,0,0,,0,008,"SHERWOOD DR","CALLE CEBU",700.00,N,N,A,-,N,,,,,,,,,,Y,2,0,1,2,A,-,09,21804,A,N,D,C,A,A,H,-,C,D,0,,,,,Y,,A,01,1,0,0,0,0,0,0,0,0,"- ","- ",,,MONTEREY,SALINAS,-121.65013555,36.682060540000002
6516111,2014,2014-08-12,2706,2014-06-12,1754,949,MPD,4,5,4,2706,0,0,0,,0,001,"PRESCOTT AV","FOAM ST",43.00,W,N,A,-,N,,,,,,,,,,N,4,0,1,2,A,-,01,23153,A,N,C,C,A,A,H,-,A,A,0,,,,,Y,Y,A,01,0,0,1,0,0,0,0,0,0,"- ","- ",,,MONTEREY,MONTEREY,-121.9019625,36.615095150000002
6516115,2014,2014-08-11,2706,2014-06-04,1822,234,2706,3,5,4,2706,0,0,0,,0,003,"FREMONT ST","CASANOVA AV",428.00,E,N,A,-,N,,,,,,,,,,Y,4,0,1,3,A,-,03,22350,,N,C,C,A,A,H,-,A,D,0,,,,,Y,,A,07,0,0,1,0,0,0,0,0,0,"- ","- ",,,MONTEREY,MONTEREY,-121.85190458,36.598148700000003
6518166,2014,2014-07-08,2708,2014-03-17,1400,52823,,1,5,6,2708,0,0,0,,0,,"EAST ALVIN DR","LINWOOD DR",0.00,,Y,A,-,N,,,,,,,,,,N,4,0,1,2,A,-,09,21802,A,N,A,C,A,A,H,-,A,A,0,,,,,Y,,-,,0,0,1,0,0,0,0,0,0,"- ","- ",,,MONTEREY,SALINAS,-121.64033992,36.705910080000002
6518679,2014,2014-07-30,2706,2014-05-16,1538,119,2706,5,5,4,2706,0,0,0,,0,002,"DEL MONTE AV","WASHINGTON ST",5.00,E,N,A,-,N,,,,,,,,,,N,4,0,1,2,A,-,21,22106,,N,D,G,A,A,H,-,A,A,0,,Y,,,Y,,A,01,0,0,1,0,0,0,1,0,0,"- ","- ",,,MONTEREY,MONTEREY,-121.89232496,36.600653549999997
6518683,2014,2014-07-30,2706,2014-05-20,2107,505,2706,2,5,4,2706,0,0,0,,0,002,"WASHINGTON ST","BONIFACIO PL",113.00,S,N,A,-,N,,,,,,,,,,Y,4,0,1,2,A,-,"- ",,,N,C,A,A,A,H,-,C,D,0,,,,,Y,,A,01,0,0,1,0,0,0,0,0,0,"- ","- ",,,MONTEREY,MONTEREY,-121.89290407,36.598403869999999
6518687,2014,2014-07-30,2706,2014-05-23,1200,119,MPD,5,5,4,2706,0,0,0,,0,002,"ABREGO ST","FREMONT ST",40.00,N,N,A,-,N,,,,,,,,,,N,4,0,1,2,A,-,08,22107,,N,B,C,A,A,H,-,A,D,0,,,,,Y,,A,08,0,0,1,0,0,0,0,0,0,"- ","- ",,,MONTEREY,MONTEREY,-121.89216784,36.595359459999997
6519320,2014,2015-03-27,2711,2014-05-25,2222,8972,SLPD,7,5,3,2711,0,0,0,,0,001,"WEST ST","GABILAN DR",0.00,,Y,A,-,N,,,,,,,,,,Y,4,0,2,2,A,-,08,22107,,N,D,D,A,A,H,-,C,A,0,,,,,Y,,A,07,0,0,2,0,0,0,0,0,0,"- ","- ",,,MONTEREY,SOLEDAD,-121.32727987,36.435980059999999
6519340,2014,2015-03-27,2711,2014-05-09,1224,0645,SLPD,5,5,3,2711,0,0,0,,0,002,"FRONT ST","EAST ST",59.00,N,N,A,-,N,,,,,,,,,,Y,4,0,1,2,A,-,00,23103,,N,E,I,A,A,H,-,C,A,0,,,,,Y,Y,A,01,0,0,1,0,0,0,0,0,0,"- ","- ",,,MONTEREY,SOLEDAD,-121.32634586,36.42495667
6519441,2014,2014-07-31,2708,2014-05-05,1338,19943,,1,5,6,2708,0,0,0,,0,010,"NORTH MADEIRA AV","HILL CIR",800.00,W,N,A,-,N,,,,,,,,,,Y,4,0,1,2,A,-,09,21804,A,N,-,C,A,A,H,-,A,D,0,,,,,Y,,-,,0,0,1,0,0,0,0,0,0,"- ","- ",,,MONTEREY,SALINAS,-121.62597045,36.682935380000004
6519442,2014,2014-08-06,2706,2014-05-29,1728,395,2706,4,5,4,2706,0,0,0,,0,002,"SOLEDAD DR","MUNRAS AV",42.00,S,N,A,-,N,,,,,,,,,,N,4,0,2,2,A,-,"- ",,,N,C,-,A,-,H,-,A,A,0,,,,,Y,,A,01,0,0,2,0,0,0,0,0,0,"- ","- ",,,MONTEREY,MONTEREY,-121.90174596,36.583290310000002
6519445,2014,2016-04-07,2708,2014-05-04,1308,19253,SALIN,7,5,6,2708,0,0,0,,0,008,"EAST MARKET ST","MERCED ST",0.00,,Y,A,-,Y,MON,5,101,-,-,87.440,R,4,S,Y,3,0,2,2,A,-,09,21802,A,N,-,C,A,A,H,-,A,A,0,,,,,Y,,-,,0,1,1,0,0,0,0,0,0,"- ","- ",,,MONTEREY,SALINAS,-121.64190374,36.679598660000003
6519446,2014,2014-08-01,2706,2014-05-27,2218,590,2706,2,5,4,2706,0,0,0,,0,002,"GLENWOOD CIR","GLENWOOD CIR 500",106.00,N,N,A,-,N,,,,,,,,,,Y,3,0,1,2,A,-,05,21460,A,F,D,C,A,A,H,-,C,D,0,,,Y,,Y,,-,99,0,1,0,0,0,0,0,0,1,"- ","- ",,,MONTEREY,MONTEREY,-121.8849206,36.587242070000002
6519449,2014,2014-07-31,2708,2014-05-06,1239,75791,,2,5,6,2708,0,0,0,,0,009,"E ACACIA ST","PAJARO ST",175.00,W,N,A,-,N,,,,,,,,,,Y,3,0,1,2,A,-,08,22107,,N,F,E,A,A,H,-,A,D,0,,,,,Y,Y,-,,0,1,0,0,0,0,0,0,0,"- ","- ",,,MONTEREY,SALINAS,-121.6551956,36.663806909999998
6519450,2014,2014-08-01,2706,2014-05-25,2212,234,2706,7,5,4,2706,0,0,0,,0,001,LIGHTHOUSE,"FOAM ST",520.00,S,N,A,-,N,,,,,,,,,,Y,4,0,1,1,A,-,03,22350,,N,E,I,A,A,H,-,C,D,0,,,,,Y,,A,01,0,0,1,0,0,0,0,0,0,"- ","- ",,,MONTEREY,MONTEREY,-121.89457,36.606688269999999
6519453,2014,2015-10-01,2708,2014-05-29,1343,66372,,4,5,6,2708,0,0,0,,0,,HARKINS,BURTON,130.00,E,N,A,-,N,,,,,,,,,,Y,4,0,1,2,A,-,08,22102,,N,D,C,A,A,H,-,A,A,0,,,,,Y,,-,,0,0,1,0,0,0,0,0,0,"- ","- ",,,MONTEREY,SALINAS,-121.62857447,36.650841970000002
6519454,2014,2016-04-05,2706,2014-05-26,1820,148,2706,1,5,4,2706,0,0,0,,0,003,"RT 68",YORK,528.00,W,N,A,-,Y,MON,5,68,-,-,6.980,H,-,W,Y,3,0,1,1,A,-,08,22107,,N,H,I,A,A,H,-,A,D,0,,,,,Y,,A,01,0,1,0,0,0,0,0,0,0,"- ","- ",,,MONTEREY,MONTEREY,-121.82623494000001,36.579308949999998
6519457,2014,2014-07-31,2708,2014-05-23,1607,15945,,5,5,6,2708,0,0,0,,0,,"NORTH DAVIS RD","LARKIN AV",25.00,S,N,A,-,N,,,,,,,,,,Y,4,0,2,3,A,-,03,22350,,N,C,C,A,A,H,-,A,A,0,,,,,Y,,-,,0,0,2,0,0,0,0,0,0,"- ","- ",,,MONTEREY,SALINAS,-121.66840000000001,36.69367132
6519458,2014,2014-07-31,2706,2014-05-17,1436,148,2706,6,5,4,2706,0,0,0,,0,003,"CASANOVA AV","NORTH FREMONT ST",4.00,S,N,A,-,N,,,,,,,,,,N,4,0,1,2,A,-,21,22106,,N,H,G,A,A,H,-,A,D,0,,Y,,,Y,,A,01,0,0,1,0,0,0,1,0,0,"- ","- ",,,MONTEREY,MONTEREY,-121.85321963,36.597662870000001
6519461,2014,2014-07-31,2708,2014-05-02,2000,51484,SPD,5,5,6,2708,0,0,0,,0,005,"EAST LAUREL DR","GRANADA AV",0.00,,Y,A,-,N,,,,,,,,,,Y,4,0,1,2,A,-,09,21800,A,N,D,C,A,A,H,-,B,D,0,,,,,Y,,-,,0,0,1,0,0,0,0,0,0,"- ","- ",,,MONTEREY,SALINAS,-121.64034988,36.696790030000003
6519462,2014,2014-07-31,2708,2014-05-14,2235,51484,SPD,3,5,6,2708,0,0,0,,0,005,"NORTH MAIN ST","EAST LAUREL DR",300.00,S,N,A,-,N,,,,,,,,,,N,3,0,1,2,A,-,11,21956,A,N,G,B,D,A,H,-,C,D,0,Y,,,,Y,,N,60,0,1,0,0,1,0,0,0,0,"- ","- ",,,MONTEREY,SALINAS,-121.65168189000001,36.698502310000002
6519465,2014,2014-07-31,2708,2014-05-06,1619,52823,,2,5,6,2708,0,0,0,,0,,"NORTH DAVIS RD","POST DR",0.00,,Y,A,-,N,,,,,,,,,,N,4,0,1,2,A,-,04,21703,,N,C,C,A,A,H,-,A,A,0,,,,,Y,,-,,0,0,1,0,0,0,0,0,0,"- ","- ",,,MONTEREY,SALINAS,-121.66875994999999,36.696070050000003
6519466,2014,2014-07-31,2708,2014-05-25,1343,53260,,7,5,6,2708,0,0,0,,0,012,"FREEDOM PKWY","TOWT ST",0.00,,Y,A,-,N,,,,,,,,,,N,3,0,2,2,A,-,09,21801,A,N,D,C,A,A,H,-,A,D,0,,,,,Y,,-,,0,1,1,0,0,0,0,0,0,"- ","- ",,,MONTEREY,SALINAS,-121.59982986,36.689200069999998
6519469,2014,2016-04-07,2708,2014-05-02,1618,58964,SPD,5,5,6,2708,0,0,0,,0,,"JOHN ST","GRIFFIN ST",200.00,E,N,A,-,Y,MON,5,68,-,-,21.950,H,-,E,N,4,0,3,3,A,-,03,22350,,N,C,C,A,A,H,-,A,D,0,,,,,Y,,-,,0,0,3,0,0,0,0,0,0,"- ","- ",,,MONTEREY,SALINAS,-121.640545,36.671128789999997
6519470,2014,2014-07-31,2708,2014-05-16,1603,74426,,5,5,6,2708,0,0,0,,0,005,"NORTH MAIN ST","LAUREL DR",800.00,E,N,A,-,N,,,,,,,,,,N,4,0,1,2,A,-,03,22350,,N,C,C,A,A,H,-,A,D,0,,,,,Y,,-,,0,0,1,0,0,0,0,0,0,"- ","- ",,,MONTEREY,SALINAS,-121.65193904,36.697130870000002
6519473,2014,2014-07-31,2708,2014-05-07,1108,52823,,3,5,6,2708,0,0,0,,0,,"NORTH MAIN ST","WEST ROSSI ST",0.00,,Y,B,-,N,,,,,,,,,,N,2,0,1,2,A,-,10,21950,A,N,G,B,B,A,H,-,A,A,0,Y,,,,Y,,-,,1,0,0,0,1,0,0,0,0,"- ","- ",,,MONTEREY,SALINAS,-121.65408995,36.680890079999998
6519477,2014,2014-07-31,2708,2014-05-04,1602,31967,SALIN,7,5,6,2708,0,0,0,,0,008,"STATION PL","PALMER ST",200.00,E,N,A,-,N,,,,,,,,,,Y,2,0,1,1,A,-,03,22350,,N,A,I,A,A,H,-,A,D,0,,,,,Y,,-,,1,0,0,0,0,0,0,0,0,"- ","- ",,,MONTEREY,SALINAS,,
6519481,2014,2014-07-31,2708,2014-05-16,2141,74426,,5,5,6,2708,0,0,0,,0,005,"SHERWOOD DR","EAST BERNAL DR",0.00,,Y,A,-,N,,,,,,,,,,N,2,0,1,2,A,-,12,21453,A,F,-,G,A,A,H,-,C,A,0,,Y,,,Y,Y,L,04,1,0,0,0,0,0,1,0,0,"- ","- ",,,MONTEREY,SALINAS,-121.64345993000001,36.692240089999999
6519485,2014,2014-07-31,2708,2014-05-07,1441,19253,,3,5,6,2708,0,0,0,,0,005,"EAST BERNAL DR","ROSARITA DR",0.00,,Y,B,-,N,,,,,,,,,,,3,0,1,2,A,-,09,21802,A,N,D,C,A,A,H,-,A,A,0,,,,,Y,,-,,0,1,0,0,0,0,0,0,0,"- ","- ",,,MONTEREY,SALINAS,-121.64563991,36.691160060000001
6519489,2014,2014-07-31,2708,2014-05-31,1926,74425,,6,5,6,2708,0,0,0,,0,005,"NORTH MAIN ST","IRIS DR",528.00,N,N,B,-,N,,,,,,,,,,Y,4,0,1,1,A,-,08,22107,,N,E,I,A,A,H,-,A,D,0,,,,,Y,,-,,0,0,1,0,0,0,0,0,0,"- ","- ",,,MONTEREY,SALINAS,-121.65212719,36.694617700000002
6519493,2014,2014-07-31,2708,2014-05-25,1947,51761,SALIN,7,5,6,2708,0,0,0,,0,,"NORTH MAIN ST","IRIS DR",240.00,S,N,A,-,N,,,,,,,,,,N,3,0,1,2,A,-,08,22100,A,N,D,G,A,A,H,-,A,D,0,,Y,,,Y,,-,,0,1,0,0,0,0,1,0,0,"- ","- ",,,MONTEREY,SALINAS,-121.65229309,36.692512059999999
6519497,2014,2014-07-31,2708,2014-05-22,1753,18925,,4,5,6,2708,0,0,0,,0,011,"RANCHERO DR","EBANO PL",0.00,,Y,A,-,N,,,,,,,,,,Y,3,0,1,2,A,-,11,21954,A,N,D,B,D,A,H,-,A,D,0,Y,,,,Y,,N,60,0,1,0,0,1,0,0,0,0,"- ","- ",,,MONTEREY,SALINAS,-121.61495995,36.694770089999999
6519501,2014,2014-07-31,2708,2014-05-25,0652,49532,SALIN,7,5,6,2708,0,0,0,,0,003,"KENT ST",ARCADIA,75.00,S,N,B,-,N,,,,,,,,,,Y,3,0,1,2,A,-,01,23152,A,M,E,I,A,A,H,-,A,D,0,,,,,Y,Y,-,,0,1,0,0,0,0,0,0,0,"- ","- ",,,MONTEREY,SALINAS,-121.62890908,36.713312029999997
6519505,2014,2014-07-31,2708,2014-05-29,1102,82582,,4,5,6,2708,0,0,0,,0,,"W ALISAL ST","SALINAS ST",0.00,,Y,A,-,N,,,,,,,,,,Y,3,0,1,2,A,-,09,21801,A,N,B,C,A,A,H,-,A,A,0,,,,,Y,,-,,0,1,0,0,0,0,0,0,0,"- ","- ",,,MONTEREY,SALINAS,-121.65602994,36.673620020000001
6519509,2014,2014-07-31,2708,2014-05-29,1012,52823,,4,5,6,2708,0,0,0,,0,,"NATIVIDAD RD","W ALVIN DR",90.00,N,N,A,-,N,,,,,,,,,,Y,2,0,1,2,A,-,07,21658,A,N,C,C,A,A,H,-,A,D,0,,,,,Y,,-,,1,0,0,0,0,0,0,0,0,"- ","- ",,,MONTEREY,SALINAS,-121.63121742,36.703432579999998
6519513,2014,2015-10-01,2708,2014-05-10,1251,79223,,6,5,6,2708,0,0,0,,0,,"BORANDA RD","NATIVIDAD RD",400.00,W,N,A,-,N,,,,,,,,,,N,4,0,2,2,A,-,08,22101,D,N,D,C,A,A,H,-,A,D,0,,,,,Y,,-,,0,0,2,0,0,0,0,0,0,"- ","- ",,,MONTEREY,SALINAS,-121.6248676,36.715713049999998
6520110,2014,2014-07-08,2708,2014-03-31,1649,52823,,1,5,6,2708,0,0,0,,0,,"SALINAS ST","W GABILAN ST",20.00,N,N,C,-,N,,,,,,,,,,N,4,0,1,2,A,-,04,21703,,N,C,C,A,B,H,-,A,A,0,,,,,Y,,-,,0,0,1,0,0,0,0,0,0,"- ","- ",,,MONTEREY,SALINAS,-121.65644202,36.67551409
6523720,2014,2014-08-08,2708,2014-06-01,1126,37663,2,7,5,6,2708,0,0,0,,0,001,"VALLEJO ST","LINWOOD DR",380.00,E,N,A,-,N,,,,,,,,,,N,4,0,2,3,A,-,21,22106,,N,D,E,A,A,H,-,A,D,0,,,,,Y,,-,,0,0,2,0,0,0,0,0,0,"- ","- ",,,MONTEREY,SALINAS,-121.64257962000001,36.698016420000002
6523964,2014,2014-08-05,2708,2014-05-03,0006,49532,SALIN,6,5,6,2708,0,0,0,,0,006,"SHERWOOD DR","CALLE CEBU",18.00,S,N,A,-,N,,,,,,,,,,N,4,0,1,2,A,-,"- ",,,F,C,C,A,A,H,-,C,A,0,,,,,Y,Y,-,,0,0,1,0,0,0,0,0,0,"- ","- ",,,MONTEREY,SALINAS,-121.65035918,36.68015132
6523968,2014,2015-03-23,2708,2014-05-10,0832,27645,,6,5,6,2708,0,0,0,,0,,"NORTH MAIN ST","WEST BERNAL",0.00,,Y,A,-,N,,,,,,,,,,N,1,1,0,2,A,-,10,21950,A,N,G,B,B,A,H,-,A,A,0,Y,,,,Y,,-,,0,0,0,1,0,0,0,0,0,"- ","- ",,,MONTEREY,SALINAS,-121.65245985999999,36.689970080000002
6523972,2014,2014-08-05,2708,2014-05-19,0800,58964,SPD,1,5,6,2708,0,0,0,,0,,"MONTEREY ST","EAST GABILAN",0.00,,Y,A,-,N,,,,,,,,,,Y,4,0,2,2,A,-,09,21801,A,F,A,C,A,A,H,-,A,A,0,,,,,Y,,-,,0,0,2,0,0,0,0,0,0,"- ","- ",,,MONTEREY,SALINAS,-121.65408999,36.67581002
6523980,2014,2014-08-05,2708,2014-05-13,1252,52823,,2,5,6,2708,0,0,0,,0,,"EAST MARKET ST","MERCED ST",0.00,,Y,A,-,N,,,,,,,,,,N,4,0,1,3,A,-,09,21802,A,N,D,C,A,A,H,-,A,A,0,,,,,Y,,-,,0,0,1,0,0,0,0,0,0,"- ","- ",,,MONTEREY,SALINAS,-121.64231989,36.678110060000002
6529281,2014,2015-04-22,9730,2014-06-21,1525,19837,,6,2,9,2700,0,1,3,,1,074,"RT 1","JENSEN RD",100.00,N,N,A,-,Y,MON,5,1,-,-,99.940,H,-,S,Y,4,0,1,2,A,-,03,22350,,N,C,C,A,A,H,-,A,D,0,,,,,Y,,A,01,0,0,1,0,0,0,0,0,0,"- ","- ",36.855080000000001,-121.77118,MONTEREY,UNINCORPORATED,-121.77111678,36.854111860000003
6529283,2014,2015-04-22,9730,2014-06-15,1305,17184,,7,1,9,2700,0,1,3,,1,014,"RT 1","LITTLE SUR RIVER BR",2112.00,S,N,B,-,Y,MON,5,1,-,-,55.700,H,-,S,N,3,0,1,2,A,-,11,21954,A,N,G,B,D,A,H,-,A,D,0,Y,,,,Y,,N,60,0,1,0,0,1,0,0,0,0,"- ","- ",36.331890000000001,-121.89087000000001,MONTEREY,UNINCORPORATED,-121.89153691,36.330999319999997
6529285,2014,2016-04-07,9730,2014-06-20,1730,19529,,5,2,3,2712,0,1,3,,2,062,"RT 1","LIGHTFIGHTER DR",3700.00,N,N,A,-,Y,MON,5,1,-,R,83.590,H,-,N,Y,4,0,1,2,A,-,03,22350,,N,C,C,A,A,H,-,A,D,1,,,,,Y,,A,01,0,0,1,0,0,0,0,0,0,"- ","- ",,,MONTEREY,MARINA,-121.81651612,36.657083980000003
6529287,2014,2015-04-22,9730,2014-06-14,1201,17184,,6,1,9,2700,0,1,3,,1,012,"RT 1","MPM 30.00",420.00,S,N,A,-,Y,MON,5,1,-,-,29.920,H,-,N,Y,4,0,2,2,A,-,05,21460,A,N,B,C,A,A,H,-,A,D,0,,,,,Y,,A,07,0,0,2,0,0,0,0,0,0,"- ","- ",36.089280000000002,-121.61778,MONTEREY,UNINCORPORATED,-121.61765877000001,36.087994930000001
6529289,2014,2015-04-22,9730,2014-06-19,1735,19512,,4,2,9,2700,0,1,3,,1,074,"RT 1","JENSEN RD",1056.00,N,N,A,-,Y,MON,5,1,-,-,100.120,H,-,S,Y,4,0,1,4,A,-,03,22350,,N,C,C,A,A,H,-,A,D,0,,,,,Y,,A,07,0,0,1,0,0,0,0,0,0,"- ","- ",36.86083,-121.77117,MONTEREY,UNINCORPORATED,-121.77110605999999,36.856707849999999
6529291,2014,2015-04-22,9730,2014-06-13,2320,19529,,5,3,9,2700,0,1,3,,1,024,"RT 68","SKYLINE FOREST DR",975.00,E,N,A,-,Y,MON,5,68,-,-,3.550,H,-,W,Y,3,0,1,2,A,-,01,23152,A,N,A,C,A,A,H,-,D,D,0,,,,,Y,Y,A,01,0,1,0,0,0,0,0,0,0,"- ","- ",,,MONTEREY,UNINCORPORATED,-121.91882298,36.583379919999999
6529293,2014,2015-10-30,9730,2014-06-16,0955,18886,,1,1,9,2700,0,2,4,,1,023,"CARMEL VALLEY RD","CARMEL RANCHO BL",0.00,,Y,B,-,N,,,,,,,,,,N,4,0,1,2,A,-,03,22350,,N,C,C,A,A,H,-,A,D,0,,,,,Y,,A,01,0,0,1,0,0,0,0,0,0,"- ","- ",,,MONTEREY,UNINCORPORATED,-121.90493997,36.543700010000002