CASE_ID,ACCIDENT_YEAR,PROC_DATE,JURIS,COLLISION_DATE,COLLISION_TIME,OFFICER_ID,REPORTING_DISTRICT,DAY_OF_WEEK,CHP_SHIFT,POPULATION,CNTY_CITY_LOC,SPECIAL_COND,BEAT_TYPE,CHP_BEAT_TYPE,CITY_DIVISION_LAPD,CHP_BEAT_CLASS,BEAT_NUMBER,PRIMARY_RD,SECONDARY_RD,DISTANCE,DIRECTION,INTERSECTION,WEATHER_1,WEATHER_2,STATE_HWY_IND,CALTRANS_COUNTY,CALTRANS_DISTRICT,STATE_ROUTE,ROUTE_SUFFIX,POSTMILE_PREFIX,POSTMILE,LOCATION_TYPE,RAMP_INTERSECTION,SIDE_OF_HWY,TOW_AWAY,COLLISION_SEVERITY,NUMBER_KILLED,NUMBER_INJURED,PARTY_COUNT,PRIMARY_COLL_FACTOR,PCF_CODE_OF_VIOL,PCF_VIOL_CATEGORY,PCF_VIOLATION,PCF_VIOL_SUBSECTION,HIT_AND_RUN,TYPE_OF_COLLISION,MVIW,PED_ACTION,ROAD_SURFACE,ROAD_COND_1,ROAD_COND_2,LIGHTING,CONTROL_DEVICE,CHP_ROAD_TYPE,PEDESTRIAN_ACCIDENT,BICYCLE_ACCIDENT,MOTORCYCLE_ACCIDENT,TRUCK_ACCIDENT,NOT_PRIVATE_PROPERTY,ALCOHOL_INVOLVED,STWD_VEHTYPE_AT_FAULT,CHP_VEHTYPE_AT_FAULT,COUNT_SEVERE_INJ,COUNT_VISIBLE_INJ,COUNT_COMPLAINT_PAIN,COUNT_PED_KILLED,COUNT_PED_INJURED,COUNT_BICYCLIST_KILLED,COUNT_BICYCLIST_INJURED,COUNT_MC_KILLED,COUNT_MC_INJURED,PRIMARY_RAMP,SECONDARY_RAMP,LATITUDE,LONGITUDE,COUNTY,CITY,POINT_X,POINT_Y
6578391,2014,2016-05-09,9730,2014-07-22,0530,020391,,2,3,9,2700,0,1,2,,1,030,"RT 101","CAMPHORA GLORIA RD",2640.00,S,N,A,-,Y,MON,5,101,-,-,64.130,H,-,N,Y,4,0,1,4,A,-,03,22350,,N,C,C,A,A,H,-,A,D,1,,,,,Y,,A,01,0,0,1,0,0,0,0,0,0,"- ","- ",36.439779999999999,-121.34975,MONTEREY,UNINCORPORATED,-121.35624988000001,36.444264529999998
6578399,2014,2014-08-19,9730,2014-07-22,0518,020621,,2,3,9,2700,0,3,5,,2,003,"HARRIS RD","ABBOTT ST",3696.00,W,N,A,-,N,,,,,,,,,,Y,2,0,3,2,A,-,05,21460,A,N,A,C,A,A,H,-,B,D,0,,,,,Y,,E,22,1,0,2,0,0,0,0,0,0,"- ","- ",36.630369999999999,-121.62506,MONTEREY,UNINCORPORATED,-121.61941392999999,36.636532199999998
6579416,2014,2016-05-09,9735,2014-07-19,1455,017681,,6,2,9,2700,0,1,2,,1,041,"RT 101","JOLON RD",50.00,S,N,A,-,Y,MON,5,101,-,-,41.940,H,-,N,Y,3,0,1,1,A,-,01,23152,A,N,E,I,A,A,H,-,A,D,5,,,,,Y,Y,A,01,0,1,0,0,0,0,0,0,0,"- ","- ",,,MONTEREY,UNINCORPORATED,-121.1365145,36.204444260000002
6580429,2014,2014-08-26,2708,2014-07-17,0910,,,4,5,6,2708,0,0,0,,0,,"DAVIS RD","LAUREL DR",30.00,S,N,A,-,N,,,,,,,,,,N,4,0,1,2,A,-,03,22350,,N,C,C,A,A,H,-,A,A,0,,,,,Y,,A,01,0,0,1,0,0,0,0,0,0,"- ","- ",,,MONTEREY,SALINAS,-121.66817207,36.697860759999998
6580840,2014,2014-09-03,2704,2014-07-09,1751,0413,2704,3,5,3,2704,0,0,0,,0,004,"6TH ST","ELM AV",142.00,N,N,A,-,N,,,,,,,,,,Y,4,0,1,2,A,-,"- ",,,F,F,E,A,-,A,H,A,D,0,,,,,Y,Y,A,01,0,0,1,0,0,0,0,0,0,"- ","- ",,,MONTEREY,GREENFIELD,-121.2379182,36.319908560000002
6580841,2014,2014-08-07,2706,2014-06-30,1456,627,2706,1,5,4,2706,0,0,0,,0,002,"DEL MONTE AV","AGUAJITO RD",0.00,,Y,A,-,N,,,,,,,,,,Y,4,0,2,2,A,-,09,21801,A,N,D,C,A,A,H,-,A,A,0,,,,,Y,,A,07,0,0,2,0,0,0,0,0,0,"- ","- ",,,MONTEREY,MONTEREY,-121.88357999999999,36.599939999999997
6581211,2014,2016-05-04,9735,2014-07-05,1125,019894,,6,1,9,2700,0,1,3,,2,052,"RT 25","COALINGA RD",10560.00,N,N,A,-,Y,SBT,5,25,-,-,11.370,H,-,N,Y,2,0,2,2,A,-,05,21650,,N,B,C,A,A,H,-,A,D,0,,,Y,,Y,,C,02,2,0,0,0,0,0,0,0,2,"- ","- ",36.427959999999999,-121.02157,MONTEREY,UNINCORPORATED,-121.01809735000001,36.426216590000003
6581213,2014,2014-08-28,2703,2014-07-22,0630,0337,2703,2,5,2,2703,0,0,0,,0,,"ALTA ST","4TH ST",3.00,S,N,A,-,N,,,,,,,,,,Y,4,0,1,2,A,-,00,20001,A,F,C,C,A,A,H,-,B,D,0,,,,,Y,,A,01,0,0,1,0,0,0,0,0,0,"- ","- ",,,MONTEREY,GONZALES,-121.44488278,36.50659418
6581223,2014,2016-05-09,9735,2014-07-28,0631,015466,,1,1,9,2700,0,1,2,,2,044,"RT 101","ALVARADO RD",8976.00,S,N,B,-,Y,MON,5,101,-,-,13.770,H,-,S,Y,4,0,1,1,A,-,08,22107,,N,E,I,A,A,H,-,B,D,1,,,,,Y,,A,01,0,0,1,0,0,0,0,0,0,"- ","- ",35.92286,-120.86588,MONTEREY,UNINCORPORATED,-120.84228342,35.900614539999999
6581997,2014,2016-05-02,9730,2014-08-20,0535,18171,,3,3,9,2700,0,1,3,,1,074,"RT 1","STRUVE RD",405.00,N,N,B,-,Y,MON,5,1,-,-,97.680,H,-,N,Y,3,0,2,2,A,-,05,21460,A,N,F,A,A,A,H,-,D,D,0,,,,Y,Y,,D,22,0,1,1,0,0,0,0,0,0,"- ","- ",36.832059999999998,-121.77093000000001,MONTEREY,UNINCORPORATED,-121.77879852,36.823881849999999
6582026,2014,2016-05-09,9735,2014-08-11,1045,016696,,1,1,9,2700,0,1,2,,1,040,"RT 101","LOS COCHES RD",0.00,,Y,-,-,Y,MON,5,101,-,-,57.090,H,-,S,Y,3,0,1,2,A,-,09,21804,A,N,D,C,A,-,-,-,-,D,4,,,,,Y,,D,22,0,1,0,0,0,0,0,0,0,"- ","- ",36.365900000000003,-121.28064999999999,MONTEREY,UNINCORPORATED,-121.28031101000001,36.365835449999999
6582034,2014,2014-09-17,9735,2014-08-28,0150,019263,,4,3,9,2700,0,3,5,,2,004,"INDIAN VALLEY RD","HARE CANYON RD",15312.00,E,N,-,-,N,,,,,,,,,,Y,3,0,1,1,A,-,08,22107,,N,E,I,A,-,-,-,-,D,0,,,,,Y,,D,22,0,1,0,0,0,0,0,0,0,"- ","- ",35.942430000000002,-120.69995,MONTEREY,UNINCORPORATED,-120.66942985,35.942462540000001
6582043,2014,2016-05-09,9730,2014-08-18,1729,019770,,1,2,9,2700,0,3,5,,2,005,"HUNTER LN","RT 68",5.00,E,N,B,-,Y,MON,5,68,-,-,19.389,I,6,E,N,4,0,1,2,A,-,21,22106,,N,C,C,A,A,H,-,A,A,0,,,,,Y,,D,22,0,0,1,0,0,0,0,0,0,"- ","- ",36.647489999999998,-121.66271999999999,MONTEREY,UNINCORPORATED,-121.66303249000001,36.647339680000002
6582051,2014,2014-09-19,9730,2014-08-15,1657,020576,,5,2,9,2700,0,3,5,,2,004,"OLD STAGE RD","SPENCE RD",1056.00,S,N,A,-,N,,,,,,,,,,Y,3,0,3,3,A,-,08,22107,,F,D,C,A,A,H,-,A,D,0,,,,Y,Y,,F,21,0,3,0,0,0,0,0,0,0,"- ","- ",36.628740000000001,-121.53677999999999,MONTEREY,UNINCORPORATED,-121.53658453,36.628731930000001
6582055,2014,2014-09-16,9730,2014-08-23,0610,019239,,6,1,9,2700,0,3,5,,2,003,"RIVER RD","PARKER RD",6864.00,S,N,A,-,N,,,,,,,,,,Y,3,0,2,2,A,-,08,22107,,N,A,C,A,A,H,-,B,D,0,,,,,Y,,A,01,0,1,1,0,0,0,0,0,0,"- ","- ",,,MONTEREY,UNINCORPORATED,-121.58760873999999,36.575905830000004
6582063,2014,2014-09-16,9730,2014-08-23,0223,019806,,6,3,9,2700,0,3,5,,2,007,"PRESTON ST","GEIL ST",0.00,,Y,A,-,N,,,,,,,,,,Y,3,0,2,2,A,-,01,23152,A,N,D,C,A,A,H,-,C,A,0,,,,,Y,Y,A,01,0,1,1,0,0,0,0,0,0,"- ","- ",,,MONTEREY,UNINCORPORATED,-121.7557999,36.768070000000002
6582079,2014,2014-09-16,9730,2014-08-24,1010,018179,,7,1,9,2700,0,2,4,,1,073,"LAS LOMAS DR","HALL RD",20.00,N,N,A,-,N,,,,,,,,,,Y,4,0,1,2,A,-,01,23152,A,N,D,C,A,A,H,-,A,A,0,,,,,Y,Y,D,22,0,0,1,0,0,0,0,0,0,"- ","- ",,,MONTEREY,UNINCORPORATED,-121.73365745,36.865311869999999
6582323,2014,2016-05-02,9730,2014-07-24,1158,15638,,4,1,9,2700,0,1,3,,1,074,"RT 1","DOLAN RD",0.00,,Y,A,-,Y,MON,5,1,-,-,96.101,I,5,N,Y,3,0,1,2,A,-,09,21802,A,N,D,C,A,A,H,-,A,A,0,,,,,Y,,A,01,0,1,0,0,0,0,0,0,0,"- ","- ",36.80462,-121.78364999999999,MONTEREY,UNINCORPORATED,-121.78379808,36.804086460000001
6582327,2014,2016-05-09,9730,2014-07-24,1109,18766,,4,1,9,2700,0,1,2,,1,030,"RT 101",CHUALAR,3696.00,N,N,A,-,Y,MON,5,101,-,-,77.670,H,-,N,Y,2,0,1,1,A,-,08,22107,,N,E,I,A,A,H,-,A,D,1,,,,,Y,,A,01,1,0,0,0,0,0,0,0,0,"- ","- ",36.573889999999999,-121.52245000000001,MONTEREY,UNINCORPORATED,-121.52614251,36.576951370000003
6582331,2014,2016-05-02,9730,2014-07-20,1811,20600,,7,2,9,2700,0,1,3,,1,074,"RT 1","POTRERO RD",1056.00,S,N,B,-,Y,MON,5,1,-,-,94.990,H,-,S,N,2,0,2,2,A,-,"- ",,,N,D,C,A,A,H,-,A,D,0,,,Y,,Y,,C,02,1,1,0,0,0,0,0,0,2,"- ","- ",36.787640000000003,-121.78234,MONTEREY,UNINCORPORATED,-121.78246966,36.78818338
6582335,2014,2016-05-04,9730,2014-07-26,2105,18786,,6,2,9,2700,0,1,2,,1,030,"RT 101","GLORIA RD",2600.00,S,N,A,-,Y,MON,5,101,-,-,69.860,H,-,S,Y,3,0,1,1,A,-,08,22107,,N,E,I,A,A,H,-,D,D,1,,,,,Y,,A,01,0,1,0,0,0,0,0,0,0,"- ","- ",36.488250000000001,-121.42310999999999,MONTEREY,UNINCORPORATED,-121.43084531,36.499893020000002
6582339,2014,2016-05-09,9730,2014-07-26,2355,19700,,6,3,9,2700,0,1,2,,1,030,"RT 101","SOLEDAD PRISON RD",1056.00,N,N,A,-,Y,MON,5,101,-,-,66.600,H,-,S,Y,4,0,1,1,A,-,08,22107,,N,F,A,A,A,H,-,D,D,1,,,,,Y,,A,01,0,0,1,0,0,0,0,0,0,"- ","- ",36.45384,-121.37022,MONTEREY,UNINCORPORATED,-121.390775,36.466419279999997
6582343,2014,2016-05-02,9730,2014-07-26,1845,19981,,6,2,9,2700,0,1,3,,1,022,"RT 1","ATHERTON DR",528.00,N,N,A,-,Y,MON,5,1,-,-,37.240,H,-,S,Y,4,0,1,3,A,-,03,22350,,N,C,C,A,A,H,-,A,D,0,,,,,Y,,A,07,0,0,1,0,0,0,0,0,0,"- ","- ",,,MONTEREY,UNINCORPORATED,-121.68796322999999,36.171964090000003
6582363,2014,2014-08-18,9730,2014-07-25,2000,20600,,5,2,9,2700,0,2,4,,1,023,"CARMEL VALLEY RD","SCARLETT RD",20.00,E,N,A,-,N,,,,,,,,,,Y,4,0,4,2,A,-,03,22350,,N,C,C,A,A,H,-,B,D,0,,,,,Y,,A,08,0,0,4,0,0,0,0,0,0,"- ","- ",36.518009999999997,-121.78427000000001,MONTEREY,UNINCORPORATED,-121.79363621,36.52396632
6582388,2014,2014-08-18,9730,2014-07-21,0700,19239,,1,1,9,2700,0,3,5,,2,006,"DAVIS RD","BLANCO RD",10.00,N,N,B,-,N,,,,,,,,,,N,4,0,1,2,A,-,03,22350,,N,C,C,A,A,H,-,A,D,0,,,,,Y,,A,01,0,0,1,0,0,0,0,0,0,"- ","- ",,,MONTEREY,UNINCORPORATED,-121.68508995000001,36.66682222
6582392,2014,2014-08-18,9730,2014-07-20,1509,19239,,7,2,9,2700,0,3,5,,2,007,"ELKHORN RD","WAUGH RD",5808.00,S,N,A,-,N,,,,,,,,,,Y,3,0,2,1,A,-,08,22107,,N,E,I,A,A,H,-,A,D,0,,,,,Y,,A,01,0,2,0,0,0,0,0,0,0,"- ","- ",,,MONTEREY,UNINCORPORATED,-121.74940506,36.846796599999998
6582396,2014,2014-08-18,9730,2014-07-20,1630,18786,,7,2,9,2700,0,3,5,,2,004,"CHUALAR CANYON RD","JACKS RD",2640.00,E,N,A,-,N,,,,,,,,,,Y,3,0,1,1,A,-,01,23152,A,N,E,I,A,A,H,-,A,D,0,,,,,Y,Y,A,01,0,1,0,0,0,0,0,0,0,"- ","- ",36.591380000000001,-121.4491,MONTEREY,UNINCORPORATED,-121.44900885,36.591405309999999
6582400,2014,2014-08-18,9730,2014-07-20,0320,19127,,7,3,9,2700,0,2,4,,1,075,"SAN JUAN RD","RT 101",1056.00,W,N,A,-,N,,,,,,,,,,Y,4,0,1,1,A,-,08,22107,,N,E,I,A,A,D,-,B,D,0,,,,,Y,,A,01,0,0,1,0,0,0,0,0,0,"- ","- ",36.854810000000001,-121.63585999999999,MONTEREY,UNINCORPORATED,-121.63549288999999,36.854890449999999
6583407,2014,2015-10-01,2706,2014-07-05,0214,229,2706,6,5,4,2706,0,0,0,,0,003,"DEL MONTE AV",ENGLISH,0.00,,Y,E,-,N,,,,,,,,,,Y,3,0,1,1,A,-,01,23152,A,N,-,I,A,A,H,-,C,A,0,,,,,Y,Y,A,01,0,1,0,0,0,0,0,0,0,"- ","- ",,,MONTEREY,MONTEREY,-121.86071986,36.604820089999997
6584496,2014,2014-09-08,2706,2014-08-04,1140,939,MPD,1,5,4,2706,0,0,0,,0,001,"DEL MONTE","CAMINO AGUAJITO",20.00,W,N,A,-,N,,,,,,,,,,Y,4,0,1,2,A,-,03,22350,,N,C,C,A,A,H,-,A,D,0,,,,,Y,,A,07,0,0,1,0,0,0,0,0,0,"- ","- ",,,MONTEREY,MONTEREY,-121.88364815,36.599939999999997
6584692,2014,2014-08-22,2708,2014-06-16,1857,59034,,1,5,6,2708,0,0,0,,0,005,"E ALVIN",LINWOOD,0.00,,Y,A,-,N,,,,,,,,,,Y,3,0,2,2,A,-,09,21801,A,N,D,C,A,A,H,-,A,A,0,,,,,Y,,-,,0,1,1,0,0,0,0,0,0,"- ","- ",,,MONTEREY,SALINAS,-121.64033992,36.705910080000002
6585159,2014,2015-04-18,2707,2014-07-17,1700,1983,2707,4,5,3,2707,0,0,0,,0,002,"OCEAN VIEW BL","JEWELL AV",87.00,N,N,A,-,N,,,,,,,,,,N,4,0,1,2,A,-,03,22350,,N,C,C,A,A,H,-,A,D,0,,,,,Y,,A,01,0,0,1,0,0,0,0,0,0,"- ","- ",,,MONTEREY,"PACIFIC GROVE",-121.91750168999999,36.624732710000004
6587761,2014,2014-09-03,2705,2014-06-04,1430,22747,03,3,5,3,2705,0,0,0,,0,001,"3RD ST","ELLIS ST",14.00,N,N,A,-,N,,,,,,,,,,N,4,0,2,2,A,-,03,22350,,N,C,C,A,A,H,-,A,A,0,,,,,Y,,A,01,0,0,2,0,0,0,0,0,0,"- ","- ",,,MONTEREY,"KING CITY",-121.12775617,36.214662079999997
6588503,2014,2014-08-21,2705,2014-04-30,2058,22892,01,3,5,3,2705,0,0,0,,0,003,"BROADWAY ST","MILDRED AV",15.00,E,N,A,-,N,,,,,,,,,,N,4,0,1,2,A,-,04,21703,,N,C,C,A,A,H,-,-,A,0,,,,,Y,,A,01,0,0,1,0,0,0,0,0,0,"- ","- ",,,MONTEREY,"KING CITY",-121.13194231,36.209677659999997
6588588,2014,2014-08-27,9730,2014-07-31,1555,015160,,4,2,9,2700,0,3,5,,2,007,"CASTROVILLE BL","MANZANITA CIR",268.00,W,N,A,-,N,,,,,,,,,,Y,2,0,3,3,A,-,03,22350,,N,C,C,A,A,D,-,A,D,0,,,,,Y,,D,22,1,1,1,0,0,0,0,0,0,"- ","- ",,,MONTEREY,UNINCORPORATED,-121.68018239,36.803585390000002
6588592,2014,2016-05-09,9730,2014-08-02,1500,13024,,6,2,9,2700,0,1,2,,1,050,"RT 101","AIRPORT BL",6336.00,S,N,A,-,Y,MON,5,101,-,-,85.310,H,-,N,Y,3,0,1,2,A,-,01,23152,A,N,D,C,A,A,H,-,A,D,5,,,,Y,Y,Y,A,07,0,1,0,0,0,0,0,0,0,"- ","- ",,,MONTEREY,UNINCORPORATED,-121.62026494,36.656517659999999
6588612,2014,2014-09-10,9730,2014-08-04,0645,018179,,1,1,9,2700,0,2,4,,1,073,"SAN MIGUEL CANYON RD","CASTROVILLE BL",0.00,,Y,B,-,N,,,,,,,,,,Y,4,0,1,2,A,-,08,22107,,F,D,C,A,A,H,-,A,D,0,,,,,Y,,A,01,0,0,1,0,0,0,0,0,0,"- ","- ",,,MONTEREY,UNINCORPORATED,-121.67190992,36.808400069999998
6588624,2014,2014-08-27,9730,2014-07-30,1738,018820,,3,2,9,2700,0,3,5,,2,006,"ESPINOSA RD","CHRISTENSEN RD",2112.00,W,N,A,-,N,,,,,,,,,,N,4,0,1,2,A,-,08,22107,,N,D,D,A,A,H,-,A,D,0,,,,,Y,,D,22,0,0,1,0,0,0,0,0,0,"- ","- ",,,MONTEREY,UNINCORPORATED,-121.66509141,36.736942550000002
6588636,2014,2016-05-09,9730,2014-07-29,1400,13024,,2,2,9,2700,0,1,2,,1,030,"RT 101","MAIN ST",2640.00,S,N,A,G,Y,MON,5,101,-,-,76.470,H,-,S,Y,3,0,1,1,A,-,08,22107,,N,F,A,A,A,H,-,A,D,1,,,,,Y,,D,22,0,1,0,0,0,0,0,0,0,"- ","- ",,,MONTEREY,UNINCORPORATED,-121.51244989,36.56344636
6588657,2014,2014-09-10,9730,2014-08-06,1645,018820,,3,2,9,2700,0,2,4,,1,073,"SAN MIGUEL CANYON RD","NORTHWOOD PL",230.00,S,N,B,-,N,,,,,,,,,,N,4,0,2,2,A,-,03,22350,,N,C,C,A,A,H,-,A,D,0,,,,,Y,,D,22,0,0,2,0,0,0,0,0,0,"- ","- ",36.81183,-121.67350999999999,MONTEREY,UNINCORPORATED,-121.67365597,36.812049180000002
6588673,2014,2016-05-03,9730,2014-07-28,1230,14584,,1,1,9,2700,0,1,3,,1,072,"RT 156","PRUNEDALE NORTH RD",0.00,E,N,A,-,Y,MON,5,156,-,T,5.150,H,-,W,Y,4,0,1,5,A,-,03,22350,,N,C,C,A,A,H,-,A,A,0,,,,,Y,,A,01,0,0,1,0,0,0,0,0,0,"- ","- ",,,MONTEREY,UNINCORPORATED,-121.66879652,36.789161919999998
6588721,2014,2016-05-03,9730,2014-08-06,1750,017785,,3,2,9,2700,0,1,3,,1,066,"RT 183","ESPINOSA RD",0.00,,Y,A,-,Y,MON,5,183,-,R,7.651,I,5,N,Y,3,0,4,2,A,-,09,21802,A,N,D,C,A,A,H,-,A,A,0,,,,,Y,,A,01,0,1,3,0,0,0,0,0,0,"- ","- ",36.745849999999997,-121.74051,MONTEREY,UNINCORPORATED,-121.74027044,36.74497538
6588725,2014,2016-05-09,9730,2014-08-05,1720,017785,,2,2,9,2700,0,1,3,,1,068,"RT 68","PASADERA DR",3696.00,W,N,A,-,Y,MON,5,68,-,-,9.280,H,-,W,N,4,0,1,2,A,-,03,22350,,N,C,C,A,A,H,-,A,D,0,,,,,Y,,A,08,0,0,1,0,0,0,0,0,0,"- ","- ",36.569569999999999,-121.78662,MONTEREY,UNINCORPORATED,-121.78892235000001,36.570148320000001
6588766,2014,2014-09-11,9730,2014-08-04,1730,019635,,1,2,9,2700,0,3,5,,2,007,"TRAFTON RD","SALINAS RD",4752.00,W,N,A,-,N,,,,,,,,,,N,3,0,2,1,A,-,08,22107,,N,E,I,A,A,H,-,A,D,0,,,,,Y,,A,01,0,1,1,0,0,0,0,0,0,"- ","- ",36.882510000000003,-121.76403999999999,MONTEREY,UNINCORPORATED,-121.76257397000001,36.882775350000003
6588801,2014,2016-05-02,9730,2014-07-28,1310,019837,,1,1,9,2700,0,1,3,,1,074,"RT 1","JENSEN RD",40.00,S,N,A,-,Y,MON,5,1,-,-,99.910,H,-,S,N,4,0,1,2,A,-,03,22350,,N,C,C,A,A,H,-,A,D,0,,,,,Y,,A,01,0,0,1,0,0,0,0,0,0,"- ","- ",,,MONTEREY,UNINCORPORATED,-121.77111873,36.853679870000001
6588857,2014,2016-05-09,9730,2014-07-31,1725,020057,,4,2,9,2700,0,1,2,,1,030,"RT 101","5TH ST",450.00,,N,A,-,Y,MON,5,101,-,-,70.940,H,-,S,Y,4,0,1,1,C,-,18,,,N,E,J,A,A,B,-,A,D,1,,,,,Y,,-,"- ",0,0,1,0,0,0,0,0,0,"- ","- ",36.514519999999997,-121.43841,MONTEREY,UNINCORPORATED,-121.43839034,36.514430040000001
6588861,2014,2014-09-02,9730,2014-07-31,1535,14584,,4,2,9,2700,0,2,4,,2,063,"BLANCO RD","DAVIS RD",3168.00,W,N,A,-,N,,,,,,,,,,Y,3,0,1,1,A,-,03,22350,,N,F,A,A,A,H,-,A,D,0,,,Y,,Y,,C,02,0,1,0,0,0,0,0,0,1,"- ","- ",,,MONTEREY,UNINCORPORATED,-121.69400944,36.671726990000003
6588865,2014,2014-09-02,9730,2014-07-21,0210,020391,,1,3,9,2700,0,3,5,,2,006,"DAVIS RD","LEMOS AV",650.00,N,N,A,-,N,,,,,,,,,,Y,3,0,1,2,A,-,03,22350,,N,C,C,A,A,H,-,C,D,0,,,,,Y,,A,01,0,1,0,0,0,0,0,0,0,"- ","- ",36.675199999999997,-121.67788,MONTEREY,UNINCORPORATED,-121.67736875,36.675828539999998
6590102,2014,2014-09-05,9735,2014-07-24,1910,019330,,4,2,9,2700,0,3,5,,2,001,"PINE AV","13TH ST",0.00,,Y,-,-,N,,,,,,,,,,Y,4,0,1,2,A,-,09,21802,A,N,D,C,A,A,H,-,A,D,0,,,,Y,Y,,A,01,0,0,1,0,0,0,0,0,0,"- ","- ",36.324829999999999,-121.26791,MONTEREY,UNINCORPORATED,-121.91594994,36.618040069999999
6591230,2014,2014-08-19,2708,2014-07-02,0516,93614,,3,5,6,2708,0,0,0,,0,011,"RIDER AV","DEL MONTE AV",0.00,,Y,A,-,N,,,,,,,,,,N,3,0,2,2,A,-,03,22350,,F,C,C,A,A,H,-,C,D,0,,,,,Y,,A,01,0,1,1,0,0,0,0,0,0,"- ","- ",,,MONTEREY,SALINAS,-121.61349998999999,36.691750059999997
6591231,2014,2014-08-19,2708,2014-07-02,1805,54370,,3,5,6,2708,0,0,0,,0,012,"EAST LAUREL DR","1ST AV",0.00,,Y,A,-,N,,,,,,,,,,N,4,0,3,2,A,-,09,21802,,N,D,C,A,A,H,-,A,D,0,,,,,Y,,-,,0,0,3,0,0,0,0,0,0,"- ","- ",,,MONTEREY,SALINAS,-121.61554993,36.676760020000003
6591232,2014,2014-08-19,2708,2014-07-03,2129,97158,,4,5,6,2708,0,0,0,,0,011,"WILLIAMS RD","WIREN ST",0.00,,Y,A,-,N,,,,,,,,,,N,4,0,1,2,A,-,11,21954,A,N,G,B,D,A,H,-,C,D,0,Y,,,,Y,,N,60,0,0,1,0,1,0,0,0,0,"- ","- ",,,MONTEREY,SALINAS,-121.60512995000001,36.68074008
6591233,2014,2014-08-18,2708,2014-07-04,2000,31977,,5,5,6,2708,0,0,0,,0,002,"W ALVIN DR","CHEROKEE DR",100.00,W,N,A,-,N,,,,,,,,,,Y,3,0,1,1,A,-,08,22107,,N,E,J,A,A,H,-,B,D,0,,,,,Y,,-,,0,1,0,0,0,0,0,0,0,"- ","- ",,,MONTEREY,SALINAS,-121.66019,36.707639999999998
6591234,2014,2014-08-18,2708,2014-07-06,0609,49532,SALIN,7,5,6,2708,0,0,0,,0,004,"EAST LAUREL DR","NATIVIDAD RD",400.00,E,N,B,-,N,,,,,,,,,,Y,3,0,2,1,A,-,01,23152,A,N,E,I,A,A,H,-,A,A,0,,,,,Y,Y,-,,0,2,0,0,0,0,0,0,0,"- ","- ",,,MONTEREY,SALINAS,-121.63698595,36.696006300000001
6591235,2014,2014-08-19,2708,2014-07-06,1409,15963,,7,5,6,2708,0,0,0,,0,011,GARNER,"SIEBER ST",45.00,W,N,A,-,N,,,,,,,,,,Y,3,0,5,3,A,-,01,23152,A,F,A,C,A,A,H,-,A,A,0,,,,,Y,Y,-,,0,4,1,0,0,0,0,0,0,"- ","- ",,,MONTEREY,SALINAS,-121.61564876,36.686840859999997
6591236,2014,2015-10-01,2708,2014-07-06,1944,08067,,7,5,6,2708,0,0,0,,0,010,"E ALISAL ST","N HEBBRON AV",136.00,W,N,A,-,N,,,,,,,,,,Y,2,0,2,2,A,-,08,22107,,N,C,C,A,A,H,-,A,A,0,,,,,Y,Y,-,,1,0,1,0,0,0,0,0,0,"- ","- ",,,MONTEREY,SALINAS,-121.63271073,36.67342309
6591237,2014,2014-08-19,2708,2014-07-08,1232,66372,,2,5,6,2708,0,0,0,,0,,PAQJARO,CHESTNUT,0.00,,Y,A,-,N,,,,,,,,,,Y,4,0,1,2,A,-,09,21802,A,N,D,C,A,A,H,-,A,A,0,,,,,Y,,-,,0,0,1,0,0,0,0,0,0,"- ","- ",,,MONTEREY,SALINAS,-121.653432,36.667043999999997
6591238,2014,2014-09-22,2708,2014-07-27,1743,76956,,7,5,6,2708,0,0,0,,0,006,"ROSSI ST","DAVIS DR",0.00,,Y,A,-,N,,,,,,,,,,Y,4,0,2,2,A,-,12,21453,A,N,D,C,A,A,H,-,A,A,0,,,,,Y,,-,"- ",0,0,2,0,0,0,0,0,0,"- ","- ",,,MONTEREY,SALINAS,-121.67192991,36.68842008
6591239,2014,2015-12-03,2708,2014-07-29,1348,52823,,2,5,6,2708,0,0,0,,0,,"S WOOD","SAN BENITO ST",0.00,,Y,A,-,N,,,,,,,,,,N,4,0,2,2,A,-,09,21801,A,N,A,C,A,A,H,-,A,D,0,,,,,Y,,-,,0,0,2,0,0,0,0,0,0,"- ","- ",,,MONTEREY,SALINAS,-121.63554994,36.672860059999998
6591240,2014,2014-08-19,2708,2014-07-31,1640,31110,,4,5,6,2708,0,0,0,,0,,"EAST MARKET ST","NORTH MADEIRA AV",0.00,,Y,A,-,N,,,,,,,,,,Y,3,0,1,2,A,-,09,21801,A,N,A,C,A,A,-,-,A,A,0,,,,,Y,,-,,0,1,0,0,0,0,0,0,0,"- ","- ",,,MONTEREY,SALINAS,-121.63797984999999,36.677180069999999
6592161,2014,2015-10-01,2708,2014-07-18,0018,07903,EAST,5,5,6,2708,0,0,0,,0,011,"LAS CASITAS DR","RANCHERO DR",200.00,E,N,A,-,N,,,,,,,,,,Y,3,0,1,2,A,-,08,22107,,F,A,I,A,A,H,-,C,D,0,,,,,Y,,-,,0,1,0,0,0,0,0,0,0,"- ","- ",,,MONTEREY,SALINAS,-121.61373895,36.695665900000002
6592165,2014,2014-08-29,2708,2014-07-16,2134,25182,,3,5,6,2708,0,0,0,,0,008,"NORTH MAIN ST","WEST MARKET ST",0.00,,Y,A,-,N,,,,,,,,,,N,3,0,1,2,A,-,09,21803,A,N,G,G,A,A,H,-,A,A,0,,Y,,,Y,,-,,0,1,0,0,0,0,1,0,0,"- ","- ",,,MONTEREY,SALINAS,-121.65593990000001,36.677610010000002