CASE_ID,ACCIDENT_YEAR,PROC_DATE,JURIS,COLLISION_DATE,COLLISION_TIME,OFFICER_ID,REPORTING_DISTRICT,DAY_OF_WEEK,CHP_SHIFT,POPULATION,CNTY_CITY_LOC,SPECIAL_COND,BEAT_TYPE,CHP_BEAT_TYPE,CITY_DIVISION_LAPD,CHP_BEAT_CLASS,BEAT_NUMBER,PRIMARY_RD,SECONDARY_RD,DISTANCE,DIRECTION,INTERSECTION,WEATHER_1,WEATHER_2,STATE_HWY_IND,CALTRANS_COUNTY,CALTRANS_DISTRICT,STATE_ROUTE,ROUTE_SUFFIX,POSTMILE_PREFIX,POSTMILE,LOCATION_TYPE,RAMP_INTERSECTION,SIDE_OF_HWY,TOW_AWAY,COLLISION_SEVERITY,NUMBER_KILLED,NUMBER_INJURED,PARTY_COUNT,PRIMARY_COLL_FACTOR,PCF_CODE_OF_VIOL,PCF_VIOL_CATEGORY,PCF_VIOLATION,PCF_VIOL_SUBSECTION,HIT_AND_RUN,TYPE_OF_COLLISION,MVIW,PED_ACTION,ROAD_SURFACE,ROAD_COND_1,ROAD_COND_2,LIGHTING,CONTROL_DEVICE,CHP_ROAD_TYPE,PEDESTRIAN_ACCIDENT,BICYCLE_ACCIDENT,MOTORCYCLE_ACCIDENT,TRUCK_ACCIDENT,NOT_PRIVATE_PROPERTY,ALCOHOL_INVOLVED,STWD_VEHTYPE_AT_FAULT,CHP_VEHTYPE_AT_FAULT,COUNT_SEVERE_INJ,COUNT_VISIBLE_INJ,COUNT_COMPLAINT_PAIN,COUNT_PED_KILLED,COUNT_PED_INJURED,COUNT_BICYCLIST_KILLED,COUNT_BICYCLIST_INJURED,COUNT_MC_KILLED,COUNT_MC_INJURED,PRIMARY_RAMP,SECONDARY_RAMP,LATITUDE,LONGITUDE,COUNTY,CITY,POINT_X,POINT_Y
6644939,2014,2016-05-02,9730,2014-09-05,1806,019981,,5,2,3,2712,0,1,3,,2,062,"RT 1","IMJIN PKWY",528.00,S,N,A,-,Y,MON,5,1,-,R,82.790,H,-,S,Y,3,0,1,1,A,-,08,22107,,N,E,I,A,A,H,-,A,D,1,,,,,Y,,A,01,0,1,0,0,0,0,0,0,0,"- ","- ",,,MONTEREY,MARINA,-121.81659619,36.64632065
6644987,2014,2014-10-07,2710,2014-08-05,1853,38145,,2,5,4,2710,0,0,0,,0,002,"FREMONT BL","SAN PABLO AV",96.00,N,N,A,-,N,,,,,,,,,,N,4,0,1,2,A,-,08,22107,,N,B,C,A,A,H,-,A,D,0,,,,,Y,,-,,0,0,1,0,0,0,0,0,0,"- ","- ",,,MONTEREY,SEASIDE,-121.84258882,36.615164989999997
6644991,2014,2014-10-07,2710,2014-08-19,1616,38390,SEASI,2,5,4,2710,0,0,0,,0,02A,"DEL MONTE BL","LIGHTPOST 4301",6.00,N,N,A,-,N,,,,,,,,,,N,3,0,1,1,A,-,03,22350,,N,E,I,A,A,H,-,A,D,0,,,,,Y,,-,,0,1,0,0,0,0,0,0,0,"- ","- ",,,MONTEREY,SEASIDE,,
6645005,2014,2016-05-02,9730,2014-08-27,0730,18350,,3,1,4,2710,0,1,3,,2,062,"RT 1","FREMONT BL",3168.00,N,N,A,-,Y,MON,5,1,-,R,81.350,H,-,S,Y,2,0,2,4,A,-,08,22107,,N,C,C,A,A,H,-,A,D,1,,,Y,,Y,,C,02,1,1,0,0,0,0,0,0,2,"- ","- ",36.635260000000002,-121.8318,MONTEREY,SEASIDE,-121.83425201,36.6327262
6646496,2014,2014-11-07,2708,2014-09-16,1505,,,2,5,6,2708,0,0,0,,0,,"SHERWOOD DR","CALLE CEBU",200.00,S,N,A,-,N,,,,,,,,,,N,4,0,1,3,A,-,03,22350,,N,C,C,A,A,H,-,A,A,0,,,,,Y,,D,22,0,0,1,0,0,0,0,0,0,"- ","- ",,,MONTEREY,SALINAS,-121.65024981000001,36.679659139999998
6646508,2014,2016-05-09,9730,2014-09-12,0523,020233,,5,3,9,2700,0,1,2,,1,030,"RT 101","RT 146",830.00,N,N,E,-,Y,MON,5,101,-,-,61.740,H,-,N,Y,3,0,1,2,A,-,03,22350,,N,B,C,A,A,H,-,D,D,1,,,,Y,Y,,A,01,0,1,0,0,0,0,0,0,0,"- ","- ",36.421340000000001,-121.32529,MONTEREY,UNINCORPORATED,-121.32533466,36.421438729999998
6646512,2014,2016-05-09,9730,2014-09-12,0520,020333,,5,3,9,2700,0,1,2,,1,030,"RT 101","RT 146",1056.00,N,N,E,-,Y,MON,5,101,-,-,61.780,H,-,S,Y,4,0,2,1,A,-,08,22107,,N,E,I,A,A,H,-,D,D,1,,,,Y,Y,,G,25,0,0,2,0,0,0,0,0,0,"- ","- ",36.421340000000001,-121.32529,MONTEREY,UNINCORPORATED,-121.32590642,36.42171304
6646519,2014,2014-10-16,9730,2014-09-14,1628,20057,,7,2,9,2700,0,3,5,,2,005,"RUSSELL RD","NORTH MAIN ST",1320.00,E,N,A,-,N,,,,,,,,,,Y,4,0,1,2,A,-,08,22100,B,N,D,C,A,A,H,-,A,D,0,,,,,Y,,D,22,0,0,1,0,0,0,0,0,0,"- ","- ",36.733150000000002,-121.65168,MONTEREY,UNINCORPORATED,-121.65245183,36.733035260000001
6646528,2014,2014-10-28,9730,2014-09-16,1905,017785,,2,2,9,2700,0,3,5,,2,004,"ALISAL RD","HARTNELL RD",2112.00,N,N,A,-,N,,,,,,,,,,Y,3,0,3,2,A,-,03,22350,,N,C,C,A,A,H,-,A,D,0,,,,Y,Y,,D,22,0,2,1,0,0,0,0,0,0,"- ","- ",36.652250000000002,-121.58286,MONTEREY,UNINCORPORATED,-121.58096448000001,36.650095950000001
6646531,2014,2016-05-09,9730,2014-09-12,0515,20621,,5,3,3,2711,0,1,2,,1,030,"RT 101","RT 146",1056.00,N,N,B,-,Y,MON,5,101,-,-,61.780,H,-,N,Y,4,0,1,1,A,-,03,22350,,N,E,I,A,A,H,-,D,D,1,,,,,Y,,D,22,0,0,1,0,0,0,0,0,0,"- ","- ",36.421959999999999,-121.32593,MONTEREY,SOLEDAD,-121.32576211999999,36.421913230000001
6646536,2014,2016-05-09,9730,2014-09-20,1154,18966,,6,1,9,2700,0,1,2,,1,070,"RT 101","RT 156",100.00,N,N,A,-,Y,MON,5,101,-,-,95.630,H,-,S,N,4,0,3,2,A,-,03,22350,,N,C,C,A,A,H,-,A,D,5,,,,Y,Y,,G,27,0,0,3,0,0,0,0,0,0,"- ","- ",36.79419,-121.66670999999999,MONTEREY,UNINCORPORATED,-121.66706385000001,36.792417350000001
6646540,2014,2014-10-16,9730,2014-09-20,0650,20417,,6,1,9,2700,0,3,5,,2,007,"STRUVE RD","GIBERSON RD",240.00,S,N,B,-,N,,,,,,,,,,N,4,0,1,2,A,-,03,22350,,N,B,C,A,B,E,-,B,D,0,,,,,Y,,A,01,0,0,1,0,0,0,0,0,0,"- ","- ",36.826369999999997,-121.78001,MONTEREY,UNINCORPORATED,-121.77998316,36.826350679999997
6646552,2014,2014-11-14,9730,2014-09-23,2100,017785,,2,2,9,2700,0,2,4,,1,075,"SAN JUAN RD","DUNBARTON RD",0.00,,Y,F,-,N,,,,,,,,,,Y,3,0,2,2,A,-,09,21802,A,N,D,C,A,B,H,-,C,A,0,,,,Y,Y,,G,27,0,2,0,0,0,0,0,0,0,"- ","- ",36.855029999999999,-121.63969,MONTEREY,UNINCORPORATED,-121.63917993,36.854740049999997
6646893,2014,2016-05-09,9730,2014-09-23,2038,18820,,2,2,9,2700,0,1,2,,1,070,"RT 101","PRUNEDALE SOUTH RD",125.00,N,N,B,C,Y,MON,5,101,-,-,95.340,H,-,S,Y,3,0,1,1,A,-,01,23152,A,N,E,I,A,B,H,-,C,D,5,,,,,Y,Y,D,22,0,1,0,0,0,0,0,0,0,"- ","- ",36.788710000000002,-121.66795999999999,MONTEREY,UNINCORPORATED,-121.66796923,36.788056060000002
6646905,2014,2016-05-04,9730,2014-09-24,0545,13024,,3,3,9,2700,0,1,2,,1,030,"RT 101","FRONT ST",1056.00,N,N,A,-,Y,MON,5,101,-,-,62.960,H,-,N,Y,3,0,1,4,A,-,03,22350,,N,C,C,A,A,H,-,D,D,1,,,,,Y,,A,07,0,1,0,0,0,0,0,0,0,"- ","- ",,,MONTEREY,UNINCORPORATED,-121.33933531,36.434779659999997
6646909,2014,2016-05-02,9730,2014-09-20,2210,020057,,6,3,9,2700,0,1,3,,1,022,"RT 1","AURORA DEL MAR",1848.00,S,N,B,-,Y,MON,5,1,-,-,67.450,H,-,S,Y,3,0,1,3,A,-,05,21460,A,F,A,C,A,A,H,-,D,D,0,,,,,Y,,A,01,0,1,0,0,0,0,0,0,0,"- ","- ",36.477870000000003,-121.93622999999999,MONTEREY,UNINCORPORATED,-121.9357811,36.475179699999998
6646921,2014,2014-10-15,9730,2014-09-25,0840,13024,,4,1,9,2700,0,2,4,,1,023,"CARMEL VALLEY RD","VILLAGE DR",200.00,W,N,C,-,N,,,,,,,,,,Y,4,0,1,2,A,-,09,21804,A,N,D,C,A,B,H,-,A,D,0,,,,,Y,,A,01,0,0,1,0,0,0,0,0,0,"- ","- ",,,MONTEREY,UNINCORPORATED,-121.73344677,36.479974630000001
6647203,2014,2014-10-20,9730,2014-09-17,1355,015638,,3,1,9,2700,0,3,5,,2,007,"SALINAS RD","ELKHORN RD",20.00,S,N,A,-,N,,,,,,,,,,N,4,0,2,2,A,-,03,22350,,N,C,C,A,A,B,D,A,D,0,,,,,Y,,A,01,0,0,2,0,0,0,0,0,0,"- ","- ",36.881790000000002,-121.7496,MONTEREY,UNINCORPORATED,-121.74688922999999,36.882995559999998
6647204,2014,2016-05-03,9730,2014-09-15,1540,018886,,1,2,9,2700,0,1,3,,1,066,"RT 183","SPEEGLE ST",100.00,S,N,A,-,Y,MON,5,183,-,-,9.510,H,-,S,N,4,0,1,2,A,-,21,22106,,N,B,C,A,A,H,-,A,D,0,,,,,Y,,A,01,0,0,1,0,0,0,0,0,0,"- ","- ",,,MONTEREY,UNINCORPORATED,-121.75900796000001,36.766430489999998
6647208,2014,2014-10-20,9730,2014-09-12,0630,017502,,5,1,9,2700,0,2,4,,2,063,"BLANCO RD","RESEARCH DR",800.00,E,N,B,-,N,,,,,,,,,,Y,4,0,1,2,A,-,07,21658,A,N,B,C,A,A,H,-,A,D,0,,,,,Y,,A,01,0,0,1,0,0,0,0,0,0,"- ","- ",36.671019999999999,-121.75382,MONTEREY,UNINCORPORATED,-121.75359195999999,36.671137389999998
6647235,2014,2014-10-20,9730,2014-09-12,0555,018179,,5,3,9,2700,0,2,4,,1,073,"SAN MIGUEL CANYON RD","CASTROVILLE BL",0.00,,Y,B,-,N,,,,,,,,,,Y,4,0,1,2,A,-,08,22107,,N,D,C,A,A,H,-,E,D,0,,,,,Y,,A,01,0,0,1,0,0,0,0,0,0,"- ","- ",,,MONTEREY,UNINCORPORATED,-121.67190992,36.808400069999998
6647239,2014,2016-05-02,9730,2014-09-19,0200,020065,,5,3,4,2706,0,1,3,,2,062,"RT 1","AGUAJITO RD",424.00,S,N,A,-,Y,MON,5,1,-,R,78.244,R,2,N,Y,3,0,1,1,A,-,01,23152,A,N,E,I,A,A,H,-,C,D,1,,,,,Y,Y,A,01,0,1,0,0,0,0,0,0,0,"- ","- ",36.59281,-121.88120000000001,MONTEREY,MONTEREY,-121.86676869999999,36.596200060000001
6647243,2014,2014-10-20,9730,2014-09-14,1347,018966,,7,1,9,2700,0,3,5,,2,003,"NACIONAL AV","3RD ST",40.00,N,N,A,-,N,,,,,,,,,,Y,4,0,1,2,A,-,01,23152,E,N,E,I,A,A,H,-,A,D,0,,,,,Y,,A,01,0,0,1,0,0,0,0,0,0,"- ","- ",36.62576,-121.64843999999999,MONTEREY,UNINCORPORATED,-121.64944128,36.626269180000001
6647247,2014,2016-05-09,9730,2014-09-19,2125,020391,,5,2,6,2708,0,1,2,,1,050,"RT 101","NORTH MAIN ST",75.00,S,N,A,-,Y,MON,5,101,-,-,87.920,R,2,S,Y,3,0,1,1,C,-,18,,,N,E,I,A,A,H,-,D,D,1,,,,,Y,,-,"- ",0,1,0,0,0,0,0,0,0,"- ","- ",36.686529999999998,-122.65273000000001,MONTEREY,SALINAS,-121.64773288000001,36.68434809
6647251,2014,2014-10-20,9730,2014-09-19,1445,020598,,5,2,9,2700,0,3,5,,2,007,"MAHER RD","LITTLE HILL LN",300.00,N,N,A,-,N,,,,,,,,,,Y,2,0,1,1,A,-,08,22107,,N,E,I,A,A,H,-,A,D,0,,,,,Y,,A,01,1,0,0,0,0,0,0,0,0,"- ","- ",36.854700000000001,-121.68138,MONTEREY,UNINCORPORATED,-121.68134374,36.854490259999999
6647255,2014,2014-10-20,9730,2014-09-17,1822,019934,,3,2,9,2700,0,3,5,,2,002,"VIEJO RD","SOLEDAD DR",2112.00,S,N,A,-,N,,,,,,,,,,Y,3,0,1,1,A,-,03,22350,,N,E,I,A,A,H,-,A,D,0,,,,,Y,,A,01,0,1,0,0,0,0,0,0,0,"- ","- ",,,MONTEREY,UNINCORPORATED,-121.90547119999999,36.578861619999998
6647259,2014,2014-10-20,9730,2014-09-23,1748,019934,,2,2,9,2700,0,3,5,,2,007,"CASTROVILLE BL","PARADISE RD",87.00,E,N,A,-,N,,,,,,,,,,Y,4,0,1,1,A,-,01,23152,A,N,E,I,A,A,H,-,A,D,0,,,,,Y,Y,A,01,0,0,1,0,0,0,0,0,0,"- ","- ",36.799630000000001,-121.69793,MONTEREY,UNINCORPORATED,-121.69827904,36.799329839999999
6647263,2014,2014-10-20,9730,2014-09-23,0750,015638,,2,1,9,2700,0,3,5,,2,007,"GEIL ST","PAJARO ST",0.00,,Y,A,-,N,,,,,,,,,,N,4,0,1,2,A,-,09,21802,A,N,D,C,A,A,H,-,A,A,0,,,,,Y,,A,01,0,0,1,0,0,0,0,0,0,"- ","- ",,,MONTEREY,UNINCORPORATED,-121.75126994,36.764740060000001
6647267,2014,2014-10-20,9730,2014-09-23,1555,14584,,2,2,9,2700,0,2,4,,1,075,"SAN JUAN RD","MURPHY RD",275.00,E,N,A,-,N,,,,,,,,,,Y,3,0,1,1,A,-,01,23152,A,N,E,C,A,A,H,-,A,D,0,,,,,Y,Y,A,01,0,1,0,0,0,0,0,0,0,"- ","- ",,,MONTEREY,UNINCORPORATED,-121.67541081,36.895881369999998
6647271,2014,2016-05-02,9730,2014-09-23,0755,18350,,2,1,4,2706,0,1,3,,2,062,"RT 1","DEL MONTE BL",50.00,S,N,A,-,Y,MON,5,1,-,R,78.880,H,-,S,Y,4,0,1,2,A,-,03,22350,,N,C,C,A,A,H,-,A,D,1,,,,,Y,,A,01,0,0,1,0,0,0,0,0,0,"- ","- ",36.60425,-121.86125,MONTEREY,MONTEREY,-121.86128377,36.604239219999997
6647275,2014,2016-05-09,9730,2014-09-24,1455,14584,,3,2,9,2700,0,1,3,,1,068,"RT 68","YORK RD",528.00,E,N,A,-,Y,MON,5,68,-,-,8.250,H,-,W,N,4,0,1,2,A,-,03,22350,,N,C,C,A,A,H,-,A,A,0,,,,,Y,,A,01,0,0,1,0,0,0,0,0,0,"- ","- ",,,MONTEREY,UNINCORPORATED,-121.80660450000001,36.57115864
6647279,2014,2014-10-20,9730,2014-09-25,1815,018820,,4,2,9,2700,0,2,4,,2,063,"NORTH DAVIS RD","AMBROSE DR",62.00,N,N,A,-,N,,,,,,,,,,N,3,0,1,2,A,-,03,22350,,N,C,C,A,A,H,-,A,D,0,,,,,Y,,A,01,0,1,0,0,0,0,0,0,0,"- ","- ",36.669420000000002,-121.68279,MONTEREY,UNINCORPORATED,-121.68289081,36.66939069
6647947,2014,2015-11-30,2706,2014-09-24,1434,229,2706,3,5,4,2706,0,0,0,,0,001,"LIGHTHOUSE AV","DRAKE AV",24.00,N,N,A,-,N,,,,,,,,,,N,4,0,1,2,A,-,03,22350,,N,C,C,A,A,H,-,B,A,0,,,,,Y,,D,22,0,0,1,0,0,0,0,0,0,"- ","- ",,,MONTEREY,MONTEREY,-121.89998549000001,36.611504799999999
6649203,2014,2016-05-02,9735,2014-09-16,0445,019965,,2,3,9,2700,0,1,2,,1,040,"RT 101","ARROYO SECO RD",2112.00,S,N,-,-,Y,MON,5,101,-,-,60.000,H,-,S,Y,3,0,1,1,A,-,08,22107,,N,F,A,A,-,-,-,-,D,4,,,,,Y,,A,01,0,1,0,0,0,0,0,0,0,"- ","- ",36.397820000000003,-121.31259,MONTEREY,UNINCORPORATED,-121.31310395,36.39811709
6649271,2014,2014-10-15,9735,2014-09-23,1125,016696,,2,1,9,2700,0,3,5,,2,001,"FORT ROMIE RD","RIVER RD",1584.00,S,N,A,-,N,,,,,,,,,,Y,3,0,2,1,A,-,08,22107,,N,F,I,A,A,H,-,A,D,0,,,,,Y,,A,07,0,2,0,0,0,0,0,0,0,"- ","- ",36.411969999999997,-121.39081,MONTEREY,UNINCORPORATED,-121.38672063999999,36.411229710000001
6653592,2014,2016-01-15,9735,2014-09-30,0630,016696,,2,1,9,2700,0,3,5,,2,001,"CENTRAL AV","RT 101",2640.00,W,N,-,-,N,,,,,,,,,,Y,4,0,1,2,A,-,05,21650,,N,B,C,A,A,H,-,A,D,0,,,,Y,Y,,G,25,0,0,1,0,0,0,0,0,0,"- ","- ",36.235469999999999,-121.17901000000001,MONTEREY,UNINCORPORATED,-121.18140548,36.237488829999997
6657629,2014,2014-12-16,2706,2014-10-04,1855,107,,6,5,4,2706,0,0,0,,0,001,"FRANKLIN ST","WATSON ST",20.00,W,N,A,-,N,,,,,,,,,,Y,4,0,4,2,A,-,09,21802,A,N,D,C,A,A,H,-,A,A,0,,,,,Y,,A,01,0,0,4,0,0,0,0,0,0,"- ","- ",,,MONTEREY,MONTEREY,-121.89984545999999,36.601165279999996
6658336,2014,2014-12-19,2706,2014-10-10,2223,107,,5,5,4,2706,0,0,0,,0,002,"MADISON ST","VAN BUREN CIR",0.00,,Y,A,-,N,,,,,,,,,,Y,4,0,3,2,A,-,01,23153,A,N,-,C,A,A,H,-,C,A,0,,,,,Y,Y,A,07,0,0,3,0,0,0,0,0,0,"- ","- ",,,MONTEREY,MONTEREY,-121.89868989999999,36.597150040000002
6658722,2014,2014-10-28,2709,2014-09-16,1800,512,2709,2,5,1,2709,0,0,0,,0,ALL,"CALIFORNIA AV","PLAYA AV",0.00,,Y,A,-,N,,,,,,,,,,N,4,0,1,2,B,-,22,,,N,G,B,C,A,H,-,A,A,0,Y,,,,Y,,N,60,0,0,1,0,1,0,0,0,0,"- ","- ",,,MONTEREY,"SAND CITY",-121.84341999999999,36.618930089999999
6658965,2014,2014-12-26,9735,2014-10-02,2025,18069,,4,2,9,2700,0,3,5,,2,001,"LOS COCHES RD","THORNE RD",13728.00,N,N,A,-,N,,,,,,,,,,Y,3,0,2,1,A,-,08,22107,,N,E,I,A,A,H,-,C,D,0,,,,,Y,,-,"- ",0,1,1,0,0,0,0,0,0,"- ","- ",36.356659999999998,-121.30183,MONTEREY,UNINCORPORATED,-121.30410825,36.356718180000001
6659099,2014,2014-10-24,2706,2014-09-24,1941,103,,3,5,4,2706,0,0,0,,0,,FRANKLIN,"PACIFIC ST",0.00,,Y,B,-,N,,,,,,,,,,Y,4,0,1,2,A,-,12,21453,A,N,D,C,A,A,H,-,C,A,0,,,,,Y,,A,01,0,0,1,0,0,0,0,0,0,"- ","- ",,,MONTEREY,MONTEREY,-121.89580997,36.60019011
6659103,2014,2014-10-24,2706,2014-09-29,1409,201,2706,1,5,4,2706,0,0,0,,0,003,"N FREMONT","CASANOVA AV",40.00,W,N,A,-,N,,,,,,,,,,Y,3,0,2,2,A,-,03,22350,,N,C,C,A,A,H,-,A,A,0,,,,,Y,,A,01,0,1,1,0,0,0,0,0,0,"- ","- ",,,MONTEREY,MONTEREY,-121.85336402,36.597650000000002
6659107,2014,2014-10-24,2706,2014-09-28,2215,590,MONTE,7,5,4,2706,0,0,0,,0,002,LIGHTHOUSE,"DEL MONTE",29.00,N,N,A,-,N,,,,,,,,,,N,4,0,1,2,A,-,01,23153,B,N,C,C,A,A,H,-,C,A,0,,,,,Y,Y,A,07,0,0,1,0,0,0,0,0,0,"- ","- ",,,MONTEREY,MONTEREY,-121.8923925,36.600727499999998
6659295,2014,2016-01-15,2711,2014-09-16,0758,5617,2711,2,5,3,2711,0,0,0,,0,001,GRANADA,"GABILAN DR",12.00,W,N,A,-,N,,,,,,,,,,N,4,0,1,2,C,-,18,,,N,G,B,B,A,H,-,A,A,0,Y,,,,Y,,-,"- ",0,0,1,0,1,0,0,0,0,"- ","- ",,,MONTEREY,SOLEDAD,-121.32012,36.435169999999999
6659299,2014,2014-11-12,2711,2014-09-18,1842,8972,SLPD,4,5,3,2711,0,0,0,,0,001,"MARKET ST","KIDDER ST",0.00,,Y,A,-,N,,,,,,,,,,Y,3,0,1,2,A,-,12,22450,A,N,D,C,A,A,H,-,A,A,0,,,,,Y,Y,A,01,0,1,0,0,0,0,0,0,0,"- ","- ",,,MONTEREY,SOLEDAD,-121.32514998000001,36.427610049999998
6659358,2014,2014-10-15,9730,2014-08-30,2355,020233,,6,3,9,2700,0,3,5,,2,005,"CRAZY HORSE CANYON RD","SAN JUAN GRADE RD",125.00,E,N,B,-,N,,,,,,,,,,Y,3,0,1,1,A,-,08,22107,,N,E,I,A,A,H,-,D,A,0,,,,,Y,,A,01,0,1,0,0,0,0,0,0,0,"- ","- ",36.773319999999998,-121.60334,MONTEREY,UNINCORPORATED,-121.60312098,36.773212890000003
6659604,2014,2014-10-24,2711,2014-09-19,1143,2119,2711,5,5,3,2711,0,0,0,,0,002,"FRONT ST","NESTLES RD",0.00,,Y,A,-,N,,,,,,,,,,Y,4,0,3,2,A,-,12,21453,A,N,A,C,A,A,H,-,A,A,0,,,,,Y,Y,A,01,0,0,3,0,0,0,0,0,0,"- ","- ",,,MONTEREY,SOLEDAD,-121.32273999,36.420340080000003
6659648,2014,2016-05-03,9730,2014-09-28,1615,018786,,7,2,9,2700,0,1,3,,1,066,"RT 183","COOPER RD",2112.00,N,N,A,-,Y,MON,5,183,-,-,5.550,H,-,N,Y,3,0,1,2,A,-,01,23152,A,N,B,E,A,A,H,-,A,D,0,,,,,Y,Y,A,01,0,1,0,0,0,0,0,0,0,"- ","- ",36.718789999999998,-121.72235000000001,MONTEREY,UNINCORPORATED,-121.72229975,36.718811789999997
6659660,2014,2016-05-09,9730,2014-09-25,1750,018946,,4,2,9,2700,0,1,3,,1,068,"RT 68","B RD",0.00,,Y,A,-,Y,MON,5,68,-,-,11.270,I,5,W,Y,3,0,2,2,A,-,09,21804,A,N,D,C,A,A,H,-,A,A,0,,,,Y,Y,,F,55,0,1,1,0,0,0,0,0,0,"- ","- ",,,MONTEREY,UNINCORPORATED,-121.75479288,36.569573089999999
6659664,2014,2014-11-14,9730,2014-09-25,0551,13024,,4,3,9,2700,0,3,5,,2,003,"HARRIS RD","ABBOTT ST",6336.00,W,N,B,C,N,,,,,,,,,,Y,3,0,1,3,A,-,09,21801,A,N,D,C,A,B,H,-,D,D,0,,,,,Y,,M,46,0,1,0,0,0,0,0,0,0,"- ","- ",,,MONTEREY,UNINCORPORATED,-121.62470767000001,36.630667099999997
6659672,2014,2014-11-14,9730,2014-09-30,0830,017851,,2,1,9,2700,0,3,5,,2,006,"RESERVATION RD","PANZIERA RD",528.00,S,N,A,-,N,,,,,,,,,,Y,3,0,1,2,A,-,05,21650,,F,B,C,A,A,H,-,A,D,0,,,,,Y,,D,22,0,1,0,0,0,0,0,0,0,"- ","- ",,,MONTEREY,UNINCORPORATED,-121.72533473,36.652555460000002
6659822,2014,2016-05-04,2710,2014-09-15,1245,00001,,1,5,4,2710,0,0,0,,0,,"MONTEREY RD","FREMONT BL",9.00,S,N,A,-,Y,MON,5,1,-,R,80.970,R,4,S,N,4,0,1,2,A,-,12,21453,A,N,D,G,A,A,H,-,A,A,0,,Y,,,Y,,L,04,0,0,1,0,0,0,1,0,0,"- ","- ",,,MONTEREY,SEASIDE,-121.83863040999999,36.627730540000002
6659844,2014,2014-10-23,2708,2014-09-23,1342,52823,,2,5,6,2708,0,0,0,,0,,"NATIVIDAD RD","PACHECO ST",0.00,,Y,A,-,N,,,,,,,,,,N,4,0,1,2,A,-,10,21950,A,N,G,B,B,A,H,-,A,D,0,Y,,,,Y,,-,,0,0,1,0,1,0,0,0,0,"- ","- ",,,MONTEREY,SALINAS,-121.63664993,36.69804001
6659848,2014,2014-10-23,2708,2014-09-23,1445,18355,2708,2,5,6,2708,0,0,0,,0,005,"NORTH MAIN ST","IRIS DR",0.00,,Y,A,-,N,,,,,,,,,,Y,3,0,3,2,A,-,12,21453,A,N,A,C,A,A,H,-,A,A,0,,,,,Y,,-,,0,1,2,0,0,0,0,0,0,"- ","- ",,,MONTEREY,SALINAS,-121.65223997,36.693170029999997
6659852,2014,2014-10-23,2708,2014-09-24,0741,18355,2708,3,5,6,2708,0,0,0,,0,012,"E LAUREL",TOWT,425.00,W,N,B,-,N,,,,,,,,,,Y,4,0,1,2,A,-,09,21804,A,N,D,C,A,A,H,-,A,D,0,,,,,Y,,-,,0,0,1,0,0,0,0,0,0,"- ","- ",,,MONTEREY,SALINAS,-121.61850024,36.680157090000002
6659856,2014,2014-10-23,2708,2014-09-25,0918,18355,2700,4,5,6,2708,0,0,0,,0,005,"E LAUREL",GRANADA,500.00,W,N,C,-,N,,,,,,,,,,Y,4,0,1,3,A,-,08,22107,,N,C,E,A,B,H,-,A,D,0,,,,,Y,,-,,0,0,1,0,0,0,0,0,0,"- ","- ",,,MONTEREY,SALINAS,-121.64200783,36.697107080000002
6659860,2014,2016-05-09,2708,2014-09-26,1920,59156,SALEN,5,5,6,2708,0,0,0,,0,009,"JOHN ST","WORK ST",0.00,,Y,A,-,Y,MON,5,68,-,-,21.810,I,5,W,Y,3,0,2,3,A,-,12,21453,A,N,A,C,A,A,H,-,C,A,0,,,,,Y,,-,,0,1,1,0,0,0,0,0,0,"- ","- ",,,MONTEREY,SALINAS,-121.64284007000001,36.67065341
6659864,2014,2014-10-23,2708,2014-09-22,0342,97158,,1,5,6,2708,0,0,0,,0,012,"DEL MONTE AV","WILLIAMS RD",240.00,E,N,A,-,N,,,,,,,,,,Y,4,0,2,3,A,-,01,23152,A,N,C,E,A,A,H,-,C,D,0,,,,,Y,Y,-,,0,0,2,0,0,0,0,0,0,"- ","- ",,,MONTEREY,SALINAS,-121.60381760999999,36.68066761
6659865,2014,2014-11-14,9730,2014-09-27,2225,019700,,6,3,9,2700,0,3,5,,2,005,"SAN JUAN GRADE RD","ROGGE RD",528.00,N,N,A,-,N,,,,,,,,,,Y,3,0,1,1,A,-,01,23152,A,N,E,I,A,A,H,-,C,D,0,,,,,Y,Y,D,22,0,1,0,0,0,0,0,0,0,"- ","- ",,,MONTEREY,UNINCORPORATED,-121.63611511000001,36.735972429999997
6659868,2014,2014-10-23,2708,2014-09-27,2310,25182,,6,5,6,2708,0,0,0,,0,005,"CHAPARRAL ST","SONORA WY",200.00,E,N,A,-,N,,,,,,,,,,Y,4,0,1,3,A,-,01,23152,A,N,C,E,A,A,H,-,C,D,0,,,,,Y,Y,-,,0,0,1,0,0,0,0,0,0,"- ","- ",,,MONTEREY,SALINAS,-121.64093763,36.70173638
6659869,2014,2016-05-02,9730,2014-09-28,1330,019529,,7,1,9,2700,0,1,3,,1,022,"RT 1","MORSE DR",550.00,S,N,A,-,Y,MON,5,1,-,-,73.490,H,-,N,Y,4,0,3,2,A,-,03,22350,,N,C,C,A,A,H,-,A,D,0,,,,,Y,,D,22,0,0,3,0,0,0,0,0,0,"- ","- ",,,MONTEREY,UNINCORPORATED,-121.91042844,36.551302159999999
6659903,2014,2014-10-23,2708,2014-09-22,2043,74426,,1,5,6,2708,0,0,0,,0,005,"NATIVIDAD RD","CHAPARRAL ST",231.00,S,N,A,-,N,,,,,,,,,,Y,4,0,1,3,A,-,07,21658,A,F,B,I,A,A,H,-,D,D,0,,,,,Y,Y,-,99,0,0,1,0,0,0,0,0,0,"- ","- ",,,MONTEREY,SALINAS,-121.63502167,36.69964057
6659907,2014,2014-10-23,2708,2014-09-21,1405,75085,,7,5,6,2708,0,0,0,,0,008,"E ALISAL ST","MONTEREY ST",0.00,,Y,B,-,N,,,,,,,,,,Y,4,0,1,2,A,-,08,22100,A,N,D,C,A,A,H,-,A,A,0,,,,,Y,,-,,0,0,1,0,0,0,0,0,0,"- ","- ",,,MONTEREY,SALINAS,-121.65368991,36.67396007