CASE_ID,ACCIDENT_YEAR,PROC_DATE,JURIS,COLLISION_DATE,COLLISION_TIME,OFFICER_ID,REPORTING_DISTRICT,DAY_OF_WEEK,CHP_SHIFT,POPULATION,CNTY_CITY_LOC,SPECIAL_COND,BEAT_TYPE,CHP_BEAT_TYPE,CITY_DIVISION_LAPD,CHP_BEAT_CLASS,BEAT_NUMBER,PRIMARY_RD,SECONDARY_RD,DISTANCE,DIRECTION,INTERSECTION,WEATHER_1,WEATHER_2,STATE_HWY_IND,CALTRANS_COUNTY,CALTRANS_DISTRICT,STATE_ROUTE,ROUTE_SUFFIX,POSTMILE_PREFIX,POSTMILE,LOCATION_TYPE,RAMP_INTERSECTION,SIDE_OF_HWY,TOW_AWAY,COLLISION_SEVERITY,NUMBER_KILLED,NUMBER_INJURED,PARTY_COUNT,PRIMARY_COLL_FACTOR,PCF_CODE_OF_VIOL,PCF_VIOL_CATEGORY,PCF_VIOLATION,PCF_VIOL_SUBSECTION,HIT_AND_RUN,TYPE_OF_COLLISION,MVIW,PED_ACTION,ROAD_SURFACE,ROAD_COND_1,ROAD_COND_2,LIGHTING,CONTROL_DEVICE,CHP_ROAD_TYPE,PEDESTRIAN_ACCIDENT,BICYCLE_ACCIDENT,MOTORCYCLE_ACCIDENT,TRUCK_ACCIDENT,NOT_PRIVATE_PROPERTY,ALCOHOL_INVOLVED,STWD_VEHTYPE_AT_FAULT,CHP_VEHTYPE_AT_FAULT,COUNT_SEVERE_INJ,COUNT_VISIBLE_INJ,COUNT_COMPLAINT_PAIN,COUNT_PED_KILLED,COUNT_PED_INJURED,COUNT_BICYCLIST_KILLED,COUNT_BICYCLIST_INJURED,COUNT_MC_KILLED,COUNT_MC_INJURED,PRIMARY_RAMP,SECONDARY_RAMP,LATITUDE,LONGITUDE,COUNTY,CITY,POINT_X,POINT_Y
6675000,2014,2016-05-04,9730,2014-09-24,1325,18350,,3,1,6,2708,0,1,2,,1,050,"RT 101","MARKET ST",1056.00,N,N,A,-,Y,MON,5,101,-,-,87.520,H,-,N,Y,3,0,1,2,A,-,07,21658,A,F,E,A,A,A,H,-,A,D,1,,,,Y,Y,,G,25,0,1,0,0,0,0,0,0,0,"- ","- ",,,MONTEREY,SALINAS,-121.64217951000001,36.68065936
6675040,2014,2015-01-06,9730,2014-10-08,1630,12332,,3,2,9,2700,0,3,5,,2,007,"MURPHY HILL RD","MURPHY RD",1584.00,E,N,A,-,N,,,,,,,,,,Y,3,0,1,1,A,-,08,22107,,N,E,I,A,B,H,-,A,D,0,,,,,Y,,D,22,0,1,0,0,0,0,0,0,0,"- ","- ",,,MONTEREY,UNINCORPORATED,-121.67068200999999,36.897070020000001
6677491,2014,2015-06-01,2712,2014-10-08,1818,730,2712,3,5,3,2712,0,0,0,,0,001,"IMJIN PW","4TH AV",13.00,W,N,A,-,N,,,,,,,,,,Y,4,0,1,1,A,-,03,22350,,N,A,I,A,A,H,-,B,D,0,,,,,Y,,A,01,0,0,1,0,0,0,0,0,0,"- ","- ",,,MONTEREY,MARINA,-121.8005828,36.66653067
6679739,2014,2016-05-03,9730,2014-09-24,0803,18350,,3,1,9,2700,0,1,3,,1,072,"RT 156","MCGUFFIE RD",50.00,W,N,B,-,Y,MON,5,156,-,T,4.760,H,-,W,Y,4,0,1,2,A,-,01,23152,E,N,C,C,A,A,H,-,A,D,0,,,,,Y,,A,01,0,0,1,0,0,0,0,0,0,"- ","- ",36.78866,-121.67523,MONTEREY,UNINCORPORATED,-121.67565955000001,36.7885955
6679940,2014,2014-12-22,9730,2014-10-13,2248,20578,,1,3,6,2708,0,3,5,,2,005,"OLD STAGE RD","WILLIAMS RD",5280.00,S,N,A,-,N,,,,,,,,,,Y,3,0,4,1,A,-,08,22107,,N,E,I,A,A,H,-,D,D,0,,,,,Y,,A,07,0,1,3,0,0,0,0,0,0,"- ","- ",36.684469999999997,-121.56183,MONTEREY,SALINAS,-121.56431455000001,36.686739000000003
6680077,2014,2014-12-23,9730,2014-10-11,1736,020576,,6,2,9,2700,0,2,4,,2,063,"DAVIS RD","MARKET ST",1584.00,S,N,A,-,N,,,,,,,,,,Y,2,0,2,2,A,-,05,21651,A,N,A,D,A,A,H,-,A,D,0,,,,,Y,,A,01,1,0,1,0,0,0,0,0,0,"- ","- ",36.679830000000003,-121.67466,MONTEREY,UNINCORPORATED,-121.67466,36.684609999999999
6681435,2014,2015-04-15,9735,2014-10-10,0715,017257,,5,1,9,2700,0,2,4,,1,021,"JOLON RD","HEINSEN RD",1056.00,N,N,-,-,N,,,,,,,,,,Y,4,0,1,1,-,-,"- ",,,N,E,I,A,-,-,-,-,D,0,,,,,Y,,-,"- ",0,0,1,0,0,0,0,0,0,"- ","- ",35.890920000000001,-120.92932999999999,MONTEREY,UNINCORPORATED,-120.9256006,35.888999810000001
6681464,2014,2014-12-23,2706,2014-10-13,1901,103,,1,5,4,2706,0,0,0,,0,,"SOLEDAD DR","PACIFIC ST",0.00,,Y,B,-,N,,,,,,,,,,Y,4,0,1,2,A,-,09,21801,A,N,D,C,A,A,H,-,C,A,0,,,,,Y,,D,22,0,0,1,0,0,0,0,0,0,"- ","- ",,,MONTEREY,MONTEREY,-121.90286998000001,36.58425003
6681552,2014,2014-12-29,2706,2014-10-15,1041,939,MPD,3,5,4,2706,0,0,0,,0,003,"DEL MONTE AV","PALO VERDE AV",0.00,,Y,A,-,N,,,,,,,,,,N,3,0,1,2,A,-,09,21802,A,N,D,C,A,A,H,-,A,A,0,,,,,Y,,A,07,0,1,0,0,0,0,0,0,0,"- ","- ",,,MONTEREY,MONTEREY,-121.86937987,36.600840040000001
6681556,2014,2014-12-29,2706,2014-10-20,1618,031,2706,1,5,4,2706,0,0,0,,0,002,"CAMINO EL ESTERO","ANTHONY ST",0.00,,Y,A,-,N,,,,,,,,,,N,4,0,1,2,A,-,09,21802,A,N,D,C,A,A,H,-,A,D,0,,,,,Y,,A,07,0,0,1,0,0,0,0,0,0,"- ","- ",,,MONTEREY,MONTEREY,-121.88766989,36.598170019999998
6681588,2014,2016-02-16,2706,2014-10-14,0742,229,2706,2,5,4,2706,0,0,0,,0,002,"DEL MONTE AV","FIGUEROA ST",82.00,E,N,A,-,N,,,,,,,,,,Y,4,0,2,3,A,-,03,22350,,N,C,C,A,A,H,-,A,A,0,,,,,Y,,A,01,0,0,2,0,0,0,0,0,0,"- ","- ",,,MONTEREY,MONTEREY,-121.88976656,36.600213660000001
6681596,2014,2014-12-29,2706,2014-10-24,0746,505,2706,5,5,4,2706,0,0,0,,0,001,"TAYLOR ST","PRESCOTT AV",245.00,S,N,A,-,N,,,,,,,,,,N,4,0,2,2,A,-,03,22350,,N,C,C,A,A,H,-,B,D,0,,,,,Y,,A,07,0,0,2,0,0,0,0,0,0,"- ","- ",,,MONTEREY,MONTEREY,-121.91501801,36.607090370000002
6682061,2014,2014-12-22,2703,2014-10-24,0823,4989,2703,5,5,2,2703,0,0,0,,0,ALL,"5TH ST","GABILAN CT",0.00,,Y,A,-,N,,,,,,,,,,N,4,0,1,2,A,-,12,22450,A,N,G,G,A,A,H,-,A,A,0,,Y,,,Y,,A,08,0,0,1,0,0,0,1,0,0,"- ","- ",,,MONTEREY,GONZALES,-121.43975996,36.51183004
6683513,2014,2015-01-23,9735,2014-10-15,0805,016696,,3,1,9,2700,0,1,2,,1,041,"RT 101","HOBSON AV",0.00,,Y,-,-,Y,,,101,,,,,,,Y,2,0,1,2,A,-,03,22350,,N,C,C,A,-,-,-,-,D,0,,,,Y,Y,,D,22,1,0,0,0,0,0,0,0,0,"- ","- ",36.276110000000003,-121.18525,MONTEREY,UNINCORPORATED,-121.18534737,36.276045230000001
6688827,2014,2014-12-24,9730,2014-10-07,0750,13024,,2,1,9,2700,0,1,3,,1,068,"RT 68","SAN BENANCIO RD",528.00,E,N,A,-,Y,,,,,,,,,,Y,4,0,1,4,A,-,03,22350,,N,C,C,A,A,H,-,A,D,0,,,Y,,Y,,A,01,0,0,1,0,0,0,0,0,1,"- ","- ",,,MONTEREY,UNINCORPORATED,,
6688843,2014,2016-06-18,9730,2014-10-12,1300,018179,,7,1,9,2700,0,1,3,,1,074,"RT 1","JENSEN RD",2640.00,N,N,A,-,Y,MON,5,1,-,R,100.420,H,-,S,Y,4,0,1,3,A,-,03,22350,,N,C,C,A,A,H,-,A,D,0,,,,,Y,,A,01,0,0,1,0,0,0,0,0,0,"- ","- ",,,MONTEREY,UNINCORPORATED,-121.77109498999999,36.862642780000002
6688847,2014,2016-06-18,9730,2014-10-15,0805,18350,,3,1,9,2700,0,1,3,,2,062,"RT 1","MONTEREY RD",20.00,N,N,C,-,Y,MON,5,1,-,R,79.040,R,2,S,N,4,0,1,2,A,-,21,22106,,M,C,C,A,B,H,-,A,A,1,,,,,Y,,A,01,0,0,1,0,0,0,0,0,0,TO,"- ",,,MONTEREY,UNINCORPORATED,-121.86106654,36.606712229999999
6688851,2014,2016-06-18,9730,2014-10-05,0905,017184,,7,1,9,2700,0,1,3,,1,022,"RT 1","CARMEL RIVER BRIDGE",1056.00,S,N,A,-,Y,MON,5,1,-,-,72.080,H,-,S,Y,2,0,1,2,D,-,00,,,N,C,C,A,A,H,-,A,D,0,,,Y,,Y,,-,"- ",1,0,0,0,0,0,0,0,1,"- ","- ",36.53228,-121.91609,MONTEREY,UNINCORPORATED,-121.915612,36.53293781
6688855,2014,2014-12-24,9730,2014-10-05,1340,019837,,7,1,9,2700,0,1,2,,1,070,"RT 101","DUNBARTON RD",400.00,S,N,A,-,Y,,,,,,,,,,N,4,0,1,1,C,-,18,,,N,E,H,A,A,H,-,A,D,0,,,,,Y,,-,"- ",0,0,1,0,0,0,0,0,0,"- ","- ",,,MONTEREY,UNINCORPORATED,-121.63412096,36.844230789999997
6688859,2014,2014-12-24,9730,2014-10-05,1800,019529,,7,2,9,2700,0,1,3,,1,072,"RT 156","MONTE DEL LAGO",350.00,W,N,A,-,Y,,,,,,,,,,Y,4,0,1,2,A,-,03,22350,,N,C,C,A,A,H,-,A,D,0,,,,,Y,,A,07,0,0,1,0,0,0,0,0,0,"- ","- ",,,MONTEREY,UNINCORPORATED,-121.73366,36.771239999999999
6688863,2014,2014-12-24,9730,2014-10-05,2119,019981,,7,2,6,2708,0,1,2,,1,050,"RT 101","SHERWOOD DR",1690.00,S,N,A,-,Y,,,101,,,,,,,Y,3,0,1,1,A,-,08,22107,,N,E,I,A,A,H,-,C,D,0,,,,,Y,,A,01,0,1,0,0,0,0,0,0,0,"- ","- ",36.682279999999999,-121.6439,MONTEREY,SALINAS,-121.64393276,36.682237010000001
6688867,2014,2014-12-24,9730,2014-10-07,0245,018312,,2,3,9,2700,0,1,3,,1,066,"RT 183","DAVIS RD",1056.00,N,N,E,-,Y,,,183,,,,,,,Y,4,0,2,3,A,-,08,22107,,F,G,B,F,A,H,-,D,D,0,Y,,,,Y,,A,01,0,0,2,0,1,0,0,0,0,"- ","- ",36.685420000000001,-121.67925,MONTEREY,UNINCORPORATED,-121.67922858999999,36.685519679999999
6689016,2014,2016-06-18,9730,2014-10-12,1328,019569,,7,1,9,2700,0,1,3,,1,014,"RT 1","SYCAMORE CANYON RD",60.00,S,N,A,-,Y,MON,5,1,-,-,45.630,H,-,N,Y,4,0,1,2,A,-,03,22350,,N,C,C,A,A,H,-,A,D,0,,,,,Y,,A,01,0,0,1,0,0,0,0,0,0,"- ","- ",,,MONTEREY,UNINCORPORATED,-121.77689590999999,36.240132449999997
6689020,2014,2016-06-18,9730,2014-10-12,1229,019569,,7,1,9,2700,0,1,3,,1,014,"RT 1","SYCAMORE CANYON RD",2640.00,S,N,A,-,Y,MON,5,1,-,-,45.140,H,-,N,Y,4,0,1,1,A,-,08,22107,,N,F,A,A,A,H,-,A,D,0,,,Y,,Y,,C,02,0,0,1,0,0,0,0,0,1,"- ","- ",,,MONTEREY,UNINCORPORATED,-121.76932850999999,36.236527850000002
6689027,2014,2014-12-22,9730,2014-10-08,2035,017785,,3,2,9,2700,0,3,5,,2,004,"OLD STAGE RD","SPENCE RD",1056.00,S,N,A,-,N,,,,,,,,,,Y,3,0,1,1,A,-,01,23152,A,N,E,I,A,A,H,-,D,D,0,,,,,Y,Y,A,01,0,1,0,0,0,0,0,0,0,"- ","- ",36.628630000000001,-121.53607,MONTEREY,UNINCORPORATED,-121.53658453,36.628731930000001
6689035,2014,2014-12-22,9730,2014-10-12,1008,019127,,7,1,9,2700,0,3,5,,2,003,"LAURELES GRADE RD","CAMINO ESCONDIDO RD",4224.00,S,N,A,-,N,,,,,,,,,,Y,4,0,1,1,A,-,08,22107,,N,E,I,A,A,H,-,A,D,0,,,Y,,Y,,C,02,0,0,1,0,0,0,0,0,1,"- ","- ",36.528230000000001,-121.75246,MONTEREY,UNINCORPORATED,-121.7525053,36.528950109999997
6689039,2014,2014-12-22,9730,2014-10-11,2155,020417,,6,2,9,2700,0,3,5,,2,007,"COUNTRYSIDE CT","PRUNEDALE NORTH RD",30.00,W,N,A,-,N,,,,,,,,,,Y,3,0,1,1,A,-,01,23152,A,N,E,I,A,A,H,-,C,D,0,,,,,Y,Y,A,07,0,1,0,0,0,0,0,0,0,"- ","- ",36.795259999999999,-121.66758,MONTEREY,UNINCORPORATED,-121.66751886,36.795351699999998
6690948,2014,2015-01-23,9735,2014-10-21,1800,19263,,2,2,9,2700,0,3,5,,2,001,"ARROYO SECO RD","SYCAMORE FLATS RD",2112.00,E,N,A,-,N,,,,,,,,,,Y,2,0,1,1,A,-,08,22107,,N,F,A,A,A,H,-,A,D,0,,,Y,,Y,,C,02,1,0,0,0,0,0,0,0,1,"- ","- ",36.267539999999997,-121.37782,MONTEREY,UNINCORPORATED,-121.38195331999999,36.269555629999999
6690960,2014,2014-12-30,9735,2014-10-19,1827,19330,,7,2,9,2700,0,3,5,,2,003,"METZ RD","SPRECKELS RD",3696.00,S,N,A,-,N,,,,,,,,,,Y,2,0,1,1,A,-,01,23152,A,N,F,A,A,A,H,-,A,D,0,,,,,Y,Y,A,01,1,0,0,0,0,0,0,0,0,"- ","- ",36.258600000000001,-121.13949,MONTEREY,UNINCORPORATED,-121.1403073,36.259395140000002
6691025,2014,2014-11-18,2707,2014-09-13,1250,1445,,6,5,3,2707,0,0,0,,0,002,"CENTRAL AV","9TH ST",39.00,W,N,A,-,N,,,,,,,,,,N,3,0,1,2,A,-,03,22350,,N,C,C,A,A,H,-,A,D,0,,Y,,,Y,,L,04,0,1,0,0,0,0,1,0,0,"- ","- ",,,MONTEREY,"PACIFIC GROVE",-121.91154458,36.620657370000004
6691542,2014,2016-06-18,9730,2014-10-23,0745,019569,,4,1,4,2706,0,1,3,,2,062,"RT 1","CASA VERDE WY",1584.00,N,N,A,-,Y,MON,5,1,-,R,78.780,H,-,S,N,4,0,1,2,A,-,03,22350,,N,C,C,A,A,H,-,A,D,1,,,,,Y,,D,22,0,0,1,0,0,0,0,0,0,"- ","- ",,,MONTEREY,MONTEREY,-121.86165018,36.602811789999997
6691546,2014,2014-12-09,9730,2014-10-24,0715,018886,,5,1,9,2700,0,1,2,,1,050,"RT 101","HARTNELL RD",50.00,N,N,A,-,Y,,,,,,,,,,N,4,0,1,2,A,-,07,21658,A,N,C,C,A,A,H,-,A,D,0,,,,,Y,,D,22,0,0,1,0,0,0,0,0,0,"- ","- ",,,MONTEREY,UNINCORPORATED,-121.58078544999999,36.622652969999997
6691566,2014,2014-11-19,9730,2014-10-18,1214,018886,,6,1,9,2700,0,1,2,,1,050,"RT 101","SPENCE RD",100.00,N,N,A,-,Y,,,,,,,,,,Y,3,0,1,2,A,-,08,22107,,N,B,C,A,A,H,-,A,D,0,,,,Y,Y,,A,07,0,1,0,0,0,0,0,0,0,"- ","- ",,,MONTEREY,UNINCORPORATED,-121.56737185,36.612875070000001
6691762,2014,2014-11-20,2708,2014-08-29,1822,05044,,5,5,6,2708,0,0,0,,0,008,"E SAN LUIS","FRONT ST",0.00,,Y,A,-,N,,,,,,,,,,N,2,0,1,2,A,-,09,21804,A,N,-,G,A,A,H,-,A,A,0,,Y,,,Y,,L,04,1,0,0,0,0,0,1,0,0,"- ","- ",,,MONTEREY,SALINAS,-121.64873999,36.672790020000001
6691806,2014,2014-11-20,2708,2014-08-29,1537,15945,,5,5,6,2708,0,0,0,,0,,"JOHN ST","SPRING ST",0.00,,Y,A,-,N,,,,,,,,,,Y,2,0,1,2,A,-,09,21801,A,N,D,C,A,A,H,-,A,D,0,,,,,Y,,-,,1,0,0,0,0,0,0,0,0,"- ","- ",,,MONTEREY,SALINAS,-121.64577995,36.669750059999998
6691810,2014,2014-11-20,2708,2014-08-08,2250,53268,,5,5,6,2708,0,0,0,,0,001,"NORTH MAIN ST","E BOLIVAR ST",125.00,S,N,A,-,N,,,,,,,,,,N,3,0,1,2,A,-,08,22107,,N,D,G,A,A,H,-,C,D,0,,Y,,,Y,,L,04,0,1,0,0,0,0,1,0,0,"- ","- ",,,MONTEREY,SALINAS,-121.65637981,36.724706689999998
6691814,2014,2014-11-20,2708,2014-08-10,2157,15702,,7,5,6,2708,0,0,0,,0,005,"EAST LAUREL DR","LINWOOD DR",0.00,,Y,A,-,N,,,,,,,,,,Y,4,0,1,2,A,-,09,21801,A,N,D,C,A,A,H,-,C,A,0,,,,,Y,,-,,0,0,1,0,0,0,0,0,0,"- ","- ",,,MONTEREY,SALINAS,-121.64404992,36.697580070000001
6691818,2014,2014-11-24,2708,2014-08-17,1731,18925,,7,5,6,2708,0,0,0,,0,005,"TAPADERO ST","DORORO DR",100.00,S,N,A,-,N,,,,,,,,,,Y,3,0,1,2,A,-,03,22350,,N,D,G,A,A,H,-,A,D,0,,Y,,,Y,,-,,0,1,0,0,0,0,1,0,0,"- ","- ",,,MONTEREY,SALINAS,-121.64977781,36.70017738
6691888,2014,2016-04-07,2708,2014-06-24,1058,18355,,2,5,6,2708,0,0,0,,0,,"JOHN ST","GRIFFIN ST",40.00,E,N,A,-,Y,MON,5,101,-,-,86.950,R,4,S,Y,2,0,1,2,A,-,09,21804,A,N,D,C,A,A,H,-,A,D,0,,,,,Y,,-,,1,0,0,0,0,0,0,0,0,"- ","- ",,,MONTEREY,SALINAS,-121.64043237999999,36.672603090000003
6695932,2014,2015-10-30,2711,2014-10-20,1759,6189,2711,1,5,3,2711,0,0,0,,0,001,"NORTH ST","SOLEDAD ST",21.00,N,N,A,-,N,,,,,,,,,,N,4,0,1,2,A,-,21,22106,,N,D,C,A,A,H,-,A,A,0,,,,,Y,,A,01,0,0,1,0,0,0,0,0,0,"- ","- ",,,MONTEREY,SOLEDAD,-121.32521563,36.429346160000001
6697634,2014,2015-05-19,2712,2014-09-27,1911,690,2712,6,5,3,2712,0,0,0,,0,001,"RESERVATION RD","MBEST DR",18.00,W,N,A,-,N,,,,,,,,,,Y,4,0,2,2,A,-,12,21453,A,N,B,C,A,A,H,-,A,A,0,,,,,Y,,A,01,0,0,2,0,0,0,0,0,0,"- ","- ",,,MONTEREY,MARINA,-121.76130272,36.669205329999997
6700699,2014,2014-12-08,2712,2014-10-24,1509,537,2712,5,5,3,2712,0,0,0,,0,001,"BEACH RD","DEL MONTE BL",0.00,,Y,A,-,N,,,,,,,,,,Y,4,0,1,2,A,-,12,22450,A,N,D,C,A,A,H,-,A,A,0,,,,,Y,,D,22,0,0,1,0,0,0,0,0,0,"- ","- ",,,MONTEREY,MARINA,-121.79746986000001,36.693640070000001
6700703,2014,2015-01-08,2712,2014-11-05,1148,274,,3,5,3,2712,0,0,0,,0,001,"IMJIN PW","IMJIN RD",122.00,E,N,A,-,N,,,,,,,,,,Y,3,0,1,2,A,-,03,22350,,N,B,C,A,A,D,-,A,A,0,,,Y,,Y,,C,02,0,1,0,0,0,0,0,0,1,"- ","- ",,,MONTEREY,MARINA,-121.79096367,36.661670890000003
6700886,2014,2014-12-04,2706,2014-10-30,1311,896,MPD,4,5,4,2706,0,0,0,,0,002,"ABREGO ST","FREMONT ST",0.00,,Y,B,-,N,,,,,,,,,,Y,4,0,1,2,A,-,09,21801,A,N,A,C,A,A,H,-,A,A,0,,,,,Y,,A,01,0,0,1,0,0,0,0,0,0,"- ","- ",,,MONTEREY,MONTEREY,-121.89217993,36.595250049999997
6702114,2014,2014-12-03,9730,2014-10-18,0043,020598,,6,3,6,2708,0,1,2,,1,050,"RT 101","LAUREL DR",1000.00,N,N,A,-,Y,,,101,,,,,,,Y,3,0,3,1,A,-,08,22107,,N,E,I,A,A,H,-,D,D,0,,,,,Y,,A,07,0,3,0,0,0,0,0,0,0,"- ","- ",36.702350000000003,-121.66612000000001,MONTEREY,SALINAS,-121.66620227999999,36.702339170000002
6702118,2014,2014-12-03,9730,2014-10-18,1100,017502,,6,1,9,2700,0,3,5,,2,002,"LAURELES GRADE RD","RINCONADA DR",4224.00,S,N,A,-,N,,,,,,,,,,Y,4,0,2,1,A,-,08,22107,,N,F,A,A,A,H,-,A,D,0,,,,,Y,,A,01,0,0,2,0,0,0,0,0,0,"- ","- ",,,MONTEREY,UNINCORPORATED,-121.75250434,36.528931470000003
6702546,2014,2016-02-17,9730,2014-10-23,1655,17851,,4,2,9,2700,0,3,5,,2,007,"TRAFTON RD","RT 1",2112.00,E,N,A,-,N,,,,,,,,,,Y,4,0,3,2,A,-,05,21650,,N,A,C,A,A,H,-,A,D,0,,,,,Y,,A,01,0,0,3,0,0,0,0,0,0,"- ","- ",,,MONTEREY,UNINCORPORATED,-121.77088999999999,36.876519999999999
6702548,2014,2014-12-05,9730,2014-10-17,1926,20578,,5,2,9,2700,0,2,4,,1,023,"CARMEL VALLEY RD","LOMA DEL REY",528.00,E,N,A,-,N,,,,,,,,,,N,4,0,1,1,A,-,08,22107,,N,E,I,A,A,H,-,D,D,0,,,,,Y,,A,07,0,0,1,0,0,0,0,0,0,"- ","- ",36.525289999999998,-121.81464,MONTEREY,UNINCORPORATED,-121.81528951999999,36.525679760000003
6702550,2014,2014-12-04,9730,2014-10-23,0655,19569,,4,1,9,2700,0,2,4,,2,063,"BLANCO RD","ARMSTRONG RD",528.00,W,N,A,-,N,,,,,,,,,,N,4,0,1,2,A,-,03,22350,,N,C,C,A,A,H,-,B,D,0,,,,,Y,,A,01,0,0,1,0,0,0,0,0,0,"- ","- ",,,MONTEREY,UNINCORPORATED,-121.70972018000001,36.678700259999999
6702554,2014,2014-12-04,9730,2014-10-29,1530,20896,,3,2,9,2700,0,1,2,,1,050,"RT 101","AIRPORT BL",5280.00,S,N,A,-,Y,,,101,,,,,,,Y,3,0,1,1,A,-,08,22107,,N,E,I,A,A,H,-,A,D,0,,,,,Y,,A,01,0,1,0,0,0,0,0,0,0,"- ","- ",36.648359999999997,-121.61544000000001,MONTEREY,UNINCORPORATED,-121.61535927,36.648435329999998
6702558,2014,2016-06-18,9730,2014-10-19,0028,20576,,7,3,4,2706,0,1,3,,2,062,"RT 1","CASA VERDE WY",2640.00,N,N,A,-,Y,MON,5,1,-,R,78.980,H,-,S,N,3,0,1,1,A,-,01,23152,A,N,E,I,A,A,H,-,D,D,1,,,,,Y,Y,A,01,0,1,0,0,0,0,0,0,0,"- ","- ",36.604430000000001,-121.86123000000001,MONTEREY,MONTEREY,-121.86116955,36.605796339999998
6704494,2014,2015-01-28,9735,2014-11-04,1030,16696,,2,1,9,2700,0,3,5,,2,003,"METZ RD","ELM AV",5280.00,S,N,A,-,N,,,,,,,,,,Y,4,0,1,1,A,-,08,22107,,N,E,I,A,A,H,-,A,D,0,,,,,Y,,A,01,0,0,1,0,0,0,0,0,0,"- ","- ",36.32273,-121.18237000000001,MONTEREY,UNINCORPORATED,-121.18698852,36.331108550000003
6705033,2014,2015-01-08,2701,2014-11-11,1347,5460,2701,2,5,2,2701,0,0,0,,0,00S,"RIO RD","LADERA DR",335.00,E,N,B,-,N,,,,,,,,,,Y,4,0,1,2,A,-,09,21804,A,N,D,C,A,A,H,-,A,A,0,,,,,Y,,A,01,0,0,1,0,0,0,0,0,0,"- ","- ",,,MONTEREY,CARMEL,-121.91666813000001,36.541800209999998
6705646,2014,2014-12-02,2712,2014-10-29,2216,612,2712,3,5,3,2712,0,0,0,,0,001,"IMJIN PW","PRESTON DR",60.00,N,N,A,-,N,,,,,,,,,,N,4,0,1,2,A,-,01,23152,A,N,C,C,A,A,D,-,C,A,0,,,,,Y,Y,A,01,0,0,1,0,0,0,0,0,0,"- ","- ",,,MONTEREY,MARINA,-121.77033784,36.668320209999997
6707504,2014,2014-12-24,9730,2014-10-27,1004,18171,,1,1,9,2700,0,1,3,,1,068,"RT 68","YORK RD",528.00,E,N,A,-,Y,,,,,,,,,,Y,4,0,1,2,A,-,03,22350,,N,C,C,A,A,H,-,A,D,0,,,,,Y,,D,22,0,0,1,0,0,0,0,0,0,"- ","- ",,,MONTEREY,UNINCORPORATED,,
6707520,2014,2016-06-18,9730,2014-10-19,0515,20391,,7,3,9,2700,0,1,3,,1,074,"RT 1","JENSEN RD",230.00,S,N,A,-,Y,MON,5,1,-,-,99.880,H,-,S,Y,4,0,1,2,A,-,01,23152,A,N,B,C,A,A,H,-,D,D,0,,,,,Y,Y,A,01,0,0,1,0,0,0,0,0,0,"- ","- ",36.852939999999997,-121.77101,MONTEREY,UNINCORPORATED,-121.77112104,36.853234059999998
6707527,2014,2014-11-24,9730,2014-10-25,0844,014800,,6,1,6,2708,0,1,2,,1,050,"RT 101","WEST LAUREL DR",1584.00,S,N,C,-,Y,,,101,,,,,,,Y,3,0,2,1,A,-,08,22107,,N,F,A,A,B,H,-,A,D,0,,,,,Y,Y,D,22,0,1,1,0,0,0,0,0,0,FR,"- ",36.695729999999998,-121.66388000000001,MONTEREY,SALINAS,-121.66370485,36.695817089999998
6707559,2014,2014-11-24,9730,2014-10-25,0719,014800,,6,1,6,2708,0,1,2,,1,050,"RT 101","EAST MARKET ST",1056.00,N,N,C,-,Y,,,101,,,,,,,Y,4,0,1,1,A,-,03,22350,,N,E,I,A,B,H,-,A,D,0,,,,,Y,,D,22,0,0,1,0,0,0,0,0,0,FR,"- ",36.680160000000001,-121.64178,MONTEREY,SALINAS,-121.64187889999999,36.68012409
6707563,2014,2014-11-24,9730,2014-10-25,1143,018966,,6,1,9,2700,0,1,2,,1,070,"RT 101","RT 156",90.00,N,N,B,-,Y,,,101,,,,,,,Y,4,0,1,2,A,-,03,22350,,N,D,C,A,B,H,-,A,D,0,,,,,Y,,D,22,0,0,1,0,0,0,0,0,0,"- ","- ",36.789810000000003,-121.66763,MONTEREY,UNINCORPORATED,-121.66759996,36.789803650000003
6707694,2014,2014-11-24,9730,2014-10-28,0120,020233,,2,3,9,2700,0,3,5,,2,004,"OLD STAGE RD","ESPERANZA RD",5280.00,S,N,B,-,N,,,,,,,,,,Y,3,0,4,1,A,-,01,23152,A,N,E,I,A,A,H,-,D,D,0,,,,,Y,Y,A,01,0,2,2,0,0,0,0,0,0,"- ","- ",36.592269999999999,-121.50395,MONTEREY,UNINCORPORATED,-121.50402637000001,36.592289579999999
6707697,2014,2014-11-25,9730,2014-10-25,1820,020576,,6,2,9,2700,0,1,3,,1,068,"RT 68","CORRAL DE TIERRA RD",2112.00,W,N,A,-,Y,,,68,,,,,,,Y,4,0,1,2,A,-,09,21801,A,N,D,C,A,A,D,-,A,D,0,,,,,Y,,A,01,0,0,1,0,0,0,0,0,0,"- ","- ",36.575229999999998,-121.73408000000001,MONTEREY,UNINCORPORATED,-121.73409074,36.575246710000002
6707698,2014,2014-11-24,9730,2014-10-28,0700,12332,,2,1,9,2700,0,2,4,,1,073,"SALINAS RD","LEWIS RD",528.00,S,N,A,-,N,,,,,,,,,,Y,4,0,2,2,A,-,05,21650,,N,A,-,A,A,H,-,A,D,0,,,,,Y,,A,07,0,0,2,0,0,0,0,0,0,"- ","- ",,,MONTEREY,UNINCORPORATED,-121.74724670000001,36.889540670000002