CASE_ID,ACCIDENT_YEAR,PROC_DATE,JURIS,COLLISION_DATE,COLLISION_TIME,OFFICER_ID,REPORTING_DISTRICT,DAY_OF_WEEK,CHP_SHIFT,POPULATION,CNTY_CITY_LOC,SPECIAL_COND,BEAT_TYPE,CHP_BEAT_TYPE,CITY_DIVISION_LAPD,CHP_BEAT_CLASS,BEAT_NUMBER,PRIMARY_RD,SECONDARY_RD,DISTANCE,DIRECTION,INTERSECTION,WEATHER_1,WEATHER_2,STATE_HWY_IND,CALTRANS_COUNTY,CALTRANS_DISTRICT,STATE_ROUTE,ROUTE_SUFFIX,POSTMILE_PREFIX,POSTMILE,LOCATION_TYPE,RAMP_INTERSECTION,SIDE_OF_HWY,TOW_AWAY,COLLISION_SEVERITY,NUMBER_KILLED,NUMBER_INJURED,PARTY_COUNT,PRIMARY_COLL_FACTOR,PCF_CODE_OF_VIOL,PCF_VIOL_CATEGORY,PCF_VIOLATION,PCF_VIOL_SUBSECTION,HIT_AND_RUN,TYPE_OF_COLLISION,MVIW,PED_ACTION,ROAD_SURFACE,ROAD_COND_1,ROAD_COND_2,LIGHTING,CONTROL_DEVICE,CHP_ROAD_TYPE,PEDESTRIAN_ACCIDENT,BICYCLE_ACCIDENT,MOTORCYCLE_ACCIDENT,TRUCK_ACCIDENT,NOT_PRIVATE_PROPERTY,ALCOHOL_INVOLVED,STWD_VEHTYPE_AT_FAULT,CHP_VEHTYPE_AT_FAULT,COUNT_SEVERE_INJ,COUNT_VISIBLE_INJ,COUNT_COMPLAINT_PAIN,COUNT_PED_KILLED,COUNT_PED_INJURED,COUNT_BICYCLIST_KILLED,COUNT_BICYCLIST_INJURED,COUNT_MC_KILLED,COUNT_MC_INJURED,PRIMARY_RAMP,SECONDARY_RAMP,LATITUDE,LONGITUDE,COUNTY,CITY,POINT_X,POINT_Y
6801539,2015,2016-10-03,9730,2015-01-16,1906,018966,,5,2,9,2700,0,1,3,,1,068,"RT 68","TORERO DR",0.00,,Y,A,-,Y,MON,5,68,-,-,14.690,I,5,W,Y,2,0,2,2,A,-,17,24250,,N,A,C,A,A,H,-,C,D,0,,,,,Y,,D,22,1,1,0,0,0,0,0,0,0,"- ","- ",36.593580000000003,-121.70448,MONTEREY,UNINCORPORATED,-121.70464774,36.593525829999997
6801543,2015,2016-09-13,9730,2015-01-16,1104,18920,,5,1,9,2700,0,1,3,,1,072,"RT 156","CASTROVILLE BL",0.00,,Y,A,-,Y,MON,5,156,-,R,1.820,I,5,W,Y,4,0,1,3,A,-,12,21453,A,N,D,C,A,A,H,-,A,A,0,,,,,Y,,A,01,0,0,1,0,0,0,0,0,0,"- ","- ",36.768560000000001,-121.7431,MONTEREY,UNINCORPORATED,-121.74363087,36.768343459999997
6801547,2015,2015-03-02,9730,2015-01-15,0820,15160,,4,1,9,2700,0,2,4,,1,073,"SALINAS RD","FRUITLAND AV",1056.00,W,N,A,-,N,,,,,,,,,,Y,2,0,1,2,C,-,18,,,N,A,C,A,A,H,-,A,D,0,,,,Y,Y,,-,"- ",1,0,0,0,0,0,0,0,0,"- ","- ",,,MONTEREY,UNINCORPORATED,-121.75563975,36.876505119999997
6801555,2015,2016-10-03,9730,2015-01-22,0805,13024,,4,1,9,2700,0,1,3,,1,068,"RT 68","PORTOLA DR",528.00,W,N,A,-,Y,MON,5,68,-,-,15.730,H,-,W,Y,3,0,4,5,A,-,03,22350,,N,C,C,A,A,H,-,A,D,1,,,,,Y,,A,01,0,2,2,0,0,0,0,0,0,"- ","- ",,,MONTEREY,UNINCORPORATED,-121.69402882,36.605991629999998
6801575,2015,2016-09-16,9730,2015-01-20,1600,19529,,2,2,4,2710,0,1,3,,2,062,"RT 1","LIGHTFIGHTER DR",2100.00,S,N,A,-,Y,MON,5,1,-,R,82.490,H,-,N,Y,4,0,1,3,C,-,18,,,N,C,C,A,A,H,-,A,D,1,,,,,Y,,-,"- ",0,0,1,0,0,0,0,0,0,"- ","- ",,,MONTEREY,SEASIDE,-121.82007177,36.643650059999999
6802283,2015,2015-02-26,2706,2015-01-15,1605,939,2706,4,5,4,2706,0,0,0,,0,002,"PACIFIC ST","VIA ARBOLES",0.00,,Y,A,-,N,,,,,,,,,,Y,4,0,1,2,A,-,09,21801,A,N,A,C,A,A,H,-,A,D,0,,,,,Y,,A,01,0,0,1,0,0,0,0,0,0,"- ","- ",,,MONTEREY,MONTEREY,-121.90142999,36.586340069999999
6802291,2015,2015-02-26,2712,2015-01-08,1709,300,2712,4,5,3,2712,0,0,0,,0,001,"IMJIN PKWY","ABRAMS DR",700.00,S,N,A,-,N,,,,,,,,,,N,4,0,1,2,A,-,01,23153,A,N,C,C,A,A,H,-,C,A,0,,,,,Y,Y,A,07,0,0,1,0,0,0,0,0,0,"- ","- ",,,MONTEREY,MARINA,-121.79221481,36.662139609999997
6804882,2015,2015-03-03,2706,2015-01-31,1603,148,2706,6,5,4,2706,0,0,0,,0,001,"LIGHTHOUSE AV","TYLER ST",528.00,N,N,A,-,N,,,,,,,,,,Y,4,0,2,2,A,-,03,22350,,N,C,C,A,A,H,-,A,D,0,,,Y,,Y,,C,02,0,0,2,0,0,0,0,0,1,"- ","- ",,,MONTEREY,MONTEREY,-121.89346999999999,36.602490000000003
6809406,2015,2016-09-16,9730,2015-02-03,0838,020903,,2,1,1,2709,0,1,3,,2,062,"RT 1","TIOGA AV",50.00,S,N,A,-,Y,MON,5,1,-,R,80.080,H,-,S,Y,4,0,1,2,A,-,03,22350,,N,C,C,A,A,H,-,A,D,1,,,,,Y,,A,01,0,0,1,0,0,0,0,0,0,"- ","- ",,,MONTEREY,"SAND CITY",-121.84899417,36.617763089999997
6809411,2015,2016-09-16,9730,2015-01-31,0443,20598,,6,3,9,2700,0,1,3,,1,074,"RT 1","MOLERA RD",800.00,N,N,A,-,Y,MON,5,1,-,R,90.540,H,-,S,Y,3,0,1,2,A,-,01,23152,A,N,D,C,A,A,H,-,D,D,1,,,,,Y,Y,D,22,0,1,0,0,0,0,0,0,0,"- ","- ",36.781799999999997,-121.77939000000001,MONTEREY,UNINCORPORATED,-121.77017503,36.7477211
6809414,2015,2015-03-02,9730,2015-01-29,1835,15297,,4,2,9,2700,0,3,5,,2,002,"HATTON RD","7TH AV",16.00,S,N,A,-,N,,,,,,,,,,Y,4,0,1,2,A,-,01,23152,E,N,C,E,A,A,H,-,C,D,0,,,,,Y,,A,01,0,0,1,0,0,0,0,0,0,"- ","- ",36.55498,-121.91224,MONTEREY,UNINCORPORATED,-121.91207072,36.555066680000003
6809419,2015,2016-09-16,9730,2015-01-31,1620,20896,,6,2,9,2700,0,1,3,,1,074,"RT 1","DOLAN RD",0.00,,Y,A,-,Y,MON,5,1,-,-,96.101,I,6,N,N,4,0,1,2,A,-,04,21703,,N,C,C,A,A,H,-,A,A,0,,,,,Y,,D,22,0,0,1,0,0,0,0,0,0,"- ","- ",36.804079999999999,-121.78373000000001,MONTEREY,UNINCORPORATED,-121.78379808,36.804086460000001
6809423,2014,2015-03-09,9730,2014-12-17,0920,018350,,3,1,9,2700,0,2,4,,2,063,"BLANCO RD","WEST ALISAL ST",10.00,N,N,B,-,N,,,,,,,,,,Y,4,0,1,2,A,-,03,22350,,M,D,C,A,B,H,-,A,A,0,,,,,Y,,A,01,0,0,1,0,0,0,0,0,0,"- ","- ",,,MONTEREY,UNINCORPORATED,-121.67819058000001,36.664102159999999
6809439,2015,2016-09-16,9730,2015-01-27,0933,19569,,2,1,9,2700,0,1,3,,2,062,"RT 1","RT 68",1584.00,N,N,A,-,Y,MON,5,1,-,R,78.420,H,-,S,N,4,0,1,2,A,-,03,22350,,N,C,C,A,A,H,-,A,D,1,,,,,Y,,A,08,0,0,1,0,0,0,0,0,0,"- ","- ",36.576569999999997,-121.91069,MONTEREY,UNINCORPORATED,-121.86511393000001,36.598467599999999
6809440,2015,2016-09-13,9730,2015-01-23,2105,19700,,5,2,9,2700,0,3,5,,2,007,"CASTROVILLE BL","RT 156",15.00,N,N,A,-,Y,MON,5,156,-,R,1.820,I,6,W,N,4,0,1,2,A,-,03,22350,,N,C,C,A,A,H,-,C,D,0,,,,,Y,,D,22,0,0,1,0,0,0,0,0,0,"- ","- ",,,MONTEREY,UNINCORPORATED,-121.74363087,36.768343459999997
6809525,2015,2016-10-19,9730,2015-01-25,0042,20514,,7,3,9,2700,0,1,2,,1,070,"RT 101","DUNBARTON RD",300.00,S,N,A,-,Y,MON,5,101,-,-,100.330,H,-,S,Y,4,0,1,2,A,-,07,21658,A,N,B,C,A,A,H,-,D,D,5,,,,,Y,,A,01,0,0,1,0,0,0,0,0,0,"- ","- ",36.843670000000003,-121.63424999999999,MONTEREY,UNINCORPORATED,-121.63453905999999,36.844839149999999
6809526,2015,2016-10-19,9730,2015-01-25,1920,20896,,7,2,2,2703,0,1,2,,1,030,"RT 101","5TH ST",1320.00,N,N,A,-,Y,MON,5,101,-,-,71.110,H,-,S,Y,3,0,2,1,A,-,01,23152,A,N,F,J,A,A,H,-,D,D,1,,,,,Y,Y,A,01,0,2,0,0,0,0,0,0,0,"- ","- ",36.51623,-121.43961,MONTEREY,GONZALES,-121.43999079,36.516762839999998
6809527,2015,2016-09-16,9730,2015-01-31,1905,20621,,6,2,9,2700,0,1,3,,1,014,"RT 1","RIPPLEWOOD CAMPGROUND",1056.00,S,N,B,-,Y,MON,5,1,-,-,47.980,H,-,S,Y,2,0,1,1,A,-,01,23152,A,N,E,I,A,A,H,-,D,D,0,,,,,Y,Y,A,08,1,0,0,0,0,0,0,0,0,"- ","- ",36.292960000000001,-121.79431,MONTEREY,UNINCORPORATED,-121.79947558000001,36.264156890000002
6809528,2015,2016-10-19,9730,2015-01-29,1155,14800,,4,1,9,2700,0,1,2,,1,070,"RT 101","RALPH LN",1056.00,N,N,A,-,Y,MON,5,101,-,-,93.300,H,-,N,Y,4,0,1,2,A,-,03,22350,,N,C,C,A,A,H,-,A,D,5,,,,,Y,,A,01,0,0,1,0,0,0,0,0,0,"- ","- ",36.759549999999997,-121.666,MONTEREY,UNINCORPORATED,-121.66593089,36.759072709999998
6809529,2015,2016-09-16,9730,2015-01-29,2249,20576,,4,3,4,2706,0,1,3,,2,062,"RT 1","AGUAJITO RD",2640.00,S,N,A,-,Y,MON,5,1,-,R,76.880,H,-,N,Y,4,0,1,1,A,-,08,22107,,N,F,A,A,A,H,-,D,D,1,,,,,Y,,A,01,0,0,1,0,0,0,0,0,0,"- ","- ",36.584049999999998,-121.88643999999999,MONTEREY,MONTEREY,-121.88460936,36.584936710000001
6809543,2015,2015-02-27,9730,2015-01-30,1810,20514,,5,2,9,2700,0,2,4,,1,073,"SAN MIGUEL CANYON RD","PRUNEDALE NORTH RD",100.00,W,N,A,-,N,,,,,,,,,,N,4,0,1,3,A,-,03,22350,,N,C,C,A,A,H,-,C,D,0,,,,,Y,,A,07,0,0,1,0,0,0,0,0,0,"- ","- ",36.801519999999996,-121.66528,MONTEREY,UNINCORPORATED,-121.66603114999999,36.801772909999997
6809544,2015,2015-02-27,9730,2015-01-31,1730,20916,,6,2,9,2700,0,3,5,,2,007,"MAHER RD","LITTLE HILL LN",528.00,S,N,A,-,N,,,,,,,,,,Y,3,0,1,1,A,-,01,23152,A,N,F,A,A,A,H,-,D,D,0,,,Y,,Y,Y,C,02,0,1,0,0,0,0,0,0,1,"- ","- ",36.851660000000003,-121.68046,MONTEREY,UNINCORPORATED,-121.6805134,36.85236484
6811431,2015,2016-09-13,9730,2015-01-18,1905,19700,,7,2,9,2700,0,1,3,,1,072,"RT 156","RT 183",30.00,W,N,A,-,Y,MON,5,156,-,R,0.996,R,1,E,Y,4,0,1,3,A,-,03,22350,,F,C,C,A,A,H,-,C,A,1,,,,,Y,,A,01,0,0,1,0,0,0,0,0,0,TO,"- ",36.760919999999999,-121.75216,MONTEREY,UNINCORPORATED,-121.75606773,36.759006220000003
6811845,2015,2015-02-27,9730,2015-01-19,2020,020419,,1,2,9,2700,0,3,5,,2,003,"FOLETTA RD","BROOME RD",2000.00,N,N,A,-,N,,,,,,,,,,Y,4,0,1,1,A,-,08,22107,,N,E,I,A,A,H,-,D,D,0,,,,,Y,,A,07,0,0,1,0,0,0,0,0,0,"- ","- ",,,MONTEREY,UNINCORPORATED,-121.50763566000001,36.557938849999999
6811849,2015,2016-09-16,9730,2015-01-18,1325,018886,,7,1,9,2700,0,1,3,,1,022,"RT 1","RT 68",25.00,N,N,A,-,Y,MON,5,1,-,R,75.320,R,1,S,Y,4,0,1,2,A,-,03,22350,,N,C,C,A,A,H,-,A,D,1,,,,,Y,,A,01,0,0,1,0,0,0,0,0,0,TO,"- ",,,MONTEREY,UNINCORPORATED,-121.91000594,36.576764539999999
6811853,2015,2015-02-27,9730,2015-01-24,1515,019837,,6,2,9,2700,0,3,5,,2,002,"LAURELES GRADE RD","RINCONADA RD",1056.00,S,N,A,-,N,,,,,,,,,,Y,2,0,1,1,A,-,03,22350,,N,F,A,A,A,H,-,A,D,0,,,Y,,Y,,C,02,1,0,0,0,0,0,0,0,1,"- ","- ",36.533830000000002,-121.75024999999999,MONTEREY,UNINCORPORATED,-121.75043347,36.535985199999999
6811857,2015,2016-09-16,9730,2015-01-17,1430,019837,,6,2,4,2710,0,1,3,,2,062,"RT 1","FREMONT BL",528.00,N,N,A,-,Y,MON,5,1,-,R,80.370,H,-,S,N,4,0,1,2,A,-,07,21658,A,N,B,C,A,A,H,-,A,D,1,,,,,Y,,A,01,0,0,1,0,0,0,0,0,0,"- ","- ",,,MONTEREY,SEASIDE,-121.84627294000001,36.621565879999999
6811861,2015,2016-09-16,9730,2015-01-18,1521,017184,,7,2,9,2700,0,1,3,,1,014,"RT 1","SYCAMORE CANYON RD",30.00,S,N,A,-,Y,MON,5,1,-,-,45.630,H,-,N,Y,4,0,1,1,A,-,03,22350,,N,F,A,A,A,H,-,A,D,0,,,Y,,Y,Y,C,02,0,0,1,0,0,0,0,0,1,"- ","- ",36.24071,-121.77775,MONTEREY,UNINCORPORATED,-121.77689590999999,36.240132449999997
6811865,2015,2016-10-19,9730,2015-01-17,1850,020417,,6,2,9,2700,0,3,5,,2,006,"BLACKIE RD","RT 101",45.00,W,N,A,-,Y,MON,5,101,-,-,94.280,I,6,S,N,4,0,1,1,A,-,08,22107,,N,E,I,A,A,H,-,C,D,5,,,,,Y,,A,01,0,0,1,0,0,0,0,0,0,"- ","- ",36.772889999999997,-121.6696,MONTEREY,UNINCORPORATED,-121.66933227,36.772845619999998
6811869,2015,2015-02-27,9730,2015-01-17,0315,020598,,6,3,9,2700,0,3,5,,2,007,"JENSEN RD","HILLTOP RD",0.00,,Y,A,-,N,,,,,,,,,,Y,4,0,1,1,A,-,01,23152,A,N,F,A,A,A,H,-,D,D,0,,,Y,,Y,Y,C,02,0,0,1,0,0,0,0,0,1,"- ","- ",36.86007,-121.77143,MONTEREY,UNINCORPORATED,-121.77183866999999,36.853801660000002
6813514,2014,2015-04-02,2708,2014-12-14,1158,19943,,7,5,6,2708,0,0,0,,0,003,"NATIVIDAD RD","ARCADIA WY",0.00,,Y,B,-,N,,,,,,,,,,Y,4,0,1,2,A,-,12,21453,A,F,D,C,A,A,H,-,A,A,0,,,,,Y,Y,A,01,0,0,1,0,0,0,0,0,0,"- ","- ",,,MONTEREY,SALINAS,-121.62431991,36.713540029999997
6813518,2014,2016-02-16,2708,2014-12-23,0739,52823,,2,5,6,2708,0,0,0,,0,,"MOFFETT ST","AIRPORT BL",600.00,S,N,A,-,N,,,,,,,,,,N,4,0,1,2,A,-,03,22350,,N,D,C,A,A,H,-,A,D,0,,,,,Y,,-,,0,0,1,0,0,0,0,0,0,"- ","- ",,,MONTEREY,SALINAS,-121.61942725999999,36.662046140000001
6813967,2014,2015-03-05,2708,2014-11-05,1532,52823,,3,5,6,2708,0,0,0,,0,,"SOUTH MAIN ST","ACACIA ST",70.00,N,N,A,-,Y,,,,,,,,,,N,4,0,1,3,A,-,03,22350,,N,C,C,A,-,H,-,A,A,0,,,,,Y,,-,,0,0,1,0,0,0,0,0,0,"- ","- ",,,MONTEREY,SALINAS,-121.65709542,36.664425139999999
6813975,2014,2015-03-05,2708,2014-11-20,1230,52823,,4,5,6,2708,0,0,0,,0,,"IRIS DR","HEATHER CIR",0.00,,Y,B,-,N,,,,,,,,,,N,4,0,1,2,A,-,12,22450,,F,G,B,B,A,H,-,A,A,0,Y,,,,Y,,-,,0,0,1,0,1,0,0,0,0,"- ","- ",,,MONTEREY,SALINAS,-121.65634992,36.693330109999998
6813979,2014,2015-03-05,2708,2014-11-19,0835,52823,,3,5,6,2708,0,0,0,,0,,"EAST LAUREL DR","GRANADA AV",30.00,E,N,B,-,N,,,,,,,,,,N,4,0,1,2,A,-,09,21804,A,N,D,C,A,A,H,-,A,D,0,,,,,Y,,-,,0,0,1,0,0,0,0,0,0,"- ","- ",,,MONTEREY,SALINAS,-121.64025147,36.696767710000003
6813983,2014,2015-03-05,2708,2014-11-20,0805,52823,,4,5,6,2708,0,0,0,,0,,"EAST MARKET ST","EUCALYPTUS ST",0.00,,Y,B,-,N,,,,,,,,,,N,4,0,1,2,A,-,12,22450,,F,G,B,B,A,H,-,A,A,0,Y,,,,Y,,-,,0,0,1,0,1,0,0,0,0,"- ","- ",,,MONTEREY,SALINAS,-121.62343998,36.677149999999997
6813992,2014,2015-03-06,2708,2014-12-19,1123,19943,,5,5,6,2708,0,0,0,,0,003,"EAST BORONDA RD","MCKINNON ST",528.00,E,N,B,-,N,,,,,,,,,,Y,3,0,3,2,A,-,04,21703,,N,C,C,A,A,H,-,A,D,0,,,,,Y,,-,,0,2,1,0,0,0,0,0,0,"- ","- ",,,MONTEREY,SALINAS,-121.64189218999999,36.716790260000003
6813994,2014,2015-03-27,2708,2014-11-28,1525,03581,,5,5,6,2708,0,0,0,,0,001,"RUSSELL RD","VAN BUREN AV",0.00,,Y,A,-,N,,,,,,,,,,N,4,0,1,2,A,-,08,22107,,N,C,C,A,A,H,-,A,A,0,,,,,Y,,-,,0,0,1,0,0,0,0,0,0,"- ","- ",,,MONTEREY,SALINAS,-121.64804986,36.732130040000001
6813995,2014,2015-03-05,2710,2014-11-06,1729,32771,,4,5,4,2710,0,0,0,,0,,"BROADWAY AV","MESCAL ST",0.00,,Y,A,-,N,,,,,,,,,,Y,4,0,2,2,A,-,09,21802,A,N,D,C,A,A,H,-,C,A,0,,,,,Y,,A,01,0,0,2,0,0,0,0,0,0,"- ","- ",,,MONTEREY,SEASIDE,-121.82446992,36.608730020000003
6814000,2014,2015-03-06,2708,2014-12-09,1552,52823,,2,5,6,2708,0,0,0,,0,,"EAST LAUREL DR","NATIVIDAD RD",20.00,W,N,B,-,N,,,,,,,,,,N,3,0,2,2,A,-,04,21703,,N,C,C,A,A,H,-,A,A,0,,,,,Y,,-,,0,1,1,0,0,0,0,0,0,"- ","- ",,,MONTEREY,SALINAS,-121.63835566,36.696344920000001
6814641,2015,2016-09-13,2708,2015-03-08,1714,15702,,7,5,6,2708,0,0,0,,0,,"RT 183","E MENKE ST",320.00,N,N,A,-,Y,MON,5,183,-,-,0.400,H,-,N,Y,4,0,1,2,A,-,03,22350,,N,C,C,A,A,H,-,A,A,0,,,,,Y,,J,48,0,0,1,0,0,0,0,0,0,"- ","- ",,,MONTEREY,SALINAS,-121.65402073,36.681333440000003
6814665,2015,2015-04-14,2710,2015-03-03,0754,18766,,2,5,4,2710,0,0,0,,0,,"FRANCIS AV","MARIN ST",0.00,,Y,A,-,N,,,,,,,,,,N,4,0,2,2,A,-,09,21802,A,N,D,C,A,A,H,-,A,A,0,,,,,Y,,A,01,0,0,2,0,0,0,0,0,0,"- ","- ",,,MONTEREY,SEASIDE,-121.85231996,36.6015601
6816314,2015,2016-02-17,2703,2015-02-05,0757,6261,2703,4,5,2,2703,0,0,0,,0,ALL,"ALTA ST","C ST",152.00,S,N,A,-,N,,,,,,,,,,Y,4,0,3,2,A,-,09,21804,A,N,D,C,A,A,H,-,A,A,0,,,,,Y,,A,07,0,0,3,0,0,0,0,0,0,"- ","- ",,,MONTEREY,GONZALES,-121.43942011,36.501670099999998
6817677,2014,2015-02-24,9730,2014-12-17,1550,18350,,3,2,9,2700,0,2,4,,1,023,"CARMEL VALLEY RD","PILOT RD",0.00,,Y,B,-,N,,,,,,,,,,Y,4,0,1,2,A,-,09,21802,A,N,D,C,A,A,H,-,A,A,0,,,,,Y,,A,01,0,0,1,0,0,0,0,0,0,"- ","- ",36.480069999999998,-121.73465,MONTEREY,UNINCORPORATED,-121.73469987,36.480080049999998
6817713,2015,2015-03-09,2712,2015-02-07,1055,537,2712,6,5,3,2712,0,0,0,,0,001,"RESERVATION RD","RESERVATION RD 264",0.00,,-,B,-,N,,,,,,,,,,N,4,0,1,2,B,-,22,,,F,G,B,F,B,H,-,A,D,0,Y,,,,Y,,A,01,0,0,1,0,1,0,0,0,0,"- ","- ",,,MONTEREY,MARINA,-121.79557085,36.685692830000001
6822077,2015,2015-02-26,2707,2015-01-23,1300,2011,2707,5,5,3,2707,0,0,0,,0,002,CENTRAL,"17TH ST",7.00,E,N,A,-,N,,,,,,,,,,N,3,0,1,2,A,-,12,22450,A,N,D,G,A,A,H,-,A,A,0,,Y,,,Y,,L,04,0,1,0,0,0,0,1,0,0,"- ","- ",,,MONTEREY,"PACIFIC GROVE",-121.91841755999999,36.62235347
6822295,2014,2015-02-26,2707,2014-12-21,2144,1572,2707,7,5,3,2707,0,0,0,,0,001,"BLACKFOREST AV","SINEX AV",0.00,,Y,A,-,N,,,,,,,,,,N,4,0,2,3,A,-,"- ",,,N,B,B,B,A,H,-,C,A,0,Y,,,,Y,,A,07,0,0,2,0,2,0,0,0,0,"- ","- ",,,MONTEREY,"PACIFIC GROVE",-121.92043049999999,36.615087000000003
6823325,2015,2015-03-06,2704,2015-02-14,1250,0633,,6,5,3,2704,0,0,0,,0,003,"HEIDI DR","TYLER AV",214.00,N,N,A,-,N,,,,,,,,,,N,4,0,2,2,A,-,07,21658,A,N,D,C,A,A,H,-,A,D,0,,,,,Y,,A,01,0,0,2,0,0,0,0,0,0,"- ","- ",,,MONTEREY,GREENFIELD,-121.24193105000001,36.314502760000003
6824417,2014,2015-03-12,2705,2014-11-04,1355,K22951,2705,2,5,3,2705,0,0,0,,0,002,"BROADWAY ST","S RUSS AV",0.00,,Y,A,-,N,,,,,,,,,,N,4,0,1,2,A,-,11,21950,B,N,D,B,B,A,H,-,A,D,0,Y,,,,Y,,N,60,0,0,1,0,1,0,0,0,0,"- ","- ",,,MONTEREY,"KING CITY",-121.12905987000001,36.211500059999999
6824601,2015,2015-03-10,9735,2015-02-15,2320,019894,,7,3,9,2700,0,3,5,,2,001,"JOLON RD","MISSION RD",528.00,S,N,A,-,N,,,,,,,,,,Y,4,0,1,1,A,-,08,22107,,N,E,I,A,A,H,-,D,D,0,,,,,Y,,A,01,0,0,1,0,0,0,0,0,0,"- ","- ",35.96593,-121.17243000000001,MONTEREY,UNINCORPORATED,-121.17551973,35.96775641
6824602,2015,2015-03-10,9735,2015-02-08,1350,019330,,7,1,9,2700,0,3,5,,2,001,"PINE CANYON RD","PINE MEADOW DR",5808.00,W,N,C,-,N,,,,,,,,,,Y,3,0,1,1,A,-,08,22107,,N,E,I,A,B,H,-,A,D,0,,,,,Y,,A,01,0,1,0,0,0,0,0,0,0,"- ","- ",36.162790000000001,-121.16269,MONTEREY,UNINCORPORATED,-121.16285121,36.162257859999997
6825666,2015,2016-10-19,9730,2015-01-28,0615,13024,,3,1,9,2700,0,1,2,,1,030,"RT 101","ESPERANZA RD",600.00,N,N,A,-,Y,MON,5,101,-,-,78.950,H,-,S,Y,4,0,1,1,A,-,08,22107,,N,F,A,A,A,H,-,B,D,5,,,,,Y,,A,01,0,0,1,0,0,0,0,0,0,"- ","- ",,,MONTEREY,UNINCORPORATED,-121.54106665,36.591102730000003
6825973,2015,2016-10-12,9730,2015-02-12,0309,18312,,4,3,4,2706,0,1,3,,2,062,"RT 1","RT 68",1056.00,S,N,A,-,Y,MON,5,1,-,-,77.920,H,-,S,Y,3,0,1,1,A,-,01,23152,A,N,E,I,A,A,H,-,D,D,1,,,,,Y,Y,A,01,0,1,0,0,0,0,0,0,0,"- ","- ",36.593989999999998,-121.87347,MONTEREY,MONTEREY,-121.87567589,36.593681910000001
6827418,2014,2015-03-11,2707,2014-12-21,0918,2091,2707,7,5,3,2707,0,0,0,,0,002,"CENTRAL AV","9TH ST",8.00,E,N,A,-,N,,,,,,,,,,Y,4,0,1,2,A,-,03,22350,,N,H,C,A,A,H,-,A,D,0,,,,,Y,,A,07,0,0,1,0,0,0,0,0,0,"- ","- ",,,MONTEREY,"PACIFIC GROVE",-121.91139450999999,36.620612199999997
6827453,2014,2015-03-24,2705,2014-11-04,1512,K22951,2705,2,5,3,2705,0,0,0,,0,003,"NORTH MILDRED AV","BROADWAY ST",0.00,,Y,A,-,N,,,,,,,,,,N,4,0,2,2,A,-,03,22350,,N,C,C,A,A,H,-,A,D,0,,,,,Y,,A,01,0,0,2,0,0,0,0,0,0,"- ","- ",,,MONTEREY,"KING CITY",-121.13197988,36.209650070000002
6827530,2014,2015-03-24,2705,2014-12-22,1241,22892,03,1,5,3,2705,0,0,0,,0,002,"BROADWAY ST","FRANCISCAN WY",0.00,,Y,A,-,N,,,,,,,,,,Y,4,0,1,2,A,-,04,21703,,N,C,C,A,A,H,-,A,D,0,,,,,Y,,A,01,0,0,1,0,0,0,0,0,0,"- ","- ",,,MONTEREY,"KING CITY",-121.13592994,36.206620049999998
6828484,2015,2015-03-19,9730,2015-02-13,2306,019981,,5,3,9,2700,0,3,5,,2,006,"INTER-GARRISON RD","RESERVATION RD",200.00,S,N,A,-,N,,,,,,,,,,Y,4,0,1,1,A,-,01,23152,E,N,E,I,A,A,H,-,C,D,0,,,,,Y,,D,22,0,0,1,0,0,0,0,0,0,"- ","- ",,,MONTEREY,UNINCORPORATED,-121.74211338000001,36.659202110000003
6828523,2015,2016-09-13,9730,2015-02-09,1605,20916,,1,2,9,2700,0,1,3,,1,072,"RT 156","CASTROVILLE BL",0.00,,Y,A,-,Y,MON,5,156,-,-,1.820,I,5,W,Y,4,0,1,2,A,-,12,21453,A,N,D,C,A,A,H,-,A,A,0,,,,,Y,,A,01,0,0,1,0,0,0,0,0,0,"- ","- ",36.768599999999999,-121.7433,MONTEREY,UNINCORPORATED,-121.72455303,36.773848319999999
6828547,2015,2015-03-16,9730,2015-02-11,1130,14584,,3,1,9,2700,0,3,5,,2,006,"VERONICA DR","FERDINAND DR",528.00,E,N,A,-,N,,,,,,,,,,Y,3,0,1,2,A,-,21,22106,,N,C,C,A,A,H,-,A,D,0,,,,,Y,,D,22,0,1,0,0,0,0,0,0,0,"- ","- ",,,MONTEREY,UNINCORPORATED,-121.70041999999999,36.598959999999998
6828593,2015,2016-10-19,9730,2015-01-25,1614,019770,,7,2,6,2708,0,1,2,,1,050,"RT 101","SANBORN RD",120.00,S,N,A,-,Y,MON,5,101,-,-,86.100,H,-,N,Y,4,0,1,2,A,-,07,21658,A,N,B,C,A,A,H,-,A,A,1,,,,,Y,,A,01,0,0,1,0,0,0,0,0,0,"- ","- ",36.666589999999999,-121.62788999999999,MONTEREY,SALINAS,-121.62766395,36.666516889999997
6828597,2015,2015-03-20,9730,2015-02-05,1336,015638,,4,1,9,2700,0,3,5,,2,007,"CASTROVILLE BL","CIELO AZUL",120.00,S,N,B,-,N,,,,,,,,,,Y,4,0,1,2,A,-,05,21460,A,N,A,C,A,A,H,-,A,D,0,,,,,Y,,D,23,0,0,1,0,0,0,0,0,0,"- ","- ",,,MONTEREY,UNINCORPORATED,-121.74172280000001,36.772523309999997
6828601,2015,2016-09-16,9730,2015-01-30,1145,017502,,5,1,4,2706,0,1,3,,2,062,"RT 1","RT 68",1584.00,S,N,A,-,Y,MON,5,1,-,R,77.820,H,-,S,Y,3,0,2,2,A,-,07,21658,A,N,B,C,A,A,H,-,A,D,1,,,,,Y,,A,01,0,1,1,0,0,0,0,0,0,"- ","- ",36.593670000000003,-121.87597,MONTEREY,MONTEREY,-121.87367453,36.594012589999998