CASE_ID,ACCIDENT_YEAR,PROC_DATE,JURIS,COLLISION_DATE,COLLISION_TIME,OFFICER_ID,REPORTING_DISTRICT,DAY_OF_WEEK,CHP_SHIFT,POPULATION,CNTY_CITY_LOC,SPECIAL_COND,BEAT_TYPE,CHP_BEAT_TYPE,CITY_DIVISION_LAPD,CHP_BEAT_CLASS,BEAT_NUMBER,PRIMARY_RD,SECONDARY_RD,DISTANCE,DIRECTION,INTERSECTION,WEATHER_1,WEATHER_2,STATE_HWY_IND,CALTRANS_COUNTY,CALTRANS_DISTRICT,STATE_ROUTE,ROUTE_SUFFIX,POSTMILE_PREFIX,POSTMILE,LOCATION_TYPE,RAMP_INTERSECTION,SIDE_OF_HWY,TOW_AWAY,COLLISION_SEVERITY,NUMBER_KILLED,NUMBER_INJURED,PARTY_COUNT,PRIMARY_COLL_FACTOR,PCF_CODE_OF_VIOL,PCF_VIOL_CATEGORY,PCF_VIOLATION,PCF_VIOL_SUBSECTION,HIT_AND_RUN,TYPE_OF_COLLISION,MVIW,PED_ACTION,ROAD_SURFACE,ROAD_COND_1,ROAD_COND_2,LIGHTING,CONTROL_DEVICE,CHP_ROAD_TYPE,PEDESTRIAN_ACCIDENT,BICYCLE_ACCIDENT,MOTORCYCLE_ACCIDENT,TRUCK_ACCIDENT,NOT_PRIVATE_PROPERTY,ALCOHOL_INVOLVED,STWD_VEHTYPE_AT_FAULT,CHP_VEHTYPE_AT_FAULT,COUNT_SEVERE_INJ,COUNT_VISIBLE_INJ,COUNT_COMPLAINT_PAIN,COUNT_PED_KILLED,COUNT_PED_INJURED,COUNT_BICYCLIST_KILLED,COUNT_BICYCLIST_INJURED,COUNT_MC_KILLED,COUNT_MC_INJURED,PRIMARY_RAMP,SECONDARY_RAMP,LATITUDE,LONGITUDE,COUNTY,CITY,POINT_X,POINT_Y
6844129,2015,2016-09-13,9730,2015-02-18,1530,015638,,3,2,9,2700,0,1,3,,1,072,"RT 156","RT 183",125.00,E,N,A,-,Y,MON,5,156,-,R,1.270,R,1,W,Y,4,0,2,3,A,-,03,22350,,N,C,C,A,A,H,-,A,A,1,,,,,Y,,A,01,0,0,2,0,0,0,0,0,0,TO,"- ",36.762610000000002,-121.75149,MONTEREY,UNINCORPORATED,-121.75119961999999,36.762487890000003
6844398,2014,2015-03-13,2705,2014-09-02,1114,22959,08,2,5,3,2705,0,0,0,,0,002,"S RUSS AV","BASSETT ST",0.00,,Y,A,-,N,,,,,,,,,,Y,4,0,2,2,A,-,09,21802,A,N,A,C,A,A,H,-,A,D,0,,,,,Y,,A,01,0,0,2,0,0,0,0,0,0,"- ","- ",,,MONTEREY,"KING CITY",-121.12833989000001,36.210580069999999
6844524,2015,2015-05-14,2703,2015-03-04,0739,7248,2703,3,5,2,2703,0,0,0,,0,ALL,"CABERNET DR","CABERNET WY",8.00,E,N,A,-,N,,,,,,,,,,Y,3,0,1,2,A,-,08,22107,,N,A,C,A,A,H,-,A,D,0,,,,,Y,,D,22,0,1,0,0,0,0,0,0,0,"- ","- ",,,MONTEREY,GONZALES,-121.44444373,36.520887620000003
6846145,2015,2016-09-13,9730,2015-02-22,1420,020903,,7,2,9,2700,0,1,3,,1,072,"RT 156","CASTROVILLE BL",60.00,E,N,B,-,Y,MON,5,156,-,-,1.830,H,-,W,N,4,0,1,2,A,-,03,22350,,N,C,C,A,A,H,-,A,D,0,,,,,Y,,A,01,0,0,1,0,0,0,0,0,0,"- ","- ",,,MONTEREY,UNINCORPORATED,-121.72438071000001,36.773897650000002
6846149,2015,2016-09-16,9730,2015-02-22,1625,019981,,7,2,4,2706,0,1,3,,2,062,"RT 1","SLOAT AV",100.00,S,N,A,-,Y,MON,5,1,-,R,77.580,H,-,S,Y,3,0,1,2,A,-,07,21658,A,F,E,I,A,A,H,-,A,D,1,,,,,Y,,A,01,0,1,0,0,0,0,0,0,0,"- ","- ",,,MONTEREY,MONTEREY,-121.87781255,36.593187489999998
6847042,2015,2016-10-19,9730,2015-02-22,1625,020621,,7,2,6,2708,0,1,2,,1,050,"RT 101","BORONDA RD",1056.00,S,N,C,-,Y,MON,5,101,-,R,90.810,H,-,S,Y,4,0,2,2,A,-,03,22350,,N,C,C,A,B,H,-,A,D,1,,,,,Y,,A,01,0,0,2,0,0,0,0,0,0,"- ","- ",36.719140000000003,-121.66069,MONTEREY,SALINAS,-121.66076544000001,36.719177190000003
6847046,2015,2016-09-16,9730,2015-02-22,1410,020916,,7,2,9,2700,0,1,3,,1,022,"RT 1","FLANDERS DR",72.00,S,N,A,-,Y,MON,5,1,-,-,73.920,H,-,S,N,4,0,1,2,A,-,03,22350,,N,C,C,A,A,H,-,A,D,0,,,,,Y,,A,01,0,0,1,0,0,0,0,0,0,"- ","- ",36.557270000000003,-121.91110999999999,MONTEREY,UNINCORPORATED,-121.91139328,36.557656260000002
6847053,2015,2015-03-18,9730,2015-02-01,2224,020896,,7,3,9,2700,0,2,4,,2,063,"BLANCO RD","RESEARCH DR",0.00,,Y,A,-,N,,,,,,,,,,Y,2,0,4,2,A,-,05,21651,B,N,A,C,A,A,H,-,C,A,0,,,,,Y,,A,07,4,0,0,0,0,0,0,0,0,"- ","- ",36.669229999999999,-121.75505,MONTEREY,UNINCORPORATED,-121.75498998,36.669250079999998
6847057,2015,2015-03-18,9730,2015-02-17,1235,017502,,2,1,9,2700,0,2,4,,2,063,"BLANCO RD","COOPER RD",4224.00,E,N,B,-,N,,,,,,,,,,Y,4,0,2,3,A,-,03,22350,,N,C,C,A,A,H,-,A,D,0,,,,,Y,,A,01,0,0,2,0,0,0,0,0,0,"- ","- ",36.678649999999998,-121.73884,MONTEREY,UNINCORPORATED,-121.72061291999999,36.678710000000002
6847061,2015,2016-09-16,9730,2015-02-19,1105,020578,,4,1,9,2700,0,1,3,,1,022,"RT 1","CARPENTER RD",100.00,N,N,B,-,Y,MON,5,1,-,-,74.580,H,-,N,N,4,0,2,2,A,-,03,22350,,N,C,C,A,A,H,-,A,D,0,,,,,Y,,A,01,0,0,2,0,0,0,0,0,0,"- ","- ",36.567149999999998,-121.91285999999999,MONTEREY,UNINCORPORATED,-121.913003,36.566747999999997
6847065,2015,2016-09-16,9730,2015-02-19,1735,019529,,4,2,9,2700,0,1,3,,1,074,"RT 1","STRUVE RD",1700.00,S,N,A,-,Y,MON,5,1,-,-,98.030,H,-,S,Y,4,0,1,2,A,-,03,22350,,N,C,C,A,A,H,-,A,D,0,,,,,Y,,A,01,0,0,1,0,0,0,0,0,0,"- ","- ",,,MONTEREY,UNINCORPORATED,-121.77412794999999,36.827193370000003
6847069,2015,2016-09-16,9730,2015-02-15,2030,019700,,7,2,9,2700,0,1,3,,1,074,"RT 1","JENSEN RD",500.00,N,N,A,-,Y,MON,5,1,-,-,100.010,H,-,S,N,4,0,1,2,A,-,08,22107,,F,G,B,E,A,H,-,D,D,0,Y,,,,Y,,A,07,0,0,1,0,1,0,0,0,0,"- ","- ",36.858069999999998,-121.77119999999999,MONTEREY,UNINCORPORATED,-121.77111263,36.85511743
6847073,2015,2016-09-16,9730,2015-02-15,1455,020916,,7,2,9,2700,0,1,3,,1,022,"RT 1","OCEAN AV",500.00,S,N,A,-,Y,MON,5,1,-,-,73.710,H,-,S,Y,3,0,1,1,A,-,03,22350,,N,F,A,A,A,H,-,A,D,0,,,Y,,Y,,C,02,0,1,0,0,0,0,0,0,1,"- ","- ",36.554569999999998,-121.91108,MONTEREY,UNINCORPORATED,-121.91095749999999,36.554597510000001
6847077,2015,2016-10-19,9730,2015-02-16,1709,020514,,1,2,9,2700,0,1,2,,1,070,"RT 101","RALPH LN",200.00,S,N,A,-,Y,MON,5,101,-,-,93.060,H,-,S,Y,4,0,2,2,A,-,03,22350,,N,C,C,A,A,H,-,A,D,5,,,,,Y,,A,01,0,0,2,0,0,0,0,0,0,"- ","- ",36.755769999999998,-121.66504,MONTEREY,UNINCORPORATED,-121.66499014999999,36.755677230000003
6847081,2015,2016-09-16,9730,2015-02-10,1357,020896,,2,1,4,2706,0,1,3,,2,062,"RT 1","AGUAJITO RD",72.00,N,N,A,-,Y,MON,5,1,-,R,77.390,H,-,N,Y,3,0,1,1,A,-,08,22107,,N,E,I,A,A,H,-,A,D,1,,,,,Y,,A,07,0,1,0,0,0,0,0,0,0,"- ","- ",36.591419999999999,-121.88033,MONTEREY,MONTEREY,-121.88033698,36.591391360000003
6847117,2015,2015-03-18,9730,2015-02-19,1415,018886,,4,2,9,2700,0,2,4,,2,063,"DAVIS RD","BLANCO RD",20.00,N,N,B,-,N,,,,,,,,,,N,4,0,1,2,A,-,21,22106,,N,C,C,A,A,H,-,A,D,0,,,,,Y,,A,01,0,0,1,0,0,0,0,0,0,"- ","- ",,,MONTEREY,UNINCORPORATED,-121.68506988999999,36.666844439999998
6848614,2015,2015-04-06,2711,2015-02-20,0704,7457,2711,5,5,3,2711,0,0,0,,0,001,"ESTRELLA ST","MADRID ST",25.00,S,N,B,-,N,,,,,,,,,,N,4,0,1,2,A,-,05,21202,A,N,G,G,A,A,H,-,A,A,0,,Y,,,Y,,L,04,0,0,1,0,0,0,1,0,0,"- ","- ",,,MONTEREY,SOLEDAD,-121.32062999999999,36.438899999999997
6848785,2015,2015-08-27,2711,2015-02-16,0627,0645,2711,1,5,3,2711,0,0,0,,0,002,"METZ RD","RUBION DR",41.00,N,N,A,-,N,,,,,,,,,,N,4,0,1,2,A,-,21,22106,,N,C,C,A,A,H,-,B,D,0,,,,,Y,,A,01,0,0,1,0,0,0,0,0,0,"- ","- ",,,MONTEREY,SOLEDAD,-121.31186687,36.426021210000002
6849996,2015,2015-03-30,2706,2015-03-10,1944,896,MPD,2,5,4,2706,0,0,0,,0,002,"MUNRAS AV",SOLEDAD,277.00,N,N,B,-,N,,,,,,,,,,N,3,0,1,2,A,-,11,21956,,N,G,B,D,A,H,-,C,D,0,Y,,,,Y,,N,60,0,1,0,0,1,0,0,0,0,"- ","- ",,,MONTEREY,MONTEREY,-121.90138353,36.58401653
6852829,2015,2016-09-13,9735,2015-02-28,2011,019263,,6,2,9,2700,0,1,3,,1,034,"RT 198","PINE VALLEY RD",1320.00,E,N,C,-,Y,MON,5,198,-,-,10.310,H,-,W,Y,2,0,4,2,A,-,05,21460,A,F,A,C,A,B,H,-,D,D,0,,,,,Y,,A,07,1,3,0,0,0,0,0,0,0,"- ","- ",36.165129999999998,-120.86365000000001,MONTEREY,UNINCORPORATED,-120.86585388,36.165137450000003
6853013,2015,2016-10-19,9735,2015-03-12,1235,017681,,4,1,9,2700,0,1,2,,1,040,"RT 101","ARROYO SECO RD",4752.00,S,N,A,-,Y,MON,5,101,-,-,59.500,H,-,S,Y,4,0,1,2,A,-,08,22107,,N,B,C,A,A,D,-,A,D,4,,,,,Y,,A,01,0,0,1,0,0,0,0,0,0,"- ","- ",36.392490000000002,-121.30902,MONTEREY,UNINCORPORATED,-121.30850094,36.391632889999997
6853966,2015,2015-04-07,2706,2015-03-02,0747,031,2706,1,5,4,2706,0,0,0,,0,003,"CAMINO AGUAJITO","MARK THOMAS DR",0.00,,Y,B,-,N,,,,,,,,,,Y,4,0,3,2,A,-,08,22101,D,N,D,C,A,A,A,H,A,A,0,,,,,Y,,A,01,0,0,3,0,0,0,0,0,0,"- ","- ",,,MONTEREY,MONTEREY,-121.88002825,36.591153060000003
6854141,2015,2015-09-25,9730,2015-01-05,1954,20903,,1,2,9,2700,0,1,2,,1,050,"RT 101","BORONDA RD",528.00,S,N,A,-,Y,MON,5,101,-,R,90.910,H,-,S,Y,1,1,0,2,A,-,11,21954,A,N,G,B,D,A,H,-,D,D,1,Y,,,,Y,,N,60,0,0,0,1,0,0,0,0,0,"- ","- ",36.719889999999999,-121.66061999999999,MONTEREY,UNINCORPORATED,-121.66038988,36.72059754
6854148,2015,2015-04-03,9730,2015-01-16,1827,20419,,5,2,9,2700,0,1,2,,1,030,"RT 101","POTTER RD",0.00,,Y,A,-,Y,MON,5,101,-,-,80.290,I,5,N,Y,1,1,5,2,A,-,09,21801,A,N,D,C,A,A,H,-,D,D,5,,,,,Y,,A,07,1,3,1,0,0,0,0,0,0,"- ","- ",36.605559999999997,-121.55701999999999,MONTEREY,UNINCORPORATED,-121.55706996000001,36.605609909999998
6854156,2015,2015-03-30,9735,2015-01-29,2215,20168,,4,3,9,2700,0,3,5,,2,002,"MESA VERDE RD","WILDHORSE RD",3696.00,N,N,A,-,N,,,,,,,,,,N,1,1,0,2,A,-,11,21956,,N,G,B,E,A,H,-,D,D,0,Y,,,,Y,Y,N,60,0,0,0,1,0,0,0,0,0,"- ","- ",36.191369999999999,-121.08199,MONTEREY,UNINCORPORATED,-121.08371547,36.191883240000003
6854157,2015,2015-04-06,9730,2015-01-29,1825,20903,,4,2,4,2706,0,1,3,,2,062,"RT 1","RT 218",330.00,S,N,A,-,Y,MON,5,1,-,R,79.280,H,-,N,Y,1,1,2,1,A,-,08,22107,,F,F,A,A,A,H,-,D,D,1,,,,,Y,Y,D,22,0,2,0,0,0,0,0,0,0,"- ","- ",36.610219999999998,-121.85783000000001,MONTEREY,MONTEREY,-121.85881438,36.609515700000003
6854220,2015,2015-04-15,9730,2015-02-01,0907,17184,,7,1,9,2700,0,1,3,,1,014,"RT 1","GRIMES CANYON RD",1584.00,N,N,A,-,Y,MON,5,1,-,-,42.400,H,-,S,Y,1,1,0,1,A,-,01,23152,A,N,E,I,A,A,H,-,A,D,0,,,,,Y,Y,A,07,0,0,0,0,0,0,0,0,0,"- ","- ",36.210569999999997,-121.74186,MONTEREY,UNINCORPORATED,-121.74159107,36.210552239999998
6854377,2014,2016-01-12,2708,2014-09-15,1453,52823,,1,5,6,2708,0,0,0,,0,,"EAST BERNAL DR","NATIVIDAD RD",33.00,W,N,A,-,N,,,,,,,,,,N,1,1,0,1,C,-,18,,,N,A,I,A,A,H,-,A,D,0,,,,,Y,,-,"- ",0,0,0,0,0,0,0,0,0,"- ","- ",,,MONTEREY,SALINAS,-121.64355496,36.692191299999998
6854403,2014,2015-12-23,9730,2014-12-16,1745,20598,,2,2,9,2700,0,1,3,,1,022,"RT 1","PETER PAN RD",240.00,N,N,C,-,Y,MON,5,1,-,-,69.040,H,-,N,Y,1,1,1,4,A,-,05,21460,A,N,A,C,A,B,H,-,D,D,0,,,,,Y,,A,07,0,0,1,0,0,0,0,0,0,"- ","- ",36.497790000000002,-121.93586999999999,MONTEREY,UNINCORPORATED,-121.93587848999999,36.497830270000001
6854434,2014,2016-01-12,9730,2014-09-09,0630,15638,,2,1,9,2700,0,3,5,,2,005,"SAN JUAN GRADE RD","VALLE SAN JUAN DR",1056.00,N,N,B,-,N,,,,,,,,,,Y,1,1,1,2,A,-,08,22107,,N,H,G,A,A,H,-,B,D,0,,Y,,,Y,,L,04,0,0,1,0,0,1,0,0,0,"- ","- ",36.763570000000001,-121.61236,MONTEREY,UNINCORPORATED,-121.61205327,36.763822759999996
6854446,2014,2016-01-13,9730,2014-10-29,2359,18946,,3,3,9,2700,0,1,3,,1,068,"RT 68","CORRAL DE TIERRA RD",6336.00,W,N,A,-,Y,MON,5,68,-,-,11.750,H,-,E,Y,1,1,0,3,A,-,01,23152,E,F,G,B,E,A,D,-,C,A,0,Y,,,,Y,,A,01,0,0,0,1,0,0,0,0,0,"- ","- ",36.572119999999998,-121.74173999999999,MONTEREY,UNINCORPORATED,-121.74633566999999,36.571093519999998
6854478,2014,2015-05-28,9730,2014-12-20,0340,19700,,6,3,9,2700,0,1,3,,1,074,"RT 1","MOLERA RD",1584.00,N,N,B,C,Y,MON,5,1,-,-,94.700,H,-,N,Y,1,1,0,1,A,-,01,23152,A,N,E,I,A,B,H,-,D,D,0,,,,,Y,Y,A,01,0,0,0,0,0,0,0,0,0,"- ","- ",36.784140000000001,-121.78093,MONTEREY,UNINCORPORATED,-121.78076012,36.784101399999997
6854733,2015,2017-05-09,9730,2015-06-02,1802,19127,SA,2,2,9,2700,0,2,4,,1,073,"SAN MIGUEL CANYON RD","STRONG CIR",45.00,N,N,A,-,N,,,,,,,,,,Y,1,1,2,3,A,-,08,22107,,N,B,C,A,A,H,-,A,D,0,,,,Y,Y,,A,08,0,1,1,0,0,0,0,0,0,"- ","- ",36.832189999999997,-121.67946999999999,MONTEREY,UNINCORPORATED,-121.68310855,36.83658432
6854773,2015,2015-10-08,9730,2015-06-28,2337,20598,,7,3,9,2700,0,1,3,,1,072,"RT 156","MERIDIAN RD",2112.00,E,N,A,-,Y,MON,5,156,-,T,4.970,H,-,E,Y,1,1,0,1,A,-,01,23152,F,N,E,I,A,A,H,-,D,D,0,,,,,Y,Y,A,01,0,0,0,0,0,0,0,0,0,"- ","- ",36.784739999999999,-121.68805999999999,MONTEREY,UNINCORPORATED,-121.67186116000001,36.788797090000003
6854794,2015,2017-05-09,9730,2015-07-03,1800,19239,,5,2,9,2700,0,1,2,,1,070,"RT 101","PRUNEDALE SOUTH RD",213.00,S,N,A,-,Y,MON,5,101,-,-,95.280,H,-,S,Y,1,1,0,1,A,-,08,22107,,N,E,I,A,A,H,-,A,D,5,,,,,Y,,A,07,0,0,0,0,0,0,0,0,0,"- ","- ",36.787089999999999,-121.66831000000001,MONTEREY,UNINCORPORATED,-121.66814075000001,36.78720319
6855123,2015,2016-02-17,2708,2015-02-09,1529,56294,,1,5,6,2708,0,0,0,,0,006,"NORTH DAVIS RD","WEST ROSSI ST",0.00,,Y,B,-,N,,,,,,,,,,Y,3,0,2,2,A,-,12,21453,A,N,D,C,A,A,H,-,A,A,0,,,,,Y,,-,,0,1,1,0,0,0,0,0,0,"- ","- ",,,MONTEREY,SALINAS,-121.67192991,36.68842008
6855139,2014,2015-04-09,2708,2014-12-12,0608,53268,,5,5,6,2708,0,0,0,,0,010,"NORTH SANBORN RD","MARKET ST",12.00,E,N,A,-,N,,,,,,,,,,Y,4,0,1,2,A,-,03,22350,,N,C,C,A,A,H,-,A,A,0,,,,,Y,,-,,0,0,1,0,0,0,0,0,0,"- ","- ",,,MONTEREY,SALINAS,-121.62706471,36.676480580000003
6855143,2015,2015-03-25,2708,2015-02-08,1935,15945,,7,5,6,2708,0,0,0,,0,,"CENTRAL AV","LINCOLN AV",0.00,,Y,B,-,N,,,,,,,,,,N,4,0,1,2,A,-,10,21950,A,N,G,B,B,B,H,-,C,A,0,Y,,,,Y,,-,,0,0,1,0,1,0,0,0,0,"- ","- ",,,MONTEREY,SALINAS,-121.65755996999999,36.6766401
6855190,2015,2015-06-01,2708,2015-02-03,1202,18355,2708,2,5,6,2708,0,0,0,,0,010,"E MARKET","HOBSON AV",150.00,E,N,A,-,N,,,,,,,,,,N,3,0,1,2,A,-,07,21658,A,N,B,G,A,A,H,-,A,D,0,,Y,,,Y,,L,04,0,1,0,0,0,0,1,0,0,"- ","- ",,,MONTEREY,SALINAS,,
6855194,2015,2015-03-26,2708,2015-01-03,1909,30350,,6,5,6,2708,0,0,0,,0,010,"EAST MARKET ST","KERN ST",0.00,,Y,A,-,N,,,,,,,,,,N,4,0,1,2,A,-,03,22350,,N,C,C,A,A,H,-,C,A,0,,,,,Y,,-,,0,0,1,0,0,0,0,0,0,"- ","- ",,,MONTEREY,SALINAS,-121.64007997,36.677390010000003
6856257,2015,2016-10-03,2708,2015-02-19,2050,15945,,4,5,6,2708,0,0,0,,0,,"RT 68","WORK ST",0.00,,Y,A,-,Y,MON,5,68,-,-,21.810,I,5,W,Y,3,0,2,2,A,-,12,21453,A,F,D,C,A,A,H,-,C,A,0,,,,,Y,,-,99,0,2,0,0,0,0,0,0,0,"- ","- ",,,MONTEREY,SALINAS,-121.64284007000001,36.67065341
6856262,2015,2015-03-25,2708,2015-02-09,1555,15945,,1,5,6,2708,0,0,0,,0,,"E ALISAL","PAJARO ST",0.00,,Y,A,-,N,,,,,,,,,,Y,4,0,1,2,A,-,12,21453,A,N,D,C,A,A,H,-,A,A,0,,,,,Y,,-,,0,0,1,0,0,0,0,0,0,"- ","- ",,,MONTEREY,SALINAS,-121.65255986,36.674120000000002
6856266,2015,2015-03-25,2708,2015-02-23,1923,31967,,1,5,6,2708,0,0,0,,0,007,"NACIONAL ST","PARK ST",0.00,,Y,A,-,N,,,,,,,,,,N,4,0,2,2,A,-,09,21802,A,N,D,C,A,A,H,-,C,A,0,,,,,Y,,-,,0,0,2,0,0,0,0,0,0,"- ","- ",,,MONTEREY,SALINAS,-121.66970992,36.67675002
6856269,2015,2016-10-03,2708,2015-02-06,2100,56294,,5,5,6,2708,0,0,0,,0,007,"SOUTH MAIN ST","PINE ST",0.00,,Y,C,-,Y,MON,5,68,-,-,20.730,I,5,W,N,4,0,1,2,A,-,10,21950,A,N,G,B,B,B,H,-,C,A,0,Y,,,,Y,,-,,0,0,1,0,1,0,0,0,0,"- ","- ",,,MONTEREY,SALINAS,-121.65650352999999,36.666232389999998
6856270,2015,2015-06-01,2708,2015-02-08,1925,76956,,7,5,6,2708,0,0,0,,0,011,"NORTH SANBORN RD","FREEDOM PKWY",0.00,,Y,A,-,N,,,,,,,,,,Y,3,0,1,2,A,-,17,21451,A,N,D,C,A,A,H,-,C,A,0,,,,,Y,,-,,0,1,0,0,0,0,0,0,0,"- ","- ",,,MONTEREY,SALINAS,-121.60134986,36.692130040000002
6856273,2015,2015-03-25,2708,2015-02-20,1225,58964,SPD,5,5,6,2708,0,0,0,,0,,"EAST BORONDA RD","MCKINNON ST",0.00,,Y,A,-,N,,,,,,,,,,Y,4,0,2,2,A,-,09,21801,A,N,A,C,A,A,H,-,A,A,0,,,,,Y,,-,,0,0,2,0,0,0,0,0,0,"- ","- ",,,MONTEREY,SALINAS,-121.64365988,36.71707009
6856274,2015,2015-03-25,2708,2015-02-21,1956,31967,,6,5,6,2708,0,0,0,,0,012,"GARNER AV","NORTH SANBORN RD",0.00,,Y,A,-,N,,,,,,,,,,N,4,0,1,2,A,-,03,22350,,M,C,C,A,A,H,-,C,A,0,,,,,Y,Y,-,,0,0,1,0,0,0,0,0,0,"- ","- ",,,MONTEREY,SALINAS,-121.61513994000001,36.686210070000001
6856277,2015,2015-03-25,2708,2015-02-18,2038,06235,,3,5,6,2708,0,0,0,,0,007,"WEST MARKET ST","HAPP PL",0.00,,Y,A,-,N,,,,,,,,,,Y,2,0,2,2,A,-,09,21801,A,N,A,C,A,A,H,-,C,D,0,,,,,Y,,-,,1,0,1,0,0,0,0,0,0,"- ","- ",,,MONTEREY,SALINAS,-121.66002989,36.679100060000003
6856281,2015,2015-04-06,2708,2015-02-19,1823,84535,SALIN,4,5,6,2708,0,0,0,,0,011,"FREEDOM PKWY","RIDER AV",0.00,,Y,A,-,N,,,,,,,,,,Y,4,0,2,2,A,-,12,22450,,N,D,C,A,A,H,-,C,A,0,,,,,Y,,-,,0,0,2,0,0,0,0,0,0,"- ","- ",,,MONTEREY,SALINAS,-121.60410991000001,36.69611012
6856334,2015,2015-04-03,2708,2015-02-19,1132,58964,SPD,4,5,6,2708,0,0,0,,0,,"SALINAS ST","ALISAL ST",30.00,N,N,B,-,N,,,,,,,,,,N,4,0,1,2,A,-,03,22350,,N,C,C,A,A,H,-,A,D,0,,,,,Y,,A,01,0,0,1,0,0,0,0,0,0,"- ","- ",,,MONTEREY,SALINAS,-121.65604849,36.673701059999999
6856404,2015,2015-03-27,2708,2015-02-18,1703,07661,,3,5,6,2708,0,0,0,,0,005,"NORTH MAIN ST","W LAUREL",1120.00,S,N,A,-,N,,,,,,,,,,N,3,0,1,2,A,-,09,21804,B,N,A,G,A,A,H,-,A,D,0,,Y,,,Y,,L,04,0,1,0,0,0,0,1,0,0,"- ","- ",,,MONTEREY,SALINAS,-121.65200013,36.696253130000002
6856408,2015,2016-02-17,2708,2015-02-20,1850,59156,SLNAS,5,5,6,2708,0,0,0,,0,009,"JOHN ST","ABBOTT ST",27.00,E,N,B,-,N,,,,,,,,,,N,3,0,1,2,A,-,12,21453,A,N,D,G,A,A,H,-,C,A,0,,Y,,,Y,,-,,0,1,0,0,0,0,1,0,0,"- ","- ",,,MONTEREY,SALINAS,-121.64678291,36.669454090000002
6856412,2015,2015-03-26,2708,2015-02-06,2239,76998,,5,5,6,2708,0,0,0,,0,002,"CHEROKEE DR","INCA WY",40.00,N,N,C,-,N,,,,,,,,,,Y,4,0,1,2,A,-,03,22350,,N,C,C,A,B,H,-,C,A,0,,,,,Y,,-,,0,0,1,0,0,0,0,0,0,"- ","- ",,,MONTEREY,SALINAS,-121.6621653,36.705976159999999
6856416,2015,2016-04-13,2708,2015-02-20,1720,15945,,5,5,6,2708,0,0,0,,0,,"NORTH MAIN ST","CASTRO ST",10.00,N,N,A,-,N,,,,,,,,,,Y,4,0,1,2,A,-,09,21802,A,N,D,C,A,A,H,-,A,A,0,,,,,Y,,-,,0,0,1,0,0,0,0,0,0,"- ","- ",,,MONTEREY,SALINAS,-121.65633342,36.722367329999997
6856420,2015,2015-03-26,2708,2015-02-09,1705,06235,2708,1,5,6,2708,0,0,0,,0,011,"WILLIAMS RD","DEL MONTE AV",120.00,N,N,A,-,N,,,,,,,,,,N,4,0,1,2,A,-,03,22350,,N,C,C,A,A,H,-,A,D,0,,,,,Y,,-,,0,0,1,0,0,0,0,0,0,"- ","- ",,,MONTEREY,SALINAS,-121.60396736,36.681392090000003
6856424,2015,2015-03-26,2708,2015-02-19,1645,07661,,4,5,6,2708,0,0,0,,0,004,"INDEPENDENCE BL",NANTUCKET,200.00,S,N,A,-,N,,,,,,,,,,Y,4,0,1,1,A,-,08,22107,,N,A,I,A,A,H,-,A,D,0,,,,,Y,,-,,0,0,1,0,0,0,0,0,0,"- ","- ",,,MONTEREY,SALINAS,-121.61859502999999,36.709708769999999
6856428,2015,2015-03-26,2708,2015-02-11,0148,49532,SLNAS,3,5,6,2708,0,0,0,,0,001,"VAN BUREN AV","KENNEDY ST",150.00,S,N,A,-,N,,,,,,,,,,N,3,0,3,2,A,-,03,22350,,F,B,C,A,A,H,-,C,A,0,,,,,Y,,-,99,0,1,2,0,0,0,0,0,0,"- ","- ",,,MONTEREY,SALINAS,-121.64924265000001,36.729798930000001
6856479,2015,2015-03-27,2708,2015-02-12,1648,15702,,4,5,6,2708,0,0,0,,0,009,"ABBOTT ST","EAST ROMIE LN",120.00,S,N,A,-,N,,,,,,,,,,Y,4,0,1,2,A,-,04,21703,,N,C,C,A,A,H,-,A,A,0,,,,,Y,,-,,0,0,1,0,0,0,0,0,0,"- ","- ",,,MONTEREY,SALINAS,-121.63854559000001,36.658769700000001
6856714,2015,2016-09-16,9730,2015-03-13,1307,020896,,5,1,9,2700,0,3,5,,2,007,"JENSEN RD","RT 1",20.00,W,N,A,-,Y,MON,5,1,-,-,99.920,I,6,S,Y,4,0,1,1,A,-,08,22107,,N,E,I,A,A,H,-,A,D,0,,,,,Y,,D,22,0,0,1,0,0,0,0,0,0,"- ","- ",36.8538,-121.77121,MONTEREY,UNINCORPORATED,-121.77111802,36.853816000000002
6856881,2015,2016-09-16,9730,2015-03-14,1830,020419,,6,2,9,2700,0,1,3,,2,062,"RT 1","RT 218",1200.00,S,N,A,-,Y,MON,5,1,-,R,79.130,H,-,N,Y,4,0,1,2,A,-,03,22350,,N,B,C,A,A,H,-,A,D,1,,,,,Y,,D,22,0,0,1,0,0,0,0,0,0,"- ","- ",36.60783,-121.8603,MONTEREY,UNINCORPORATED,-121.86035511999999,36.607888269999997
6856888,2014,2015-04-21,2710,2014-09-24,1631,3U127,,3,5,4,2710,0,0,0,,0,,"DEL MONTE AV","PALM AV",56.00,N,N,A,-,N,,,,,,,,,,N,2,0,1,3,A,-,06,21750,,F,G,G,A,A,H,-,A,D,0,,Y,,,Y,,-,,1,0,0,0,0,0,1,0,0,"- ","- ",,,MONTEREY,SEASIDE,-121.80356279999999,36.683571489999999
6856906,2015,2015-05-11,9730,2015-03-19,1200,020981,,4,1,9,2700,0,2,4,,1,073,"SAN MIGUEL CANYON RD","HALL RD",100.00,S,N,A,-,N,,,,,,,,,,Y,3,0,1,1,A,-,03,22350,,N,F,A,A,A,H,-,A,A,0,,,,Y,Y,,G,25,0,1,0,0,0,0,0,0,0,"- ","- ",36.859000000000002,-121.69524,MONTEREY,UNINCORPORATED,-121.69510267,36.859056649999999