CASE_ID,ACCIDENT_YEAR,PROC_DATE,JURIS,COLLISION_DATE,COLLISION_TIME,OFFICER_ID,REPORTING_DISTRICT,DAY_OF_WEEK,CHP_SHIFT,POPULATION,CNTY_CITY_LOC,SPECIAL_COND,BEAT_TYPE,CHP_BEAT_TYPE,CITY_DIVISION_LAPD,CHP_BEAT_CLASS,BEAT_NUMBER,PRIMARY_RD,SECONDARY_RD,DISTANCE,DIRECTION,INTERSECTION,WEATHER_1,WEATHER_2,STATE_HWY_IND,CALTRANS_COUNTY,CALTRANS_DISTRICT,STATE_ROUTE,ROUTE_SUFFIX,POSTMILE_PREFIX,POSTMILE,LOCATION_TYPE,RAMP_INTERSECTION,SIDE_OF_HWY,TOW_AWAY,COLLISION_SEVERITY,NUMBER_KILLED,NUMBER_INJURED,PARTY_COUNT,PRIMARY_COLL_FACTOR,PCF_CODE_OF_VIOL,PCF_VIOL_CATEGORY,PCF_VIOLATION,PCF_VIOL_SUBSECTION,HIT_AND_RUN,TYPE_OF_COLLISION,MVIW,PED_ACTION,ROAD_SURFACE,ROAD_COND_1,ROAD_COND_2,LIGHTING,CONTROL_DEVICE,CHP_ROAD_TYPE,PEDESTRIAN_ACCIDENT,BICYCLE_ACCIDENT,MOTORCYCLE_ACCIDENT,TRUCK_ACCIDENT,NOT_PRIVATE_PROPERTY,ALCOHOL_INVOLVED,STWD_VEHTYPE_AT_FAULT,CHP_VEHTYPE_AT_FAULT,COUNT_SEVERE_INJ,COUNT_VISIBLE_INJ,COUNT_COMPLAINT_PAIN,COUNT_PED_KILLED,COUNT_PED_INJURED,COUNT_BICYCLIST_KILLED,COUNT_BICYCLIST_INJURED,COUNT_MC_KILLED,COUNT_MC_INJURED,PRIMARY_RAMP,SECONDARY_RAMP,LATITUDE,LONGITUDE,COUNTY,CITY,POINT_X,POINT_Y
6991373,2015,2017-01-12,9735,2015-07-12,1140,020057,,7,1,9,2700,0,1,3,,2,052,"RT 25","BITTERWATER RD",2112.00,S,N,A,-,Y,SBT,5,25,-,-,6.840,H,-,N,Y,2,0,1,1,A,-,08,22107,,N,E,I,A,A,H,-,A,D,0,,,Y,,Y,,C,02,1,0,0,0,0,0,0,0,1,"- ","- ",36.375610000000002,-120.99575,MONTEREY,UNINCORPORATED,-120.99580921,36.375801250000002
6991374,2015,2016-12-22,9735,2015-07-12,0625,018069,,7,1,9,2700,0,1,2,,1,040,"RT 101","HARDEN FARMS",3696.00,S,N,A,-,Y,MON,5,101,-,-,57.850,H,-,S,Y,3,0,2,2,A,-,01,23152,A,N,C,C,A,A,H,-,A,D,4,,,,,Y,Y,A,08,0,1,1,0,0,0,0,0,0,"- ","- ",36.373660000000001,-121.28982999999999,MONTEREY,UNINCORPORATED,-121.28952939,36.373677110000003
6991375,2015,2015-07-27,9735,2015-07-11,2050,019330,,6,2,9,2700,0,3,5,,2,003,"METZ RD","STONEWALL CANYON RD",528.00,S,N,A,-,N,,,,,,,,,,Y,4,0,1,1,A,-,08,22107,,N,F,A,A,A,H,-,D,D,0,,,,,Y,,A,01,0,0,1,0,0,0,0,0,0,"- ","- ",36.423160000000003,-121.2647,MONTEREY,UNINCORPORATED,-121.29420665000001,36.423202549999999
6991883,2015,2015-07-28,9730,2015-07-11,0128,020065,,6,3,9,2700,0,3,5,,2,005,"PESANTE RD","COKER RD",250.00,W,N,A,-,N,,,,,,,,,,Y,3,0,1,1,A,-,01,23152,A,N,E,I,A,A,H,-,D,D,0,,,,,Y,Y,A,01,0,1,0,0,0,0,0,0,0,"- ","- ",36.778500000000001,-121.65017,MONTEREY,UNINCORPORATED,-121.65008279,36.77842424
6991887,2015,2015-07-28,9730,2015-07-10,1400,018786,,5,2,9,2700,0,3,5,,2,003,"RIVER RD","ESCOLLE RD",500.00,S,N,A,-,N,,,,,,,,,,Y,3,0,1,1,A,-,08,22107,,N,E,I,A,A,H,-,A,D,0,,,,,Y,,A,01,0,1,0,0,0,0,0,0,0,"- ","- ",36.471539999999997,-121.4688,MONTEREY,UNINCORPORATED,-121.47082881999999,36.473542690000002
6991891,2015,2015-07-28,9730,2015-07-10,0532,021009,,5,3,9,2700,0,2,4,,1,073,"HALL RD","SAN MIGUEL CANYON RD",25.00,W,N,E,-,N,,,,,,,,,,N,4,0,1,2,A,-,03,22350,,N,C,C,A,B,H,-,B,A,0,,,,,Y,,A,07,0,0,1,0,0,0,0,0,0,"- ","- ",36.859290000000001,-121.69568,MONTEREY,UNINCORPORATED,-121.69528527,36.859315260000002
6991968,2015,2015-07-25,9730,2015-06-29,0025,020916,,1,3,9,2700,0,2,4,,1,023,"CARMEL VALLEY RD","MPM 27",1584.00,E,N,A,-,N,,,,,,,,,,Y,4,0,1,1,A,-,08,22107,,M,E,I,A,A,H,-,D,D,0,,,,,Y,,A,01,0,0,1,0,0,0,0,0,0,"- ","- ",36.364400000000003,-121.55468,MONTEREY,UNINCORPORATED,-121.55472238999999,36.364389439999997
6991972,2015,2015-07-25,9730,2015-06-30,1605,019239,,2,2,9,2700,0,3,5,,2,003,"RIVER RD","PARKER RD",4224.00,S,N,A,-,N,,,,,,,,,,Y,3,0,3,1,A,-,01,23152,A,N,E,I,A,A,D,-,A,D,0,,,,,Y,Y,A,01,0,3,0,0,0,0,0,0,0,"- ","- ",,,MONTEREY,UNINCORPORATED,-121.59434752,36.580683890000003
6991983,2015,2016-09-28,9730,2015-06-30,1207,020933,,2,1,9,2700,0,1,3,,1,022,"RT 1","MESA DR",100.00,S,N,A,-,Y,MON,5,1,-,-,73.430,H,-,S,N,4,0,1,2,A,-,03,22350,,N,C,C,A,A,H,-,A,D,0,,,,,Y,,A,07,0,0,1,0,0,0,0,0,0,"- ","- ",36.551459999999999,-121.91052000000001,MONTEREY,UNINCORPORATED,-121.91030658,36.550464699999999
6991987,2015,2016-09-29,9730,2015-06-30,1045,015160,,2,1,9,2700,0,1,3,,1,074,"RT 1 CABRILLO HWY","STRUVE RD",75.00,N,N,A,-,Y,MON,5,1,-,-,97.740,H,-,N,N,4,0,2,2,A,-,09,21801,A,N,D,C,A,A,H,-,A,D,0,,,,,Y,,A,07,0,0,2,0,0,0,0,0,0,"- ","- ",,,MONTEREY,UNINCORPORATED,-121.77786914000001,36.824319289999998
6991988,2015,2015-07-25,2706,2015-06-16,1620,590,MPD,2,5,4,2706,0,0,0,,0,002,"CAMINO EL ESTERO","FRANKLIN ST",30.00,N,N,A,-,N,,,,,,,,,,N,4,0,1,3,A,-,03,22350,,F,C,C,A,A,H,-,A,A,0,,,,,Y,,A,01,0,0,1,0,0,0,0,0,0,"- ","- ",,,MONTEREY,MONTEREY,-121.88748416999999,36.598971429999999
6991991,2015,2016-09-29,9730,2015-06-30,0709,020933,,2,1,9,2700,0,1,3,,1,022,"RT 1","AURORA DEL MAR",11616.00,S,N,B,-,Y,MON,5,1,-,-,65.600,H,-,S,Y,3,0,1,1,A,-,08,22107,,N,E,I,A,A,H,-,A,D,0,,,,,Y,,A,01,0,1,0,0,0,0,0,0,0,"- ","- ",36.4527,-121.92219,MONTEREY,UNINCORPORATED,-121.92572822,36.45190951
6991995,2015,2017-01-04,9730,2015-06-20,1330,020417,,6,1,9,2700,0,1,2,,1,030,"RT 101","SILLMAN RD",3696.00,N,N,A,-,Y,MON,5,101,-,-,65.330,H,-,S,Y,3,0,2,4,A,-,03,22350,,N,C,C,A,A,G,-,A,D,1,,,,,Y,,A,01,0,1,1,0,0,0,0,0,0,"- ","- ",36.455730000000003,-121.3734,MONTEREY,UNINCORPORATED,-121.37276093,36.45535323
6993447,2015,2015-07-29,2706,2015-07-03,1630,301,MPD,5,5,4,2706,0,0,0,,0,001,"DRAKE AV","RECREATIONAL TRL",0.00,,Y,A,-,N,,,,,,,,,,N,3,0,1,2,A,-,08,22107,,N,D,G,A,A,H,-,A,A,0,,Y,,,Y,,A,01,0,1,0,0,0,0,1,0,0,"- ","- ",,,MONTEREY,MONTEREY,-121.89850867,36.612227619999999
6994511,2015,2015-11-09,9730,2015-06-03,1821,20701,,3,2,9,2700,0,2,4,,1,023,"CARMEL VALLEY RD","BROOKDALE DR",420.00,E,N,A,-,N,,,,,,,,,,Y,4,0,1,2,A,-,01,23152,,M,C,C,A,A,H,-,A,D,0,,,,,Y,Y,A,08,0,0,1,0,0,0,0,0,0,"- ","- ",36.535220000000002,-121.85733,MONTEREY,UNINCORPORATED,-121.85734169,36.535246409999999
6994523,2015,2017-01-13,9730,2015-07-16,1553,018786,,4,2,9,2700,0,1,3,,1,068,"RT 68","YORK RD",600.00,E,N,A,-,Y,MON,5,68,-,-,8.260,H,-,W,Y,3,0,2,4,A,-,03,22350,,N,C,C,A,A,H,-,A,D,0,,,,,Y,,A,01,0,2,0,0,0,0,0,0,0,"- ","- ",36.571100000000001,-121.80614,MONTEREY,UNINCORPORATED,-121.80643327,36.571125770000002
6994531,2015,2016-06-14,9730,2015-07-11,2015,020931,,6,2,9,2700,0,2,4,,1,073,"SAN MIGUEL CANYON RD","WILSON WY",150.00,N,N,A,-,N,,,,,,,,,,Y,3,0,4,3,A,-,03,22350,,N,C,C,A,A,H,-,B,D,0,,,,,Y,,A,01,0,1,3,0,0,0,0,0,0,"- ","- ",,,MONTEREY,UNINCORPORATED,-121.67792411000001,36.828963180000002
6994592,2015,2015-08-03,9730,2015-06-03,1822,020701,,3,2,9,2700,0,2,4,,1,023,"CARMEL VALLEY RD","SCHULTE RD",0.00,,Y,A,-,N,,,,,,,,,,Y,4,0,1,1,A,-,01,23152,A,M,C,C,A,A,H,-,A,D,0,,,,,Y,Y,A,08,0,0,1,0,0,0,0,0,0,"- ","- ",36.529859999999999,-121.83059,MONTEREY,UNINCORPORATED,-121.83064993000001,36.52999002
6994655,2015,2015-08-29,9730,2015-07-10,1830,20514,,5,2,9,2700,0,3,5,,2,005,"SAN JUAN GRADE RD","ROGGE VILLAGE LOOP",0.00,,Y,A,-,N,,,,,,,,,,N,3,0,1,2,A,-,03,22350,,N,D,G,A,A,H,-,A,D,0,,Y,,,Y,,L,04,0,1,0,0,0,0,1,0,0,"- ","- ",36.736089999999997,-121.63594999999999,MONTEREY,UNINCORPORATED,-121.63598996,36.736120049999997
6995725,2015,2017-01-04,9730,2015-06-15,1541,20990,,1,2,9,2700,0,1,2,,1,030,"RT 101","OLD STAGE RD",4224.00,N,N,A,-,Y,MON,5,101,-,-,73.410,H,-,N,Y,4,0,1,1,A,-,08,22107,,N,E,I,A,A,H,-,A,D,1,,,,,Y,,A,01,0,0,1,0,0,0,0,0,0,"- ","- ",36.53098,-121.47434,MONTEREY,UNINCORPORATED,-121.47471794000001,36.531173580000001
6995753,2015,2015-07-31,9730,2015-06-22,0640,18350,,1,1,9,2700,0,3,5,,2,004,"OLD STAGE RD","ASSOCIATED LN",1584.00,N,N,B,-,N,,,,,,,,,,Y,3,0,1,1,A,-,08,22107,,N,F,I,A,A,H,-,A,D,0,,,,,Y,,A,01,0,1,0,0,0,0,0,0,0,"- ","- ",36.530679999999997,-121.47248,MONTEREY,UNINCORPORATED,-121.47016707,36.527872250000001
6995757,2015,2015-08-01,9730,2015-06-25,1145,15160,,4,1,9,2700,0,3,5,,2,007,"TRAFTON RD","RT 1",528.00,E,N,A,-,N,,,,,,,,,,N,3,0,1,2,A,-,05,21650,,N,A,G,A,A,H,-,A,D,0,,Y,,,Y,,A,01,0,1,0,0,0,0,1,0,0,"- ","- ",,,MONTEREY,UNINCORPORATED,-121.77088999999999,36.876519999999999
6995834,2015,2015-08-10,9735,2015-07-19,1235,019800,,7,1,9,2700,0,3,5,,2,003,"METZ RD","SPRECKELS RD",0.00,,Y,B,-,N,,,,,,,,,,Y,2,0,1,1,A,-,01,23152,A,N,F,A,A,A,H,-,A,D,0,,,,,Y,Y,A,07,1,0,0,0,0,0,0,0,0,"- ","- ",,,MONTEREY,UNINCORPORATED,-121.14483994,36.26868005
6996001,2015,2017-01-13,9730,2015-07-15,0119,020916,,3,3,9,2700,0,1,3,,1,024,"RT 68","SKYLINE DR",1584.00,E,N,B,-,Y,MON,5,68,-,-,3.670,H,-,E,Y,3,0,3,2,A,-,01,23152,A,N,A,C,A,B,H,-,D,D,0,,,,,Y,Y,A,08,0,1,2,0,0,0,0,0,0,"- ","- ",,,MONTEREY,UNINCORPORATED,-121.91789377000001,36.581827599999997
6996005,2015,2017-01-28,9730,2015-07-12,2305,019100,,7,3,9,2700,0,3,5,,2,006,"PRESTON ST","RT 183",75.00,S,N,A,-,Y,MON,5,183,-,-,9.460,I,6,S,Y,4,0,1,2,A,-,01,23152,E,M,C,E,A,A,H,-,C,D,0,,,,,Y,,A,01,0,0,1,0,0,0,0,0,0,"- ","- ",,,MONTEREY,UNINCORPORATED,-121.7583434,36.765940059999998
6996009,2015,2017-01-28,9730,2015-07-13,1325,015160,,1,1,9,2700,0,1,3,,1,066,"RT 183","DEL MONTE AV",0.00,,Y,A,-,Y,MON,5,183,-,R,8.350,I,5,N,Y,4,0,1,2,A,-,09,21802,A,N,D,C,A,A,H,-,A,A,0,,,,,Y,,A,07,0,0,1,0,0,0,0,0,0,"- ","- ",,,MONTEREY,UNINCORPORATED,-121.74381999000001,36.75507726
6996013,2015,2015-09-02,9730,2015-07-10,1238,020933,,5,1,9,2700,0,3,5,,2,004,"ALISAL RD","FUJI LN",2112.00,S,N,A,-,N,,,,,,,,,,Y,4,0,1,1,A,-,08,22107,,N,E,I,A,A,H,-,A,D,0,,,,,Y,,A,01,0,0,1,0,0,0,0,0,0,"- ","- ",,,MONTEREY,UNINCORPORATED,-121.55907271,36.636544319999999
6996053,2015,2017-01-14,9730,2015-07-17,1147,020391,,5,1,9,2700,0,1,3,,1,074,"RT 1","SALINAS RD",4224.00,N,N,A,-,Y,MON,5,1,-,R,101.830,H,-,N,Y,3,0,1,1,A,-,08,22107,,N,E,I,A,A,H,-,A,D,1,,,,,Y,,A,01,0,1,0,0,0,0,0,0,0,"- ","- ",,,MONTEREY,UNINCORPORATED,-121.77180617,36.881037540000001
6996057,2015,2017-02-10,9730,2015-07-11,1515,020514,,6,2,1,2709,0,1,3,,2,062,"RT 1","TIOGA AV",300.00,S,N,A,-,Y,MON,5,1,-,R,80.030,H,-,S,Y,4,0,1,2,A,-,03,22350,,N,C,C,A,A,H,-,A,D,1,,,,,Y,,A,01,0,0,1,0,0,0,0,0,0,"- ","- ",,,MONTEREY,"SAND CITY",-121.84950341,36.61716165
6996061,2015,2017-01-14,9730,2015-07-03,1748,020931,,5,2,9,2700,0,1,3,,1,074,"RT 1","MOSS LANDING RD",0.00,,Y,B,-,Y,MON,5,1,-,-,95.810,I,5,S,Y,3,0,3,2,A,-,06,21755,A,N,D,C,A,A,H,-,A,D,0,,,Y,,Y,,C,02,0,2,1,0,0,0,0,0,2,"- ","- ",,,MONTEREY,UNINCORPORATED,-121.78324493,36.799857430000003
6996065,2015,2015-09-02,9730,2015-07-07,2038,020990,,2,2,9,2700,0,3,5,,2,007,"CRAZY HORSE CANYON RD","AUDREY LN",404.00,W,N,A,-,N,,,,,,,,,,Y,4,0,1,1,A,-,08,22107,,N,F,I,A,A,H,-,B,D,0,,,,,Y,,A,01,0,0,1,0,0,0,0,0,0,"- ","- ",,,MONTEREY,UNINCORPORATED,-121.62727577,36.815704699999998
6996069,2015,2017-01-14,9730,2015-07-02,1616,019981,,4,2,4,2710,0,1,3,,2,062,"RT 1","LIGHTFIGHTER DR",2640.00,S,N,A,-,Y,MON,5,1,-,R,82.390,H,-,S,Y,3,0,1,2,A,-,07,21658,A,F,F,I,A,A,H,-,A,D,1,,,,,Y,,-,99,0,1,0,0,0,0,0,0,0,"- ","- ",,,MONTEREY,SEASIDE,-121.82242502,36.643566550000003
6996073,2015,2017-01-14,9730,2015-07-12,2200,020598,,7,3,9,2700,0,1,3,,1,074,"RT 1","PAJARO RIVER BRIDGE",3.00,S,N,B,-,Y,MON,5,1,-,R,101.978,H,-,S,Y,4,0,2,1,A,-,08,22107,,N,E,I,A,A,H,-,D,D,1,,,,,Y,Y,A,01,0,0,2,0,0,0,0,0,0,"- ","- ",,,MONTEREY,UNINCORPORATED,-121.77241202,36.883032900000003
6996077,2015,2015-09-02,9730,2015-07-09,1755,019529,,4,2,9,2700,0,3,5,,2,007,"TRAFTON RD","MC GOWAN RD",0.00,,Y,A,-,N,,,,,,,,,,Y,4,0,1,2,A,-,09,21801,A,N,A,C,A,A,H,-,A,D,0,,,,,Y,,A,01,0,0,1,0,0,0,0,0,0,"- ","- ",,,MONTEREY,UNINCORPORATED,-121.78541992,36.871120040000001
6996866,2015,2015-08-08,2712,2015-07-13,1720,612,2712,1,5,3,2712,0,0,0,,0,001,"IMJIN PKWY","CALIFORNIA AV",31.00,W,N,A,-,N,,,,,,,,,,N,3,0,1,2,A,-,03,22350,,N,C,C,A,A,H,-,A,A,0,,,,,Y,,A,01,0,1,0,0,0,0,0,0,0,"- ","- ",,,MONTEREY,MARINA,-121.79694742,36.666203090000003
6997099,2015,2015-08-04,2708,2015-03-18,0954,52823,,3,5,6,2708,0,0,0,,0,,"WEST BLANCO RD","RIKER ST",0.00,,Y,A,-,N,,,,,,,,,,N,4,0,1,2,A,-,12,21453,A,N,D,C,A,A,H,-,A,A,0,,,,,Y,,-,,0,0,1,0,0,0,0,0,0,"- ","- ",,,MONTEREY,SALINAS,-121.66511998999999,36.6588201
6998109,2015,2015-07-25,2706,2015-06-11,1721,428,MPD,4,5,4,2706,0,0,0,,0,002,"FRANKLIN ST","PIERCE ST",165.00,W,N,A,-,N,,,,,,,,,,N,4,0,2,3,A,-,03,22350,,N,C,C,A,A,H,-,A,D,0,,,,,Y,,D,22,0,0,2,0,0,0,0,0,0,"- ","- ",,,MONTEREY,MONTEREY,-121.89693837,36.600450670000001
6998115,2015,2015-07-21,2706,2015-06-15,1626,627,MPD,1,5,4,2706,0,0,0,,0,002,"FREMONT ST","EL ESTERO",196.00,E,N,B,-,N,,,,,,,,,,N,3,0,4,3,A,-,01,23152,E,N,C,C,A,A,H,-,A,A,0,,,,,Y,,A,01,0,2,2,0,0,0,0,0,0,"- ","- ",,,MONTEREY,MONTEREY,-121.88860059,36.595012160000003
6998119,2015,2015-07-21,2706,2015-06-22,0751,939,2706,1,5,4,2706,0,0,0,,0,002,"FREMONT ST","VIA MIRADA",8.00,E,N,B,-,N,,,,,,,,,,Y,3,0,1,2,A,-,09,21801,A,N,D,C,A,A,H,-,A,D,0,,,,,Y,,A,01,0,1,0,0,0,0,0,0,0,"- ","- ",,,MONTEREY,MONTEREY,-121.88721894,36.594684450000003
6998123,2015,2015-07-21,2706,2015-06-18,1242,031,MPD,4,5,4,2706,0,0,0,,0,002,"MUNRAS AV","S DEL MONTE CTR",0.00,,Y,A,-,N,,,,,,,,,,N,4,0,1,2,A,-,21,22106,,N,C,C,A,A,H,-,A,A,0,,,,,Y,,A,07,0,0,1,0,0,0,0,0,0,"- ","- ",,,MONTEREY,MONTEREY,-121.90089999999999,36.584810079999997
6998127,2015,2015-07-21,2706,2015-06-22,1327,627,2706,1,5,4,2706,0,0,0,,0,001,"PRESCOTT AV","FILMORE ST",0.00,,Y,B,-,N,,,,,,,,,,Y,4,0,1,2,A,-,03,22350,,N,C,C,A,A,H,-,A,D,0,,,,,Y,,A,01,0,0,1,0,0,0,0,0,0,"- ","- ",,,MONTEREY,MONTEREY,-121.91117998999999,36.610020110000001
6998135,2015,2016-11-03,2706,2015-06-25,1432,505,2706,4,5,4,2706,0,0,0,,0,003,"RT 68","YORK RD",424.00,W,N,A,-,Y,MON,5,68,-,-,8.070,H,-,W,Y,2,0,1,1,A,-,08,22107,,N,E,I,A,A,D,-,A,A,0,,,,,Y,,A,01,1,0,0,0,0,0,0,0,0,"- ","- ",,,MONTEREY,MONTEREY,-121.80968070999999,36.571789600000002
6998553,2015,2015-07-23,2708,2015-02-28,1410,75791,,6,5,6,2708,0,0,0,,0,002,"NORTH DAVIS RD","WEST LAUREL DR",2000.00,S,N,B,-,N,,,,,,,,,,Y,3,0,2,2,A,-,08,22100,A,N,D,C,A,A,H,-,A,D,0,,,,,Y,,-,,0,1,1,0,0,0,0,0,0,"- ","- ",,,MONTEREY,SALINAS,-121.66886134000001,36.692691949999997
6998643,2015,2017-01-13,2708,2015-06-15,2345,79081,,1,5,6,2708,0,0,0,,0,007,"WEST MARKET ST","CAPITOL ST",51.00,W,N,B,-,Y,MON,5,183,-,-,1.040,H,-,S,Y,4,0,1,2,A,-,01,23152,A,N,C,E,A,A,H,-,C,D,0,,,,,Y,Y,A,01,0,0,1,0,0,0,0,0,0,"- ","- ",,,MONTEREY,SALINAS,-121.66084476,36.679363000000002
6998717,2015,2017-01-06,2708,2015-06-24,1202,75791,,3,5,6,2708,0,0,0,,0,007,"WEST MARKET ST","CLARK ST",525.00,E,N,A,-,Y,MON,5,183,-,-,1.590,H,-,N,Y,4,0,1,2,A,-,08,22100,A,N,D,C,A,A,H,-,A,D,0,,,,,Y,,-,,0,0,1,0,0,0,0,0,0,"- ","- ",,,MONTEREY,SALINAS,-121.66946235,36.682722339999998
6998730,2015,2015-07-22,2708,2015-04-27,1759,71595,,1,5,6,2708,0,0,0,,0,012,"E ALISAL ST","EAST MARKET ST",0.00,,Y,A,-,N,,,,,,,,,,Y,4,0,2,2,A,-,09,21802,A,N,D,C,A,A,H,-,A,A,0,,,,,Y,,-,,0,0,2,0,0,0,0,0,0,"- ","- ",,,MONTEREY,SALINAS,-121.61354993,36.672620080000002
6998914,2015,2015-07-20,9730,2015-06-15,0644,020990,,1,1,9,2700,0,3,5,,2,006,"ESPINOSA RD","CHRISTENSEN RD",1056.00,W,N,A,-,N,,,,,,,,,,Y,4,0,1,2,A,-,03,22350,,N,C,C,A,A,H,-,A,D,0,,,,,Y,,A,01,0,0,1,0,0,0,0,0,0,"- ","- ",36.736579999999996,-121.6636,MONTEREY,UNINCORPORATED,-121.6616911,36.735980120000001
6999233,2015,2015-07-23,2703,2015-07-12,1820,7248,2703,7,5,2,2703,0,0,0,,0,ALL,"5TH ST","HEROLD PKY",461.00,W,N,A,-,N,,,,,,,,,,Y,3,0,1,1,A,-,08,22107,,N,E,I,A,A,H,-,A,D,0,,,,,Y,Y,D,22,0,1,0,0,0,0,0,0,0,"- ","- ",,,MONTEREY,GONZALES,-121.43599371000001,36.514347450000002
6999269,2015,2015-07-27,2706,2015-06-21,1552,320,MPD,7,5,4,2706,0,0,0,,0,003,"DEL MONTE AV","SLOAT AV",0.00,,Y,A,-,N,,,,,,,,,,Y,2,0,1,1,B,-,22,,,N,A,I,A,A,H,-,A,A,0,,,,,Y,,D,22,1,0,0,0,0,0,0,0,0,"- ","- ",,,MONTEREY,MONTEREY,-121.87887996000001,36.599860020000001
6999272,2015,2015-07-23,2706,2015-07-01,1013,627,MPD,3,5,4,2706,0,0,0,,0,002,"AGUAJITO RD","MARK THOMAS DR",0.00,,Y,A,-,N,,,,,,,,,,Y,4,0,1,2,A,-,09,21801,A,N,A,C,A,A,H,-,A,A,0,,,,,Y,,A,01,0,0,1,0,0,0,0,0,0,"- ","- ",,,MONTEREY,MONTEREY,-121.88011985999999,36.591100070000003
7000802,2015,2016-12-22,9730,2015-07-10,1700,020514,,5,2,9,2700,0,1,2,,1,030,"RT 101","CHUALAR RIVER RD",400.00,S,N,A,-,Y,MON,5,101,-,R,76.890,H,-,N,,4,0,1,3,A,-,03,22350,,N,C,C,A,A,H,-,A,D,1,,,,,Y,,D,22,0,0,1,0,0,0,0,0,0,"- ","- ",36.567689999999999,-121.51611,MONTEREY,UNINCORPORATED,-121.5191425,36.570650890000003
7000817,2015,2017-01-13,9730,2015-07-17,1648,018786,,5,2,9,2700,0,1,3,,1,068,"RT 68","BOOTS RD",65.00,E,N,A,-,Y,MON,5,68,-,-,6.920,H,-,E,Y,4,0,1,3,A,-,03,22350,,N,C,C,A,A,H,-,A,-,0,,,,,Y,,D,22,0,0,1,0,0,0,0,0,0,"- ","- ",36.56758,-121.77818000000001,MONTEREY,UNINCORPORATED,-121.82691616,36.58010805
7000833,2015,2015-07-31,9730,2015-06-27,1550,18350,,6,2,9,2700,0,2,4,,1,073,"HALL RD","PINI RD",0.00,,Y,A,-,N,,,,,,,,,,Y,3,0,1,2,A,-,09,21802,A,F,D,C,A,A,H,-,A,A,0,,,,,Y,Y,D,22,0,1,0,0,0,0,0,0,0,"- ","- ",,,MONTEREY,UNINCORPORATED,-121.71673986,36.864120079999999
7000857,2015,2015-08-04,9730,2015-07-03,1618,019981,,5,2,9,2700,0,3,5,,2,006,"COOPER RD","BLANCO RD",2640.00,N,N,A,-,N,,,,,,,,,,Y,2,0,1,2,A,-,01,23152,E,N,A,C,A,A,H,-,A,D,0,,,,Y,Y,,A,01,1,0,0,0,0,0,0,0,0,"- ","- ",,,MONTEREY,UNINCORPORATED,-121.73503334999999,36.685952440000001
7000869,2015,2016-12-22,9730,2015-07-09,1450,15638,,4,2,9,2700,0,1,2,,1,070,"RT 101","CRAZY HORSE CANYON RD",2640.00,N,N,A,-,Y,MON,5,101,-,-,98.700,H,-,S,Y,4,0,2,3,A,-,03,22350,,N,C,C,A,A,H,-,A,D,5,,,,,Y,,D,22,0,0,2,0,0,0,0,0,0,"- ","- ",36.828499999999998,-121.62860000000001,MONTEREY,UNINCORPORATED,-121.63042851,36.821578299999999
7001149,2015,2017-01-14,9730,2015-07-01,1150,017184,,3,1,9,2700,0,1,3,,1,022,"RT 1","OCEAN AV",250.00,N,N,A,-,Y,MON,5,1,-,-,73.850,H,-,S,N,4,0,1,3,A,-,21,22106,,N,C,C,A,A,H,-,A,A,0,,,,,Y,,A,01,0,0,1,0,0,0,0,0,0,"- ","- ",,,MONTEREY,UNINCORPORATED,-121.91126217999999,36.556676119999999
7001153,2015,2017-01-14,9730,2015-07-01,1745,019239,,3,2,6,2708,0,1,2,,1,050,"RT 101","DE LA TORRE ST",600.00,W,N,A,-,Y,MON,5,101,-,-,85.124,R,2,N,Y,4,0,1,1,A,-,08,22107,,N,E,I,A,A,H,-,A,D,5,,,,,Y,,A,07,0,0,1,0,0,0,0,0,0,TO,"- ",,,MONTEREY,SALINAS,-121.61876074,36.65392129
7001180,2015,2015-07-27,9730,2015-07-05,1730,020514,,7,2,9,2700,0,3,5,,2,006,"DEL MONTE BL","LAPIS RD",0.00,,Y,A,-,N,,,,,,,,,,Y,3,0,1,1,A,-,01,23152,A,N,F,I,A,A,H,-,A,D,0,,,,,Y,Y,A,08,0,1,0,0,0,0,0,0,0,"- ","- ",36.722560000000001,-121.78832,MONTEREY,UNINCORPORATED,-121.78853986999999,36.705039999999997
7003080,2015,2015-08-05,2706,2015-06-30,1612,250,MPD,2,5,4,2706,0,0,0,,0,001,"LIGHTHOUSE AV",DRAKE,0.00,,Y,A,-,N,,,,,,,,,,Y,4,0,1,2,A,-,12,21453,A,N,A,C,A,A,H,-,A,A,0,,,,,Y,,A,07,0,0,1,0,0,0,0,0,0,"- ","- ",,,MONTEREY,MONTEREY,-121.89993997000001,36.611450050000002
7003220,2015,2015-08-05,2706,2015-07-14,1803,635,MPD,2,5,4,2706,0,0,0,,0,002,"LIGHTHOUSE AV","TYLER ST",83.00,S,N,A,-,N,,,,,,,,,,N,4,0,2,2,A,-,21,22106,,N,C,C,A,A,H,-,A,D,0,,,,,Y,,A,08,0,0,2,0,0,0,0,0,0,"- ","- ",,,MONTEREY,MONTEREY,-121.89285352,36.601410270000002
7004781,2015,2016-12-22,9730,2015-07-21,1725,19529,,2,2,9,2700,0,1,3,,2,062,"RT 1","RT 68",50.00,N,N,A,-,Y,MON,5,1,-,R,78.130,H,-,N,Y,4,0,2,2,A,-,03,22350,,N,C,C,A,A,H,-,A,D,1,,,,,Y,,A,01,0,0,2,0,0,0,0,0,0,"- ","- ",39.595669999999998,-121.86733,MONTEREY,UNINCORPORATED,-121.86827341,36.595123530000002
7004831,2015,2015-07-22,2706,2015-06-20,2243,395,2706,6,5,4,2706,0,0,0,,0,002,"DEL MONTE AV","FIGUEROA ST",0.00,,Y,A,-,N,,,,,,,,,,N,4,0,1,2,A,-,21,22106,,N,C,C,A,A,H,-,C,A,0,,,,,Y,,A,07,0,0,1,0,0,0,0,0,0,"- ","- ",,,MONTEREY,MONTEREY,-121.8900399,36.600260069999997