CASE_ID,ACCIDENT_YEAR,PROC_DATE,JURIS,COLLISION_DATE,COLLISION_TIME,OFFICER_ID,REPORTING_DISTRICT,DAY_OF_WEEK,CHP_SHIFT,POPULATION,CNTY_CITY_LOC,SPECIAL_COND,BEAT_TYPE,CHP_BEAT_TYPE,CITY_DIVISION_LAPD,CHP_BEAT_CLASS,BEAT_NUMBER,PRIMARY_RD,SECONDARY_RD,DISTANCE,DIRECTION,INTERSECTION,WEATHER_1,WEATHER_2,STATE_HWY_IND,CALTRANS_COUNTY,CALTRANS_DISTRICT,STATE_ROUTE,ROUTE_SUFFIX,POSTMILE_PREFIX,POSTMILE,LOCATION_TYPE,RAMP_INTERSECTION,SIDE_OF_HWY,TOW_AWAY,COLLISION_SEVERITY,NUMBER_KILLED,NUMBER_INJURED,PARTY_COUNT,PRIMARY_COLL_FACTOR,PCF_CODE_OF_VIOL,PCF_VIOL_CATEGORY,PCF_VIOLATION,PCF_VIOL_SUBSECTION,HIT_AND_RUN,TYPE_OF_COLLISION,MVIW,PED_ACTION,ROAD_SURFACE,ROAD_COND_1,ROAD_COND_2,LIGHTING,CONTROL_DEVICE,CHP_ROAD_TYPE,PEDESTRIAN_ACCIDENT,BICYCLE_ACCIDENT,MOTORCYCLE_ACCIDENT,TRUCK_ACCIDENT,NOT_PRIVATE_PROPERTY,ALCOHOL_INVOLVED,STWD_VEHTYPE_AT_FAULT,CHP_VEHTYPE_AT_FAULT,COUNT_SEVERE_INJ,COUNT_VISIBLE_INJ,COUNT_COMPLAINT_PAIN,COUNT_PED_KILLED,COUNT_PED_INJURED,COUNT_BICYCLIST_KILLED,COUNT_BICYCLIST_INJURED,COUNT_MC_KILLED,COUNT_MC_INJURED,PRIMARY_RAMP,SECONDARY_RAMP,LATITUDE,LONGITUDE,COUNTY,CITY,POINT_X,POINT_Y
7047923,2015,2015-09-11,2712,2015-08-12,2244,717,2712,3,5,3,2712,0,0,0,,0,001,"RESERVATION RD","DEL MONTE BL",0.00,,Y,A,-,N,,,,,,,,,,N,4,0,1,2,A,-,09,21453,C,N,B,C,A,A,H,-,C,A,0,,,,,Y,,A,07,0,0,1,0,0,0,0,0,0,"- ","- ",,,MONTEREY,MARINA,-121.79972999,36.687700100000001
7048738,2015,2015-09-16,2711,2015-08-20,1734,4141,2711,4,5,3,2711,0,0,0,,0,001,"GABILAN DR","VISTA DE SOLEDAD",0.00,,Y,A,-,N,,,,,,,,,,Y,3,0,3,2,A,-,12,22450,,N,D,C,A,A,H,-,A,A,0,,,,,Y,,A,08,0,2,1,0,0,0,0,0,0,"- ","- ",,,MONTEREY,SOLEDAD,-121.33081998999999,36.436480009999997
7048916,2015,2016-01-04,2711,2015-08-22,1829,7944,2711,6,5,3,2711,0,0,0,,0,001,"FRONT ST","MIRADA ST",0.00,,N,A,-,N,,,,,,,,,,N,4,0,1,2,A,-,04,21703,,N,C,C,A,A,H,-,A,D,0,,,,,Y,,A,01,0,0,1,0,0,0,0,0,0,"- ","- ",,,MONTEREY,SOLEDAD,,
7049762,2015,2015-09-11,2706,2015-07-16,2110,814,MPD,4,5,4,2706,0,0,0,,0,002,"MUNRAS AV","VIA BUENA VISTA",74.00,N,N,A,-,N,,,,,,,,,,N,4,0,1,2,A,-,11,21954,A,N,G,B,D,A,H,-,C,A,0,Y,,,,Y,Y,N,60,0,0,1,0,1,0,0,0,0,"- ","- ",,,MONTEREY,MONTEREY,-121.90059916,36.585386339999999
7052174,2015,2015-09-22,2706,2015-08-04,1108,505,2706,2,5,4,2706,0,0,0,,0,003,"NORTH FREMONT ST","RAMONA AV",145.00,W,N,B,-,N,,,,,,,,,,N,4,0,1,3,A,-,03,22350,,N,-,C,A,A,H,-,A,A,0,,,,,Y,,A,07,0,0,1,0,0,0,0,0,0,"- ","- ",,,MONTEREY,MONTEREY,-121.85674492,36.597133730000003
7052178,2015,2015-09-30,2706,2015-08-11,1651,123,MPD,2,5,4,2706,0,0,0,,0,001,"SCOTT ST","PACIFIC ST",0.00,,Y,A,-,N,,,,,,,,,,N,4,0,1,2,A,-,09,21801,A,N,D,G,A,A,H,-,A,A,0,,Y,,,Y,,A,08,0,0,1,0,0,0,1,0,0,"- ","- ",,,MONTEREY,MONTEREY,-121.89536997,36.603180070000001
7052182,2015,2015-09-22,2706,2015-08-22,2231,103,,6,5,4,2706,0,0,0,,0,,"DEL MONTE AV","CASA VERDE WY",130.00,W,N,A,-,N,,,,,,,,,,Y,4,0,4,3,A,-,01,23152,A,N,C,A,A,A,H,-,C,A,0,,,,,Y,Y,A,01,0,0,4,0,0,0,0,0,0,"- ","- ",,,MONTEREY,MONTEREY,-121.86698794,36.601907580000002
7053938,2015,2015-09-19,2708,2015-05-01,1411,06235,,5,5,6,2708,0,0,0,,0,008,"MARKET WY","SOLEDAD ST",75.00,W,N,A,-,N,,,,,,,,,,N,4,0,2,3,A,-,03,22350,A,N,G,B,F,A,H,-,A,D,0,Y,,,,Y,Y,-,,0,0,2,0,2,0,0,0,0,"- ","- ",,,MONTEREY,SALINAS,-121.65247255,36.678094889999997
7055537,2015,2015-09-26,2705,2015-03-06,1604,16316,10,5,5,3,2705,0,0,0,,0,002,"1ST ST","MESA VERDE RD",113.00,E,N,A,-,N,,,,,,,,,,Y,2,0,2,2,A,-,03,22350,,N,A,C,A,A,H,-,A,A,0,,,,,Y,,-,,1,1,0,0,0,0,0,0,0,"- ","- ",,,MONTEREY,"KING CITY",-121.11190132999999,36.200546099999997
7057096,2015,2017-01-13,9730,2015-08-12,1745,19529,,3,2,9,2700,0,1,3,,1,024,"RT 68","SFB MORSE DR",50.00,W,N,A,-,Y,MON,5,68,-,-,2.230,H,-,E,Y,4,0,2,2,A,-,01,23152,A,N,C,C,A,A,H,-,A,D,0,,,,,Y,Y,A,01,0,0,2,0,0,0,0,0,0,"- ","- ",,,MONTEREY,UNINCORPORATED,-121.92538002000001,36.598494019999997
7057547,2015,2015-11-20,2708,2015-07-02,2231,49532,,4,5,6,2708,0,0,0,,0,007,"RIKER ST","ROMIE LN",134.00,S,N,E,-,N,,,,,,,,,,Y,2,0,1,1,D,-,00,,,N,E,I,A,A,G,H,C,A,0,,,,,Y,,-,"- ",1,0,0,0,0,0,0,0,0,"- ","- ",,,MONTEREY,SALINAS,-121.66288847,36.663466710000002
7061532,2015,2015-10-28,9730,2015-05-16,0650,016537,,6,1,9,2700,0,3,5,,2,004,"HARTNELL RD","ALISAL RD",2640.00,W,N,B,-,N,,,,,,,,,,N,4,0,1,2,A,-,09,21801,A,N,D,C,A,A,H,-,A,D,0,,,,,Y,,A,01,0,0,1,0,0,0,0,0,0,"- ","- ",36.632710000000003,-121.58046,MONTEREY,UNINCORPORATED,-121.57941357999999,36.638622920000003
7062402,2015,2016-08-10,2708,2015-10-05,1753,59156,,1,5,6,2708,0,0,0,,0,008,"NORTH MAIN ST","E LAKE ST",75.00,N,N,A,-,N,,,,,,,,,,Y,4,0,1,5,A,-,01,23153,B,F,D,C,A,A,H,-,A,D,0,,,,,Y,,-,,0,0,1,0,0,0,0,0,0,"- ","- ",,,MONTEREY,SALINAS,-121.65437876,36.680087890000003
7062565,2015,2015-10-26,2708,2015-09-21,1705,49014,,1,5,6,2708,0,0,0,,0,,"RIKER ST","LANG ST",0.00,,Y,A,-,N,,,,,,,,,,Y,4,0,1,3,A,-,09,21801,A,N,D,C,A,A,H,-,A,D,0,,,,,Y,,-,,0,0,1,0,0,0,0,0,0,"- ","- ",,,MONTEREY,SALINAS,-121.66043998000001,36.667740000000002
7062566,2015,2015-10-26,2708,2015-09-23,2003,30349,SALIN,3,5,6,2708,0,0,0,,0,005,"WEST LAUREL DR","ADAMS ST",0.00,,Y,A,-,N,,,,,,,,,,N,4,0,2,3,A,-,10,21950,A,N,G,B,B,A,H,-,C,A,0,Y,,,,Y,,-,,0,0,2,0,2,0,0,0,0,"- ","- ",,,MONTEREY,SALINAS,-121.66245999,36.698010089999997
7062567,2015,2015-10-26,2708,2015-09-16,0802,56525,SALIN,3,5,6,2708,0,0,0,,0,006,"ROSSI ST","SANSOME ST",0.00,,Y,A,-,N,,,,,,,,,,Y,3,0,2,3,A,-,09,21801,A,N,A,C,A,A,H,-,A,D,0,,,,,Y,,-,,0,1,1,0,0,0,0,0,0,"- ","- ",,,MONTEREY,SALINAS,-121.6583699,36.68276007
7062568,2015,2015-10-27,2708,2015-09-26,1844,16301,,6,5,6,2708,0,0,0,,0,,"EAST MARKET ST","N HEBBRON ST",0.00,,Y,A,-,N,,,,,,,,,,Y,4,0,3,2,A,-,09,21801,A,N,D,C,A,A,H,-,A,A,0,,,,,Y,,-,,0,0,3,0,0,0,0,0,0,"- ","- ",,,MONTEREY,SALINAS,-121.63171997000001,36.676550030000001
7063042,2015,2015-10-27,2708,2015-09-07,1309,75334,,1,5,6,2708,0,0,0,,0,,"EAST MARKET ST","MERCED ST",0.00,,Y,A,-,N,,,,,,,,,,N,3,0,2,3,A,-,09,21802,A,N,D,C,A,A,H,-,A,A,0,,,,,Y,,-,,0,1,1,0,0,0,0,0,0,"- ","- ",,,MONTEREY,SALINAS,-121.64231989,36.678110060000002
7063378,2015,2015-12-01,2710,2015-09-21,1641,335,,1,5,4,2710,0,0,0,,0,,"WILLIAMS AV",TIERA,7.00,E,N,A,-,N,,,,,,,,,,Y,3,0,1,1,A,-,08,22107,,N,E,I,A,A,H,-,A,D,0,,,,,Y,,A,01,0,1,0,0,0,0,0,0,0,"- ","- ",,,MONTEREY,SEASIDE,-121.85080616,36.600799379999998
7064161,2015,2015-10-27,2708,2015-09-29,1033,56682,,2,5,6,2708,0,0,0,,0,006,"ABBOTT ST","MAPLE ST",82.00,S,N,A,-,N,,,,,,,,,,Y,4,0,3,2,A,-,09,21804,A,N,D,C,A,A,H,-,A,D,0,,,,,Y,,A,01,0,0,3,0,0,0,0,0,0,"- ","- ",,,MONTEREY,SALINAS,-121.64535539000001,36.667407189999999
7064162,2015,2015-10-27,2708,2015-09-22,1000,49280,,2,5,6,2708,0,0,0,,0,003,"EAST LAUREL DR","RANCH VIEW LN",528.00,W,N,B,-,N,,,,,,,,,,Y,4,0,2,3,A,-,03,22350,,N,C,C,A,A,H,-,A,D,0,,,,,Y,,-,,0,0,2,0,0,0,0,0,0,"- ","- ",,,MONTEREY,SALINAS,-121.62952719,36.692180829999998
7064163,2015,2015-10-29,2708,2015-09-09,1923,30433,,3,5,6,2708,0,0,0,,0,006,"NORTH DAVIS RD","W ROSSI",12.00,S,N,A,-,N,,,,,,,,,,Y,3,0,3,2,C,-,18,,,N,C,C,A,A,H,-,B,A,0,,,,,Y,,-,"- ",0,1,2,0,0,0,0,0,0,"- ","- ",,,MONTEREY,SALINAS,-121.67195945,36.688397100000003
7065201,2015,2016-12-22,9730,2015-08-23,1629,019700,,7,2,9,2700,0,1,2,,1,070,"RT 101","RT 156",200.00,S,N,A,-,Y,MON,5,101,-,-,95.390,H,-,N,N,4,0,5,2,A,-,03,22350,,N,C,A,A,A,H,-,A,D,5,,,,,Y,,D,22,0,0,5,0,0,0,0,0,0,"- ","- ",36.472029999999997,-121.40322999999999,MONTEREY,UNINCORPORATED,-121.66767258,36.788744489999999
7065202,2015,2017-01-28,9730,2015-08-17,1741,015297,,1,2,9,2700,0,1,3,,1,072,"RT 156","CASTROVILLE BL",1584.00,W,N,A,-,Y,MON,5,156,-,R,1.440,H,-,E,N,3,0,1,3,A,-,03,22350,,M,B,C,A,A,H,-,A,D,1,,,Y,,Y,,C,02,0,1,0,0,0,0,0,0,1,"- ","- ",36.76426,-121.74921999999999,MONTEREY,UNINCORPORATED,-121.74963978,36.763886210000003
7065382,2015,2016-12-22,9730,2015-08-16,1252,021009,,7,1,6,2708,0,1,2,,1,050,"RT 101","NORTH MAIN ST",3960.00,S,N,A,-,Y,MON,5,101,-,-,87.530,H,-,N,Y,4,0,1,4,A,-,03,22350,,N,C,C,A,A,H,-,A,D,1,,,,,Y,,D,22,0,0,1,0,0,0,0,0,0,"- ","- ",36.685519999999997,-121.64955999999999,MONTEREY,SALINAS,-121.64226411999999,36.680789359999999
7065417,2015,2016-12-22,9730,2015-08-22,1637,020598,,6,2,9,2700,0,1,2,,1,030,"RT 101","FRONT ST",55.00,N,N,A,-,Y,MON,5,101,-,-,62.690,H,-,N,Y,4,0,3,2,A,-,08,22107,,N,E,I,A,A,H,-,A,D,1,,,,,Y,,A,01,0,0,3,0,0,0,0,0,0,"- ","- ",36.431750000000001,-121.33732000000001,MONTEREY,UNINCORPORATED,-121.33704786,36.431336860000002
7065418,2015,2016-12-22,9730,2015-08-16,1227,021009,,7,1,6,2708,0,1,2,,1,050,"RT 101","BORONDA RD",2640.00,S,N,A,-,Y,MON,5,101,-,R,90.510,H,-,S,Y,3,0,2,1,A,-,08,22107,,N,E,I,A,A,H,-,A,D,1,,,,,Y,,A,01,0,1,1,0,0,0,0,0,0,"- ","- ",36.715049999999998,-121.66172,MONTEREY,SALINAS,-121.66187293,36.714911790000002
7065419,2015,2017-01-28,9730,2015-08-12,0658,15638,,3,1,9,2700,0,1,3,,1,074,"RT 156","CASTROVILLE BL",1584.00,E,N,A,-,Y,MON,5,156,-,-,1.430,H,-,W,Y,4,0,1,3,A,-,09,21801,A,N,A,C,A,A,H,-,A,D,1,,,,,Y,,A,01,0,0,1,0,0,0,0,0,0,"- ","- ",36.771970000000003,-121.73138,MONTEREY,UNINCORPORATED,-121.73125905000001,36.77189791
7065420,2015,2017-01-13,9730,2015-08-17,2010,020576,,1,2,9,2700,0,1,3,,1,068,"RT 68","SAN BENANCIO RD",20.00,W,N,B,-,Y,MON,5,68,-,-,13.320,H,-,W,N,4,0,1,2,A,-,03,22350,,F,C,C,A,A,H,-,C,A,0,,,,,Y,Y,D,22,0,0,1,0,0,0,0,0,0,"- ","- ",36.579639999999998,-121.72078999999999,MONTEREY,UNINCORPORATED,-121.72093337,36.579671980000001
7066359,2015,2015-09-21,2708,2015-07-09,0852,53260,,4,5,6,2708,0,0,0,,0,007,"SOUTH MAIN ST","E SAN JOAQUIN ST",0.00,,Y,A,-,N,,,,,,,,,,N,4,0,1,2,A,-,03,22350,,N,C,C,A,A,H,-,-,A,0,,,,,Y,,-,,0,0,1,0,0,0,0,0,0,"- ","- ",,,MONTEREY,SALINAS,-121.6590099,36.658870110000002
7066360,2015,2015-09-21,2708,2015-07-27,0908,66372,,1,5,6,2708,0,0,0,,0,,"EAST ROMIE LN","ALAMEDA AV",0.00,,Y,A,-,N,,,,,,,,,,Y,4,0,1,2,A,-,09,21802,A,N,D,C,A,A,H,-,A,A,0,,,,,Y,,-,,0,0,1,0,0,0,0,0,0,"- ","- ",,,MONTEREY,SALINAS,-121.64852987,36.660510019999997
7066368,2015,2015-09-18,2708,2015-05-24,1800,54370,,7,5,6,2708,0,0,0,,0,008,"MERCED ST","EAST MARKET ST",0.00,,Y,A,-,N,,,,,,,,,,N,4,0,1,2,A,-,10,21950,A,F,G,B,B,A,H,-,A,-,0,Y,,,,Y,Y,-,99,0,0,1,0,1,0,0,0,0,"- ","- ",,,MONTEREY,SALINAS,-121.64231989,36.678110060000002
7066371,2015,2015-09-18,2708,2015-05-23,1355,53269,,6,5,6,2708,0,0,0,,0,005,"W BERNAL DR","NORTH MAIN ST",0.00,,Y,B,-,N,,,,,,,,,,N,3,0,1,2,A,-,05,21650,,N,A,G,A,A,H,-,A,A,0,,Y,,,Y,,L,04,0,1,0,0,0,0,1,0,0,"- ","- ",,,MONTEREY,SALINAS,-121.65245985999999,36.689970080000002
7066372,2015,2015-09-18,2708,2015-05-27,2032,84535,SALIN,3,5,6,2708,0,0,0,,0,011,"FREEDOM BL","RIDER AV",0.00,,Y,A,-,N,,,,,,,,,,N,4,0,1,2,A,-,09,21802,C,N,-,G,A,A,H,-,C,A,0,,Y,,,Y,Y,D,22,0,0,1,0,0,0,1,0,0,"- ","- ",,,MONTEREY,SALINAS,-121.60410991000001,36.69611012
7066773,2015,2017-01-14,9730,2015-08-21,1940,20208,,5,2,9,2700,0,1,3,,1,012,"RT 1","MILE POST MARKER 29",360.00,N,N,A,-,Y,MON,5,1,-,-,29.070,H,-,S,Y,4,0,1,1,A,-,08,22107,,N,E,I,A,A,H,-,B,D,0,,,,,Y,,D,22,0,0,1,0,0,0,0,0,0,"- ","- ",,,MONTEREY,UNINCORPORATED,-121.61012056,36.078333469999997
7067010,2015,2015-09-18,9730,2015-08-21,1724,019981,,5,2,9,2700,0,3,5,,2,006,"DELMONTE AV","BLACKIE RD",6.00,S,N,A,-,N,,,,,,,,,,Y,3,0,1,3,A,-,09,21802,A,N,A,A,A,A,H,-,A,A,0,,,,,Y,,A,07,0,1,0,0,0,0,0,0,0,"- ","- ",,,MONTEREY,UNINCORPORATED,-121.74413568999999,36.75794389
7067249,2015,2015-09-18,9735,2015-07-28,2220,19894,,2,3,9,2700,0,2,4,,1,011,"ARROYO SECO RD","SYCAMORE FLATS RD",0.00,,Y,A,-,N,,,,,,,,,,Y,2,0,1,1,C,-,18,,,N,A,H,A,A,H,-,D,D,0,,,Y,,Y,,-,"- ",1,0,0,0,0,0,0,0,1,"- ","- ",36.270560000000003,-121.38912000000001,MONTEREY,UNINCORPORATED,-121.38896998,36.270590079999998
7068250,2015,2015-09-26,2705,2015-06-12,1038,22959,8,5,5,3,2705,0,0,0,,0,002,"MILDRED AV","BASSETT ST",0.00,,Y,A,-,N,,,,,,,,,,Y,4,0,4,2,A,-,12,22450,A,N,D,C,A,A,H,-,A,D,0,,,,,Y,,A,01,0,0,4,0,0,0,0,0,0,"- ","- ",,,MONTEREY,"KING CITY",-121.13124989000001,36.208780019999999
7071935,2015,2017-01-17,2703,2015-08-29,2133,7248,2703,6,5,2,2703,0,0,0,,0,ALL,"5TH ST","RT 101",8.00,N,N,A,-,Y,MON,5,101,-,-,70.740,R,4,S,Y,4,0,1,2,A,-,09,21802,A,N,D,C,A,A,H,-,C,A,0,,,,,Y,,A,01,0,0,1,0,0,0,0,0,0,"- ",SO,,,MONTEREY,GONZALES,-121.43692167,36.511620960000002
7072816,2015,2015-09-21,2708,2015-06-15,1553,8323,,1,5,6,2708,0,0,0,,0,,BORANDA,"MESQUITE DR",0.00,,Y,A,-,N,,,,,,,,,,Y,3,0,1,1,A,-,03,22350,,F,E,I,A,A,H,-,A,D,0,,,,,Y,,-,"- ",0,1,0,0,0,0,0,0,0,"- ","- ",,,MONTEREY,SALINAS,-121.59761987,36.697180099999997
7072844,2015,2015-09-21,2708,2015-06-29,2102,47175,,1,5,6,2708,0,0,0,,0,,"DAVIS RD","BARONDA CROSSING",680.00,N,N,A,-,N,,,,,,,,,,Y,3,0,2,1,A,-,03,22350,,N,E,I,A,A,G,-,C,A,0,,,,,Y,,-,,0,2,0,0,0,0,0,0,0,"- ","- ",,,MONTEREY,SALINAS,-121.66527936999999,36.721417090000003
7072848,2015,2015-09-21,2708,2015-06-22,1809,3581,,1,5,6,2708,0,0,0,,0,,"RAMONA AV","PACHECO ST",255.00,S,N,A,-,N,,,,,,,,,,N,4,0,1,2,A,-,11,21954,A,F,G,B,D,A,H,-,A,D,0,Y,,,,Y,,N,60,0,0,1,0,1,0,0,0,0,"- ","- ",,,MONTEREY,SALINAS,-121.63818564,36.698134369999998
7072881,2015,2016-05-23,2708,2015-06-25,1852,56294,,4,5,6,2708,0,0,0,,0,,"ABBOTT ST","BLANCO RD",15.00,S,N,-,-,N,,,,,,,,,,N,4,0,1,2,A,-,05,21650,1,N,H,G,A,A,H,-,A,A,0,,Y,,,Y,,L,04,0,0,1,0,0,0,1,0,0,"- ","- ",,,MONTEREY,SALINAS,-121.63579362999999,36.657232610000001
7073234,2015,2016-06-14,2708,2015-08-05,1531,18925,,3,5,6,2708,0,0,0,,0,008,"LINCOLN AV","CENTRAL AV",0.00,,Y,A,-,N,,,,,,,,,,Y,4,0,4,2,A,-,09,21801,A,N,A,C,A,A,H,-,A,A,0,,,,,Y,,A,01,0,0,4,0,0,0,0,0,0,"- ","- ",,,MONTEREY,SALINAS,-121.65755996999999,36.6766401
7073731,2015,2016-01-05,2708,2015-08-04,1257,07904,,2,5,6,2708,0,0,0,,0,004,"EAST BORONDA RD","NATIVIDAD RD",500.00,E,N,A,-,N,,,,,,,,,,Y,3,0,2,3,A,-,03,22350,,N,C,C,A,A,H,-,A,A,0,,,,,Y,,-,,0,1,1,0,0,0,0,0,0,"- ","- ",,,MONTEREY,SALINAS,-121.62182129999999,36.715413069999997
7073821,2015,2015-09-25,2701,2015-09-13,1103,5376,2701,7,5,2,2701,0,0,0,,0,00S,"10TH AV","SAN CARLOS ST",0.00,,Y,A,-,N,,,,,,,,,,Y,3,0,1,2,A,-,09,21802,A,N,D,C,A,A,H,-,A,A,0,,,,,Y,,A,01,0,1,0,0,0,0,0,0,0,"- ","- ",,,MONTEREY,CARMEL,-121.92181995999999,36.550070060000003
7076813,2015,2015-10-03,2709,2015-09-23,1810,2505,2709,3,5,1,2709,0,0,0,,0,ALL,"PLAYA AV","CALIFORNIA AV",0.00,,Y,A,-,N,,,,,,,,,,Y,4,0,1,2,A,-,09,21802,A,N,C,C,A,A,H,-,A,D,0,,,,,Y,,A,01,0,0,1,0,0,0,0,0,0,"- ","- ",,,MONTEREY,"SAND CITY",-121.84341999999999,36.618930089999999
7078026,2015,2016-01-22,2712,2015-09-04,0755,300,2712,5,5,3,2712,0,0,0,,0,001,"CRESCENT AV","CARMEL AV",484.00,N,N,A,-,N,,,,,,,,,,N,4,0,1,2,A,-,09,21804,A,N,D,C,A,A,H,-,A,A,0,,,,,Y,,A,01,0,0,1,0,0,0,0,0,0,"- ","- ",,,MONTEREY,MARINA,-121.79363399,36.681434629999998
7078812,2015,2015-09-28,2701,2015-09-16,1721,5543,CRML,3,5,2,2701,0,0,0,,0,00N,"CARPENTER ST","2ND AV",30.00,N,N,A,-,N,,,,,,,,,,N,4,0,1,2,A,-,03,22350,,M,C,C,A,A,H,-,B,A,0,,,,,Y,Y,D,22,0,0,1,0,0,0,0,0,0,"- ","- ",,,MONTEREY,CARMEL,-121.91562999999999,36.560682419999999
7079785,2015,2015-10-06,2706,2015-09-10,1703,949,2706,4,5,4,2706,0,0,0,,0,001,"LIGHTHOUSE AV","PRIVATE BOLIO",0.00,,Y,A,-,N,,,,,,,,,,N,4,0,1,2,A,-,03,22350,,N,C,C,A,A,H,-,A,D,0,,,,,Y,,D,22,0,0,1,0,0,0,0,0,0,"- ","- ",,,MONTEREY,MONTEREY,-121.8972299,36.60847004
7079883,2015,2015-09-29,2710,2015-08-24,1849,33362,,1,5,4,2710,0,0,0,,0,,"OLYMPIA AV","WINTON ST",0.00,,Y,A,-,N,,,,,,,,,,Y,3,0,1,2,A,-,09,21802,A,N,D,C,A,A,H,-,A,D,0,,,,,Y,,-,,0,1,0,0,0,0,0,0,0,"- ","- ",,,MONTEREY,SEASIDE,-121.84081992,36.61008004
7079887,2015,2015-09-29,2710,2015-08-25,1723,33362,,2,5,4,2710,0,0,0,,0,,"DEL MONTE BL","CANYON DEL REY BL",300.00,S,N,A,-,N,,,,,,,,,,Y,3,0,1,4,A,-,07,21658,A,M,B,C,A,A,H,-,A,A,0,,,,,Y,,-,,0,1,0,0,0,0,0,0,0,"- ","- ",,,MONTEREY,SEASIDE,-121.85687787000001,36.607204869999997
7079891,2015,2015-10-05,2710,2015-08-25,1407,33362,,2,5,4,2710,0,0,0,,0,,"LINCOLN ST","LA SALLE AV",138.00,S,N,A,-,N,,,,,,,,,,N,3,0,1,3,C,-,18,,,N,G,B,F,A,H,-,A,D,0,Y,,,,Y,,-,"- ",0,1,0,0,1,0,0,0,0,"- ","- ",,,MONTEREY,SEASIDE,-121.82490807000001,36.616240910000002
7079895,2015,2015-09-28,2710,2015-08-31,1600,33362,,1,5,4,2710,0,0,0,,0,,"DEL MONTE BL","CONTRA COSTA ST",0.00,,Y,A,-,N,,,,,,,,,,N,4,0,2,2,A,-,04,21703,,N,C,C,A,A,H,-,A,A,0,,,,,Y,,-,,0,0,2,0,0,0,0,0,0,"- ","- ",,,MONTEREY,SEASIDE,-121.85197997,36.609880089999997
7079915,2015,2017-01-14,2710,2015-08-16,1844,38145,,7,5,4,2710,0,0,0,,0,003,"FREMONT BL","CANYON DEL REY BL",0.00,,Y,A,-,Y,MON,5,218,-,-,0.000,I,6,W,N,4,0,1,2,A,-,03,22350,,N,C,C,A,A,H,-,A,A,0,,,,,Y,,-,,0,0,1,0,0,0,0,0,0,"- ","- ",,,MONTEREY,SEASIDE,-121.85079106000001,36.598905809999998
7079919,2015,2015-09-29,2710,2015-08-17,0806,34127,,1,5,4,2710,0,0,0,,0,001,"FREMONT BL","ELM AV",14.00,N,N,B,-,N,,,,,,,,,,N,4,0,1,2,A,-,03,22350,,N,C,C,A,A,H,-,A,D,0,,,,,Y,,-,,0,0,1,0,0,0,0,0,0,"- ","- ",,,MONTEREY,SEASIDE,-121.84640174,36.60771553
7079949,2015,2015-09-28,2706,2015-08-27,1751,949,2706,4,5,4,2706,0,0,0,,0,001,"REESIDE AV","RECREATIONAL TRL",0.00,,Y,A,-,N,,,,,,,,,,N,3,0,1,2,A,-,09,21803,A,N,D,G,A,A,D,-,A,D,0,,Y,,,Y,,L,04,0,1,0,0,0,0,1,0,0,"- ","- ",,,MONTEREY,MONTEREY,-121.89681318,36.610493720000001
7080062,2015,2015-09-29,2706,2015-09-09,1403,181,2706,3,5,4,2706,0,0,0,,0,001,"REESIDE AV","FOAM ST",120.00,E,N,A,-,N,,,,,,,,,,N,3,0,1,3,A,-,17,21200,A,N,D,G,A,A,H,-,A,A,0,,Y,,,Y,,L,04,0,1,0,0,0,0,1,0,0,"- ","- ",,,MONTEREY,MONTEREY,-121.89718033,36.610283600000002
7080066,2015,2015-09-29,2706,2015-09-07,0925,320,2706,1,5,4,2706,0,0,0,,0,003,"RAMONA CT","RAMONA AV",135.00,E,N,A,-,N,,,,,,,,,,N,4,0,2,2,A,-,21,22106,,N,C,C,A,A,H,-,A,D,0,,,,,Y,,A,01,0,0,2,0,0,0,0,0,0,"- ","- ",,,MONTEREY,MONTEREY,-121.85714958,36.598446109999998
7080070,2015,2015-09-29,2706,2015-09-04,1646,635,2706,5,5,4,2706,0,0,0,,0,002,"PACIFIC ST","COLTON ST",4.00,N,N,A,-,N,,,,,,,,,,Y,3,0,1,2,A,-,03,22350,,N,C,C,A,A,H,-,A,D,0,,,,,Y,,A,07,0,1,0,0,0,0,0,0,0,"- ","- ",,,MONTEREY,MONTEREY,-121.89866683,36.592190690000002
7080074,2015,2015-09-29,2706,2015-09-08,1831,183,MPD,2,5,4,2706,0,0,0,,0,002,"MUNRAS AV","EL DORADO ST",0.00,,Y,A,-,N,,,,,,,,,,N,3,0,1,2,A,-,10,21950,,N,G,B,B,A,H,-,A,A,0,Y,,,,Y,,A,01,0,1,0,0,1,0,0,0,0,"- ","- ",,,MONTEREY,MONTEREY,-121.89351999,36.592820080000003
7081430,2015,2015-10-20,2712,2015-09-25,1644,300,2712,5,5,3,2712,0,0,0,,0,001,"CALIFORNIA AV","CARMEL AV",0.00,,Y,A,-,N,,,,,,,,,,Y,4,0,1,2,A,-,09,21804,B,N,D,C,A,A,H,-,A,A,0,,,,,Y,,D,22,0,0,1,0,0,0,0,0,0,"- ","- ",,,MONTEREY,MARINA,-121.7875099,36.676960000000001
7081496,2015,2015-10-15,2706,2015-09-18,1102,627,MPD,5,5,4,2706,0,0,0,,0,002,"MUNRAS AV","WEBSTER ST",2.00,N,N,A,-,N,,,,,,,,,,N,3,0,1,2,A,-,10,21950,A,N,G,B,B,A,H,-,A,A,0,Y,,,,Y,,D,22,0,1,0,0,1,0,0,0,0,"- ","- ",,,MONTEREY,MONTEREY,-121.893714,36.596374449999999
7081499,2015,2017-01-13,2706,2015-09-28,1515,119,MPD,1,5,4,2706,0,0,0,,0,003,"RT 68","OLMSTED RD",500.00,E,N,A,-,Y,MON,5,68,-,-,5.700,H,-,E,Y,4,0,1,2,A,-,03,22350,,N,C,C,A,A,H,-,A,D,0,,,,,Y,,D,22,0,0,1,0,0,0,0,0,0,"- ","- ",,,MONTEREY,MONTEREY,-121.84749571,36.58359214