CASE_ID,ACCIDENT_YEAR,PROC_DATE,JURIS,COLLISION_DATE,COLLISION_TIME,OFFICER_ID,REPORTING_DISTRICT,DAY_OF_WEEK,CHP_SHIFT,POPULATION,CNTY_CITY_LOC,SPECIAL_COND,BEAT_TYPE,CHP_BEAT_TYPE,CITY_DIVISION_LAPD,CHP_BEAT_CLASS,BEAT_NUMBER,PRIMARY_RD,SECONDARY_RD,DISTANCE,DIRECTION,INTERSECTION,WEATHER_1,WEATHER_2,STATE_HWY_IND,CALTRANS_COUNTY,CALTRANS_DISTRICT,STATE_ROUTE,ROUTE_SUFFIX,POSTMILE_PREFIX,POSTMILE,LOCATION_TYPE,RAMP_INTERSECTION,SIDE_OF_HWY,TOW_AWAY,COLLISION_SEVERITY,NUMBER_KILLED,NUMBER_INJURED,PARTY_COUNT,PRIMARY_COLL_FACTOR,PCF_CODE_OF_VIOL,PCF_VIOL_CATEGORY,PCF_VIOLATION,PCF_VIOL_SUBSECTION,HIT_AND_RUN,TYPE_OF_COLLISION,MVIW,PED_ACTION,ROAD_SURFACE,ROAD_COND_1,ROAD_COND_2,LIGHTING,CONTROL_DEVICE,CHP_ROAD_TYPE,PEDESTRIAN_ACCIDENT,BICYCLE_ACCIDENT,MOTORCYCLE_ACCIDENT,TRUCK_ACCIDENT,NOT_PRIVATE_PROPERTY,ALCOHOL_INVOLVED,STWD_VEHTYPE_AT_FAULT,CHP_VEHTYPE_AT_FAULT,COUNT_SEVERE_INJ,COUNT_VISIBLE_INJ,COUNT_COMPLAINT_PAIN,COUNT_PED_KILLED,COUNT_PED_INJURED,COUNT_BICYCLIST_KILLED,COUNT_BICYCLIST_INJURED,COUNT_MC_KILLED,COUNT_MC_INJURED,PRIMARY_RAMP,SECONDARY_RAMP,LATITUDE,LONGITUDE,COUNTY,CITY,POINT_X,POINT_Y
7139246,2015,2016-01-07,2706,2015-12-04,0725,505,2706,5,5,4,2706,0,0,0,,0,003,"ENGLISH AV","DEL MONTE AV",97.00,S,N,A,-,N,,,,,,,,,,Y,4,0,1,2,A,-,03,22350,,N,D,C,A,B,H,-,A,A,0,,,,,Y,,A,07,0,0,1,0,0,0,0,0,0,"- ","- ",,,MONTEREY,MONTEREY,-121.86051707,36.604610700000002
7140017,2015,2015-12-22,2712,2015-11-28,1333,537,2712,6,5,3,2712,0,0,0,,0,001,"DEL MONTE BL","CYPRESS AV",0.00,,Y,A,-,N,,,,,,,,,,Y,3,0,2,2,A,-,09,21802,A,N,D,C,A,A,H,-,A,A,0,,,,,Y,,A,08,0,1,1,0,0,0,0,0,0,"- ","- ",,,MONTEREY,MARINA,-121.80521994,36.681780000000003
7140022,2015,2015-12-22,2709,2015-12-07,1738,2978,2709,1,5,1,2709,0,0,0,,0,ALL,"CALIFORNIA AV","EDGEWATER SHOPPING CTR",0.00,,N,A,-,N,,,,,,,,,,N,4,0,1,2,A,-,11,21954,A,N,G,B,D,A,H,-,C,D,0,Y,,,,Y,Y,N,60,0,0,1,0,1,0,0,0,0,"- ","- ",,,MONTEREY,"SAND CITY",-121.84342146,36.618937729999999
7140045,2015,2015-12-22,2712,2015-11-15,1835,717,2712,7,5,3,2712,0,0,0,,0,001,"DEL MONTE BL","REINDOLLAR AV",400.00,S,N,A,-,N,,,,,,,,,,Y,4,0,1,2,A,-,08,22107,,N,D,C,A,A,H,-,C,D,0,,,,,Y,,A,01,0,0,1,0,0,0,0,0,0,"- ","- ",,,MONTEREY,MARINA,-121.80659276999999,36.680016590000001
7140164,2015,2015-12-18,2708,2015-11-12,0640,16258,SALNS,4,5,6,2708,0,0,0,,0,001,"NORTH DAVIS RD","BORONDA CROSSING",0.00,,Y,A,-,N,,,,,,,,,,Y,3,0,1,1,A,-,03,22350,A,N,A,I,A,A,H,-,B,D,0,,,,,Y,,-,,0,1,0,0,0,0,0,0,0,"- ","- ",,,MONTEREY,SALINAS,-121.66704993,36.720210080000001
7140168,2015,2015-12-18,2708,2015-11-25,0901,13102,MUNI,3,5,6,2708,0,0,0,,0,009,"SOUTH MAIN ST","PINE ST",0.00,,Y,A,-,N,,,,,,,,,,N,4,0,1,2,A,-,05,21650,1,N,D,G,A,A,H,-,A,A,0,,Y,,,Y,,L,04,0,0,1,0,0,0,1,0,0,"- ","- ",,,MONTEREY,SALINAS,-121.65655995,36.665920010000001
7140172,2015,2015-12-18,2708,2015-11-15,1512,53269,,7,5,6,2708,0,0,0,,0,001,"NORTH MAIN ST","E LAMAR ST",0.00,,Y,A,-,N,,,,,,,,,,Y,4,0,1,2,A,-,09,21801,A,N,D,C,A,A,H,-,A,D,0,,,,,Y,,-,,0,0,1,0,0,0,0,0,0,"- ","- ",,,MONTEREY,SALINAS,-121.65640997,36.7236501
7140176,2015,2015-12-18,2708,2015-11-09,1542,03581,,1,5,6,2708,0,0,0,,0,003,"EAST ALVIN DR","EL DORADO DR",0.00,,Y,B,-,N,,,,,,,,,,N,3,0,1,2,A,-,05,21650,1,N,D,G,A,B,H,-,A,A,0,,Y,,,Y,,L,04,0,1,0,0,0,0,1,0,0,"- ","- ",,,MONTEREY,SALINAS,-121.63777989,36.70530007
7140180,2015,2015-12-18,2708,2015-11-12,1747,16301,,4,5,6,2708,0,0,0,,0,006,"WEST ROSSI ST","RICO ST",0.00,,Y,A,-,N,,,,,,,,,,Y,4,0,1,2,A,-,09,21801,A,N,A,C,A,A,H,-,B,A,0,,,,,Y,,-,,0,0,1,0,0,0,0,0,0,"- ","- ",,,MONTEREY,SALINAS,-121.66150992999999,36.683930099999998
7140181,2015,2015-12-24,2708,2015-12-05,0159,,,6,5,6,2708,0,0,0,,0,006,"WEST LAUREL DR","NORTH DAVIS RD",300.00,E,N,A,-,N,,,,,,,,,,Y,4,0,2,2,A,-,01,23153,A,F,D,C,A,A,H,-,C,A,0,,,,,Y,Y,-,,0,0,2,0,0,0,0,0,0,"- ","- ",,,MONTEREY,SALINAS,-121.66706928000001,36.69785057
7140184,2015,2015-12-18,2708,2015-11-05,0255,18355,2708,4,5,6,2708,0,0,0,,0,010,JOHN,"TULIP CIR",0.00,,Y,A,-,N,,,,,,,,,,Y,3,0,2,3,A,-,03,22350,,N,C,C,A,A,H,-,C,D,0,,,,,Y,,-,,0,2,0,0,0,0,0,0,0,"- ","- ",,,MONTEREY,SALINAS,-121.63191993,36.66968009
7140187,2015,2015-12-18,2708,2015-12-01,2141,76956,,2,5,6,2708,0,0,0,,0,001,"W ALISAL ST","COLLEGE DR",22.00,W,N,A,-,N,,,,,,,,,,Y,4,0,2,1,A,-,01,23153,,N,E,I,A,A,H,-,C,D,0,,,,,Y,Y,-,,0,0,2,0,0,0,0,0,0,"- ","- ",,,MONTEREY,SALINAS,-121.67057364999999,36.67113775
7140188,2015,2015-12-18,2708,2015-11-13,1721,12507,TARS,5,5,6,2708,0,0,0,,0,005,"NATIVIDAD RD",CHAPARRAL,0.00,,Y,A,-,N,,,,,,,,,,Y,4,0,1,2,A,-,03,22350,,N,C,C,A,A,H,-,B,A,0,,,,,Y,,-,,0,0,1,0,0,0,0,0,0,"- ","- ",,,MONTEREY,SALINAS,-121.63451990999999,36.700130029999997
7140192,2015,2015-12-18,2708,2015-11-13,0802,52823,TARS,5,5,6,2708,0,0,0,,0,,"CONSTITUTION BL","BEACON HILL DR",0.00,,Y,A,-,N,,,,,,,,,,Y,3,0,2,2,A,-,09,21801,A,N,D,C,A,A,H,-,A,A,0,,,,,Y,,-,,0,2,0,0,0,0,0,0,0,"- ","- ",,,MONTEREY,SALINAS,-121.61603992000001,36.698770109999998
7140205,2015,2015-12-23,2708,2015-11-10,2231,54370,TARS,2,5,6,2708,0,0,0,,0,008,"EAST MARKET ST","NORTH MAIN ST",0.00,,Y,A,-,N,,,,,,,,,,,4,0,1,2,A,-,12,21453,A,N,D,G,A,A,H,-,C,A,0,,Y,,,Y,,L,04,0,0,1,0,0,0,1,0,0,"- ","- ",,,MONTEREY,SALINAS,-121.65593990000001,36.677610010000002
7140209,2015,2015-12-23,2708,2015-11-02,1052,56524,2708,1,5,6,2708,0,0,0,,0,278,"WEST MARKET ST",SALINAS,0.00,,Y,C,-,N,,,,,,,,,,Y,4,0,1,2,A,-,09,21801,A,N,D,C,A,B,H,-,A,D,0,,,,,Y,,-,,0,0,1,0,0,0,0,0,0,"- ","- ",,,MONTEREY,SALINAS,-121.65593990000001,36.677610010000002
7140261,2015,2015-12-18,2708,2015-11-13,1052,10122,,5,5,6,2708,0,0,0,,0,010,"EAST MARKET ST","NORTH PEARL ST",20.00,E,N,A,-,N,,,,,,,,,,Y,4,0,3,2,A,-,03,22350,,N,D,C,A,A,H,-,A,D,0,,,,,Y,,-,,0,0,3,0,0,0,0,0,0,"- ","- ",,,MONTEREY,SALINAS,-121.63309235,36.676692950000003
7140265,2015,2015-12-18,2708,2015-11-13,1556,58340,2708,5,5,6,2708,0,0,0,,0,002,"NORTH MAIN ST","WEST LAUREL DR",36.00,N,N,A,-,N,,,,,,,,,,N,4,0,1,2,A,-,03,22350,A,N,C,C,A,A,H,-,A,A,0,,,,,Y,,-,,0,0,1,0,0,0,0,0,0,"- ","- ",,,MONTEREY,SALINAS,-121.65204891,36.69941772
7140269,2015,2015-12-18,2708,2015-11-22,1129,52823,,7,5,6,2708,0,0,0,,0,,"SHERWOOD DR","BERNAL DR",15.00,S,N,A,-,N,,,,,,,,,,Y,4,0,1,2,A,-,07,21658,A,N,E,I,A,A,H,-,A,D,0,,,,,Y,,-,,0,0,1,0,0,0,0,0,0,"- ","- ",,,MONTEREY,SALINAS,-121.64348421,36.692203689999999
7140273,2015,2015-12-18,2708,2015-11-02,1317,75334,,1,5,6,2708,0,0,0,,0,,NATIVIDAD,"EAST LAUREL DR",100.00,N,N,A,-,N,,,,,,,,,,N,4,0,1,3,A,-,04,21703,,N,C,C,A,A,H,-,A,A,0,,,,,Y,,-,,0,0,1,0,0,0,0,0,0,"- ","- ",,,MONTEREY,SALINAS,-121.63799031000001,36.696459330000003
7140277,2015,2016-08-23,2708,2015-11-19,1652,18925,,4,5,6,2708,0,0,0,,0,005,"WEST LAUREL DR","LEGION ALLEY",116.00,W,N,A,-,N,,,,,,,,,,Y,4,0,1,2,A,-,09,21804,A,N,B,C,A,A,H,-,B,D,0,,,,,Y,,-,,0,0,1,0,0,0,0,0,0,"- ","- ",,,MONTEREY,SALINAS,-121.65355325,36.69911561
7140281,2015,2015-12-18,2708,2015-11-28,0629,76998,,6,5,6,2708,0,0,0,,0,006,"NORTH DAVIS RD","SLOAT DR",15.00,N,N,A,-,N,,,,,,,,,,Y,4,0,2,1,A,-,01,23153,A,N,E,J,A,A,H,-,A,D,0,,,,,Y,Y,-,,0,0,2,0,0,0,0,0,0,"- ","- ",,,MONTEREY,SALINAS,-121.67010707999999,36.690186840000003
7142321,2015,2015-12-29,2706,2015-12-09,1718,635,2706,3,5,4,2706,0,0,0,,0,001,"FOAM ST","CANNERY ROW",84.00,N,N,A,-,N,,,,,,,,,,Y,3,0,1,3,A,-,03,22350,,N,C,C,A,A,H,-,C,D,0,,,Y,,Y,,A,01,0,1,0,0,0,0,0,0,1,"- ","- ",,,MONTEREY,MONTEREY,-121.89690775,36.609352579999999
7145175,2015,2017-01-28,2706,2015-11-26,1151,590,2706,4,5,4,2706,0,0,0,,0,003,"RT 68","JOSSELYN CANYON RD",5280.00,W,N,A,-,Y,MON,5,68,-,-,5.210,H,-,W,N,4,0,1,2,A,-,03,22350,,N,C,C,A,A,H,-,A,D,0,,,,,Y,,A,01,0,0,1,0,0,0,0,0,0,"- ","- ",,,MONTEREY,MONTEREY,-121.85566119000001,36.583488410000001
7145183,2015,2015-12-31,2706,2015-11-28,1512,320,,6,5,4,2706,0,0,0,,0,,"PRESCOTT AV","CANNERY ROW",119.00,W,N,A,-,N,,,,,,,,,,N,4,0,1,2,-,-,"- ",,,N,D,G,A,A,H,-,A,D,0,,Y,,,Y,,-,"- ",0,0,1,0,0,0,1,0,0,"- ","- ",,,MONTEREY,MONTEREY,-121.90060726,36.615828399999998
7145799,2015,2016-01-11,2712,2015-12-07,1108,687,2712,1,5,3,2712,0,0,0,,0,001,"BEACH RD","MARINA DR",154.00,W,N,A,-,N,,,,,,,,,,N,3,0,2,2,A,-,06,21755,,N,D,C,A,A,H,-,A,D,0,,,,Y,Y,,D,22,0,1,1,0,0,0,0,0,0,"- ","- ",,,MONTEREY,MARINA,-121.79934986000001,36.694522259999999
7153310,2016,2016-01-15,2712,2016-01-01,1630,537,2712,5,5,3,2712,0,0,0,,0,001,"CRESCENT AV","RESERVATION RD",165.00,S,N,A,-,N,,,,,,,,,,N,3,0,1,1,A,-,03,22350,,N,F,J,A,A,H,-,A,D,0,,,Y,,Y,Y,C,02,0,1,0,0,0,0,0,0,1,"- ","- ",,,MONTEREY,MARINA,-121.79213016,36.68342157
7156396,2015,2016-01-25,2710,2015-12-03,1443,34127,,4,5,4,2710,0,0,0,,0,001,"HARDING ST","WANDA AV",298.00,N,N,B,-,N,,,,,,,,,,N,3,0,1,2,A,-,08,22107,,F,G,B,E,B,H,-,A,D,0,Y,,,,Y,,A,01,0,1,0,0,1,0,0,0,0,"- ","- ",,,MONTEREY,SEASIDE,-121.83332823000001,36.604928540000003
7157014,2016,2016-03-03,2712,2016-01-05,1447,687,2712,2,5,3,2712,0,0,0,,0,001,"DEL MONTE BL","PALM AV",289.00,S,N,B,-,N,,,,,,,,,,Y,3,0,2,2,C,-,18,,,N,C,E,A,B,H,-,A,D,0,,,,Y,Y,,-,"- ",0,2,0,0,0,0,0,0,0,"- ","- ",,,MONTEREY,MARINA,-121.80386,36.68327
7158433,2016,2016-03-01,2712,2016-01-09,0231,730,2712,6,5,3,2712,0,0,0,,0,001,"2ND AV","10TH ST",189.00,N,N,C,-,N,,,,,,,,,,N,4,0,1,1,A,-,03,22350,,N,E,I,A,B,H,-,C,D,0,,,,,Y,,A,01,0,0,1,0,0,0,0,0,0,"- ","- ",,,MONTEREY,MARINA,-121.80930201,36.665089209999998
7159215,2016,2016-02-16,2711,2016-01-05,1333,2119,SLPD,2,5,3,2711,0,0,0,,0,001,"MAIN ST","MONTEREY ST",62.00,W,N,B,-,N,,,,,,,,,,Y,3,0,1,2,A,-,"- ",,,N,G,B,B,A,H,-,A,A,0,Y,,,,Y,Y,A,01,0,1,0,0,1,0,0,0,0,"- ","- ",,,MONTEREY,SOLEDAD,-121.32833007000001,36.427785989999997
7159219,2016,2016-02-24,2711,2016-01-24,0720,4141,2711,7,5,3,2711,0,0,0,,0,002,"MONTEREY ST","OAK ST",0.00,,Y,A,-,N,,,,,,,,,,N,4,0,1,2,A,-,12,22450,A,N,D,C,A,A,H,-,A,A,0,,,,,Y,,A,01,0,0,1,0,0,0,0,0,0,"- ","- ",,,MONTEREY,SOLEDAD,-121.32340993,36.424810049999998
7159223,2016,2016-02-24,2711,2016-01-30,2058,08790,2711,6,5,3,2711,0,0,0,,0,002,"FRONT ST","NESTLES RD",0.00,W,N,B,C,N,,,,,,,,,,N,4,0,1,2,A,-,04,21703,,N,C,C,A,A,H,-,C,D,0,,,,,Y,,A,01,0,0,1,0,0,0,0,0,0,"- ","- ",,,MONTEREY,SOLEDAD,-121.32273999,36.420340080000003
7159320,2015,2016-02-10,2711,2015-12-07,1706,0048,2711,1,5,3,2711,0,0,0,,0,001,"MONTEREY ST","DIXIE ST",0.00,,Y,A,-,N,,,,,,,,,,N,4,0,1,2,A,-,09,21802,A,N,D,G,A,A,H,-,C,A,0,,Y,,,Y,,A,07,0,0,1,0,0,0,1,0,0,"- ","- ",,,MONTEREY,SOLEDAD,-121.32434997999999,36.425420019999997
7159340,2015,2016-02-10,2711,2015-12-12,1729,7944,2711,6,5,3,2711,0,0,0,,0,001,"MONTEREY ST","MAIN ST",66.00,N,N,A,-,N,,,,,,,,,,N,4,0,1,2,A,-,03,22350,,N,G,-,D,A,H,-,C,A,0,Y,,,,Y,,A,01,0,0,1,0,1,0,0,0,0,"- ","- ",,,MONTEREY,SOLEDAD,-121.32837542999999,36.428033020000001
7159344,2015,2016-02-11,2711,2015-12-12,1505,7457,2711,6,5,3,2711,0,0,0,,0,001,"BENITO ST","MARKET ST",0.00,,Y,A,-,N,,,,,,,,,,N,3,0,1,2,A,-,12,22450,A,N,C,C,A,A,H,-,A,D,0,,,Y,,Y,,C,02,0,1,0,0,0,0,0,0,0,"- ","- ",,,MONTEREY,SOLEDAD,-121.3292,36.430250119999997
7159441,2016,2016-02-26,2712,2016-01-25,1548,687,2712,1,5,3,2712,0,0,0,,0,001,"RESERVATION RD","DE FOREST RD",216.00,W,N,A,-,N,,,,,,,,,,N,4,0,3,2,A,-,03,22350,,F,C,C,A,A,H,-,A,A,0,,,,,Y,,A,01,0,0,3,0,0,0,0,0,0,"- ","- ",,,MONTEREY,MARINA,-121.79411693999999,36.684908309999997
7160726,2015,2017-02-03,2710,2015-12-31,2137,40390,SEASI,4,5,4,2710,0,0,0,,0,,"MONTEREY RD","FREMONT BL",0.00,,Y,A,-,Y,MON,5,1,-,R,80.870,R,4,N,N,3,0,1,2,A,-,07,21658,A,N,B,C,A,A,H,-,C,A,0,,,,,Y,,-,"- ",0,1,0,0,0,0,0,0,0,"- ","- ",,,MONTEREY,SEASIDE,-121.83936199,36.626046959999996
7160749,2015,2016-01-22,2710,2015-12-30,1150,34127,,3,5,4,2710,0,0,0,,0,003,"CANYON DEL REY BL","AMADOR AV",0.00,,Y,A,-,N,,,,,,,,,,N,4,0,1,2,A,-,21,22106,,N,C,C,A,A,H,-,A,A,0,,,,,Y,,-,,0,0,1,0,0,0,0,0,0,"- ","- ",,,MONTEREY,SEASIDE,-121.85543986,36.607120039999998
7160753,2015,2016-01-22,2710,2015-12-31,0930,32225,,4,5,4,2710,0,0,0,,0,,"BROADWAY AV","FLORES ST",0.00,,Y,A,-,N,,,,,,,,,,N,4,0,1,2,A,-,12,22450,A,N,D,G,A,A,H,-,A,A,0,,Y,,,Y,,-,,0,0,1,0,0,0,1,0,0,"- ","- ",,,MONTEREY,SEASIDE,-121.83395996,36.60897001
7160765,2015,2016-01-22,2710,2015-12-27,0240,40386,MARIN,7,5,4,2710,0,0,0,,0,014,"GENERAL JIM MOORE BL","PGE POLE 10098507",550.00,S,N,A,-,N,,,,,,,,,,Y,4,0,1,1,A,-,01,23152,,N,F,J,A,A,H,-,C,D,0,,,,,Y,,A,01,0,0,1,0,0,0,0,0,0,"- ","- ",,,MONTEREY,SEASIDE,,
7162249,2015,2016-01-29,2708,2015-12-26,1735,6240,,6,5,6,2708,0,0,0,,0,,"W ALISAL ST","W ALISAL ST 497",0.00,,Y,A,-,N,,,,,,,,,,Y,3,0,2,1,A,-,08,22107,,N,B,I,A,A,H,-,C,D,0,,,,,Y,,A,01,0,2,0,0,0,0,0,0,0,"- ","- ",,,MONTEREY,SALINAS,-121.66708231,36.672127869999997
7162253,2015,2016-01-29,2708,2015-12-24,1040,30510,,4,5,6,2708,0,0,0,,0,009,"JOHN ST","WORK ST",195.00,W,N,B,C,N,,,,,,,,,,Y,4,0,2,2,A,-,03,22350,,N,C,C,A,B,H,-,A,A,0,,,,,Y,,D,22,0,0,2,0,0,0,0,0,0,"- ","- ",,,MONTEREY,SALINAS,-121.64270677,36.670680920000002
7162298,2015,2017-02-03,2708,2015-10-25,0735,58964,SPD,7,5,6,2708,0,0,0,,0,,"WEST MARKET ST","CLARK ST",0.00,,Y,B,-,Y,MON,5,183,-,-,1.690,I,5,N,Y,3,0,2,2,A,-,09,21802,A,N,D,C,A,A,H,-,A,D,0,,,,,Y,,-,,0,2,0,0,0,0,0,0,0,"- ","- ",,,MONTEREY,SALINAS,-121.67092699,36.683303889999998
7164482,2015,2016-01-23,2708,2015-12-21,1731,67054,,1,5,6,2708,0,0,0,,0,002,"PUEBLO DR","N 1ST ST",100.00,W,N,C,-,N,,,,,,,,,,N,4,0,1,2,A,-,03,22350,,M,C,C,A,B,H,-,C,D,0,,,,,Y,,-,,0,0,1,0,0,0,0,0,0,"- ","- ",,,MONTEREY,SALINAS,-121.65606699,36.705986979999999
7164486,2015,2016-01-23,2708,2015-12-03,1300,75635,,4,5,6,2708,0,0,0,,0,006,"NORTH DAVIS RD","WESTRIDGE PKWY",10.00,S,N,C,-,N,,,,,,,,,,Y,4,0,2,2,A,-,03,22350,,N,C,C,A,B,H,-,A,A,0,,,,,Y,,-,,0,0,2,0,0,0,0,0,0,"- ","- ",,,MONTEREY,SALINAS,-121.66693122,36.703972540000002
7164490,2015,2016-01-27,2708,2015-12-14,0808,10704,,1,5,6,2708,0,0,0,,0,012,"KENTUCKY ST","LINDEN ST",50.00,E,N,A,-,N,,,,,,,,,,N,3,0,2,3,A,-,03,22350,,N,G,B,D,A,H,-,A,D,0,Y,,,,Y,,-,,0,1,1,0,2,0,0,0,0,"- ","- ",,,MONTEREY,SALINAS,-121.62313933999999,36.68016549
7164493,2015,2017-02-03,2706,2015-12-29,1512,320,MPD,2,5,4,2706,0,0,0,,0,002,"SKYLINE FOREST","RT 68",21.00,E,N,A,-,Y,MON,5,68,-,-,3.370,I,5,W,Y,4,0,2,2,A,-,01,23152,A,N,D,C,A,A,H,-,A,D,0,,,,,Y,Y,A,01,0,0,2,0,0,0,0,0,0,"- ","- ",,,MONTEREY,MONTEREY,-121.91866444,36.5859533
7164494,2015,2016-01-27,2708,2015-12-01,1721,30433,,2,5,6,2708,0,0,0,,0,005,"NATIVIDAD RD","LUNSFORD DR",125.00,S,N,A,-,N,,,,,,,,,,N,4,0,2,3,A,-,03,22350,,N,C,C,A,A,H,-,C,-,0,,,,,Y,,A,01,0,0,2,0,0,0,0,0,0,"- ","- ",,,MONTEREY,SALINAS,-121.64170355,36.693537259999999
7164498,2015,2016-01-23,2708,2015-12-08,0853,75635,,2,5,6,2708,0,0,0,,0,,"JOHN ST","MAIN ST",50.00,E,N,A,-,N,,,,,,,,,,N,4,0,1,2,A,-,09,21801,A,N,D,C,A,A,H,-,A,D,0,,,,,Y,,-,,0,0,1,0,0,0,0,0,0,"- ","- ",,,MONTEREY,SALINAS,-121.65460595,36.671032529999998
7164502,2015,2016-01-23,2708,2015-12-29,1006,37923,,2,5,6,2708,0,0,0,,0,007,"NORTH DAVIS RD","POST DR",0.00,,Y,A,-,N,,,,,,,,,,Y,4,0,1,2,A,-,12,21453,A,N,D,D,A,A,H,-,A,A,0,,,,,Y,,-,,0,0,1,0,0,0,0,0,0,"- ","- ",,,MONTEREY,SALINAS,-121.66875994999999,36.696070050000003
7164506,2015,2016-01-23,2708,2015-12-31,1820,76992,,4,5,6,2708,0,0,0,,0,,"EAST MARKET ST","N HEBBRON AV",10.00,W,N,A,-,N,,,,,,,,,,Y,3,0,1,3,A,-,01,23152,,N,C,C,A,A,H,-,C,A,0,,,,,Y,,-,,0,1,0,0,0,0,0,0,0,"- ","- ",,,MONTEREY,SALINAS,-121.63175382999999,36.676553519999999
7164510,2015,2016-03-21,2708,2015-12-27,1003,15945,,7,5,6,2708,0,0,0,,0,,"SALINAS ST","W ALISAL ST",0.00,,Y,A,-,N,,,,,,,,,,N,3,0,1,2,A,-,10,21950,,N,G,B,B,A,H,-,A,A,0,Y,,,,Y,,-,,0,1,0,0,1,0,0,0,0,"- ","- ",,,MONTEREY,SALINAS,-121.65602994,36.673620020000001
7164514,2015,2016-02-09,2708,2015-12-18,0537,82326,,5,5,6,2708,0,0,0,,0,004,"INDEPENDENCE BL","CONSTITUTION BL",0.00,,Y,A,-,N,,,,,,,,,,N,4,0,1,2,D,-,00,,,M,D,C,A,A,H,-,C,A,0,,,,,Y,,-,"- ",0,0,1,0,0,0,0,0,0,"- ","- ",,,MONTEREY,SALINAS,-121.62147999,36.70041011
7164518,2015,2016-01-27,2708,2015-12-08,1501,30731,,2,5,6,2708,0,0,0,,0,2L9,"NORTH MAIN ST",ROSSI,150.00,N,N,A,-,N,,,,,,,,,,N,4,0,1,3,A,-,07,21658,A,N,D,C,A,A,H,-,A,D,0,,,,,Y,,-,,0,0,1,0,0,0,0,0,0,"- ","- ",,,MONTEREY,SALINAS,-121.65394931,36.68128617
7164522,2015,2016-01-27,2708,2015-12-10,1924,71633,,4,5,6,2708,0,0,0,,0,007,"W ALISAL ST","ACACIA ST",0.00,,Y,C,-,N,,,,,,,,,,N,3,0,2,2,A,-,09,21801,A,N,A,C,A,B,H,-,C,A,0,,,,,Y,,-,,0,2,0,0,0,0,0,0,0,"- ","- ",,,MONTEREY,SALINAS,-121.67269989,36.669460030000003
7164526,2015,2016-05-20,2708,2015-12-08,1208,53260,,2,5,6,2708,0,0,0,,0,010,"EAST LAUREL DR","ST EDWARDS",0.00,,Y,A,-,N,,,,,,,,,,Y,4,0,1,1,A,-,03,22350,,M,A,I,A,A,H,-,A,D,0,,,,,Y,,-,,0,0,1,0,0,0,0,0,0,"- ","- ",,,MONTEREY,SALINAS,-121.62309998000001,36.686330009999999
7164530,2015,2016-01-27,2708,2015-12-09,1311,30510,,3,5,6,2708,0,0,0,,0,001,"NORTH MAIN ST","RUSSELL RD",1056.00,S,N,A,-,N,,,,,,,,,,Y,3,0,1,2,A,-,03,22350,A,N,C,C,A,A,H,-,A,A,0,,,,,Y,,-,,0,1,0,0,0,0,0,0,0,"- ","- ",,,MONTEREY,SALINAS,-121.65626887000001,36.73153078
7164534,2015,2016-01-27,2708,2015-12-02,1738,08323,,3,5,6,2708,0,0,0,,0,011,"FREEDOM PKWY","NORTH SANBORN RD",0.00,,Y,A,-,N,,,,,,,,,,Y,2,0,3,2,A,-,09,21801,A,N,-,C,A,A,H,-,C,A,0,,,,,Y,,-,,1,0,2,0,0,0,0,0,0,"- ","- ",,,MONTEREY,SALINAS,-121.60134986,36.692130040000002
7164538,2015,2016-01-27,2708,2015-12-19,1741,97158,,6,5,6,2708,0,0,0,,0,004,"EAST LAUREL DR","RANCH VIEW LN",120.00,W,N,B,-,N,,,,,,,,,,Y,3,0,1,2,A,-,07,21658,A,N,B,C,A,A,H,-,B,D,0,,,,,Y,,-,,0,1,0,0,0,0,0,0,0,"- ","- ",,,MONTEREY,SALINAS,-121.62854799,36.691384280000001
7164542,2015,2016-01-23,2708,2015-12-30,2035,06240,,3,5,6,2708,0,0,0,,0,,"RIKER ST","WEST MARKET ST",33.00,S,N,A,-,N,,,,,,,,,,Y,4,0,1,2,A,-,03,22350,,F,C,E,A,A,H,-,D,D,0,,,,,Y,,-,,0,0,1,0,0,0,0,0,0,"- ","- ",,,MONTEREY,SALINAS,-121.66215205,36.679785899999999
7164546,2015,2016-01-23,2708,2015-12-18,1058,49986,,5,5,6,2708,0,0,0,,0,008,"NORTH MAIN ST",CASENTINI,0.00,,Y,A,-,N,,,,,,,,,,Y,3,0,4,2,A,-,03,22350,,N,C,C,A,A,H,-,A,A,0,,,,,Y,,-,,0,1,3,0,0,0,0,0,0,"- ","- ",,,MONTEREY,SALINAS,-121.65282993,36.684290070000003
7164550,2015,2016-01-23,2708,2015-12-24,1858,19702,,4,5,6,2708,0,0,0,,0,010,"E ALISAL ST","WOOD ST",0.00,,Y,B,C,N,,,,,,,,,,Y,4,0,1,2,A,-,09,21801,A,N,A,C,A,B,H,-,C,A,0,,,,,Y,,-,,0,0,1,0,0,0,0,0,0,"- ","- ",,,MONTEREY,SALINAS,-121.63539987,36.673700019999998
7164553,2015,2016-01-23,2708,2015-12-15,0728,31977,,2,5,6,2708,0,0,0,,0,005,"MARYAL DR",BERNAL,200.00,N,N,A,-,N,,,,,,,,,,Y,4,0,1,2,A,-,09,21801,A,N,D,C,A,A,H,-,A,D,0,,,,,Y,,-,,0,0,1,0,0,0,0,0,0,"- ","- ",,,MONTEREY,SALINAS,-121.64641437,36.691453379999999
7164554,2015,2016-01-23,2708,2015-12-30,1419,75791,,3,5,6,2708,0,0,0,,0,,"WEST LAUREL DR","ADAMS ST",0.00,,Y,A,-,N,,,,,,,,,,N,4,0,1,2,A,-,09,21453,B,N,C,C,A,A,H,-,A,A,0,,,,,Y,,-,,0,0,1,0,0,0,0,0,0,"- ","- ",,,MONTEREY,SALINAS,-121.66245999,36.698010089999997
7164557,2015,2016-01-23,2708,2015-12-20,1752,3581,,7,5,6,2708,0,0,0,,0,003,"EAST ALVIN DR","KIP DR",0.00,,Y,A,-,N,,,,,,,,,,Y,4,0,1,2,A,-,09,21801,A,N,D,C,A,A,H,-,C,D,0,,,,,Y,,-,,0,0,1,0,0,0,0,0,0,"- ","- ",,,MONTEREY,SALINAS,-121.64404986,36.706790099999999
7164558,2015,2016-01-23,2708,2015-12-13,2211,97158,,7,5,6,2708,0,0,0,,0,004,"EAST BORONDA RD","CONSTITUTION BL",1104.00,W,N,B,-,N,,,,,,,,,,Y,2,0,2,2,A,-,01,23152,A,N,A,C,A,B,H,-,C,D,0,,,,,Y,Y,-,,1,0,1,0,0,0,0,0,0,"- ","- ",,,MONTEREY,SALINAS,-121.60375533,36.707412140000002