CASE_ID,ACCIDENT_YEAR,PROC_DATE,JURIS,COLLISION_DATE,COLLISION_TIME,OFFICER_ID,REPORTING_DISTRICT,DAY_OF_WEEK,CHP_SHIFT,POPULATION,CNTY_CITY_LOC,SPECIAL_COND,BEAT_TYPE,CHP_BEAT_TYPE,CITY_DIVISION_LAPD,CHP_BEAT_CLASS,BEAT_NUMBER,PRIMARY_RD,SECONDARY_RD,DISTANCE,DIRECTION,INTERSECTION,WEATHER_1,WEATHER_2,STATE_HWY_IND,CALTRANS_COUNTY,CALTRANS_DISTRICT,STATE_ROUTE,ROUTE_SUFFIX,POSTMILE_PREFIX,POSTMILE,LOCATION_TYPE,RAMP_INTERSECTION,SIDE_OF_HWY,TOW_AWAY,COLLISION_SEVERITY,NUMBER_KILLED,NUMBER_INJURED,PARTY_COUNT,PRIMARY_COLL_FACTOR,PCF_CODE_OF_VIOL,PCF_VIOL_CATEGORY,PCF_VIOLATION,PCF_VIOL_SUBSECTION,HIT_AND_RUN,TYPE_OF_COLLISION,MVIW,PED_ACTION,ROAD_SURFACE,ROAD_COND_1,ROAD_COND_2,LIGHTING,CONTROL_DEVICE,CHP_ROAD_TYPE,PEDESTRIAN_ACCIDENT,BICYCLE_ACCIDENT,MOTORCYCLE_ACCIDENT,TRUCK_ACCIDENT,NOT_PRIVATE_PROPERTY,ALCOHOL_INVOLVED,STWD_VEHTYPE_AT_FAULT,CHP_VEHTYPE_AT_FAULT,COUNT_SEVERE_INJ,COUNT_VISIBLE_INJ,COUNT_COMPLAINT_PAIN,COUNT_PED_KILLED,COUNT_PED_INJURED,COUNT_BICYCLIST_KILLED,COUNT_BICYCLIST_INJURED,COUNT_MC_KILLED,COUNT_MC_INJURED,PRIMARY_RAMP,SECONDARY_RAMP,LATITUDE,LONGITUDE,COUNTY,CITY,POINT_X,POINT_Y
7205209,2016,2016-03-24,2710,2016-01-04,0948,34413,,1,5,4,2710,0,0,0,,0,015,"FREMONT BL","FRANCIS AV",160.00,S,N,B,-,N,,,,,,,,,,N,4,0,1,2,A,-,"- ",,,N,G,G,A,B,H,-,A,D,0,,Y,,,Y,,A,08,0,0,1,0,0,0,1,0,0,"- ","- ",,,MONTEREY,SEASIDE,-121.84953621,36.601066850000002
7205213,2016,2016-03-14,2710,2016-01-01,1645,38145,,5,5,4,2710,0,0,0,,0,001,"SONOMA AV","FREMONT BL",0.00,,Y,A,-,N,,,,,,,,,,N,4,0,1,2,A,-,10,21950,A,N,B,B,B,A,H,-,A,A,0,Y,,,,Y,,-,,0,0,1,0,1,0,0,0,0,"- ","- ",,,MONTEREY,SEASIDE,-121.84709986,36.606250119999999
7205217,2016,2016-03-14,2710,2016-01-01,1920,40392,SEASI,5,5,4,2710,0,0,0,,0,011,"GOODWIN ST","ECHO AV",0.00,,Y,A,-,N,,,,,,,,,,Y,3,0,1,1,A,-,01,23152,A,N,E,I,A,A,H,-,C,D,0,,,,,Y,Y,-,,0,1,0,0,0,0,0,0,0,"- ","- ",,,MONTEREY,SEASIDE,-121.83946994,36.613980089999998
7206864,2016,2016-03-22,2706,2016-03-11,1858,608,2706,5,5,4,2706,0,0,0,,0,001,"FOAM ST","DRAKE AV",19.00,S,N,C,-,N,,,,,,,,,,Y,4,0,1,2,A,-,08,22107,,N,B,C,A,B,H,-,C,A,0,,,,,Y,,A,01,0,0,1,0,0,0,0,0,0,"- ","- ",,,MONTEREY,MONTEREY,-121.89907340000001,36.611866939999999
7206932,2016,2016-03-23,2706,2016-02-21,1800,428,MPD,7,5,4,2706,0,0,0,,0,001,"DEL MONTE AV","CAMINO AGUAJITO",0.00,,Y,B,-,N,,,,,,,,,,N,4,0,1,3,A,-,03,22350,,N,C,C,A,A,-,-,A,D,0,,,,,Y,,A,07,0,0,1,0,0,0,0,0,0,"- ","- ",,,MONTEREY,MONTEREY,-121.88357997999999,36.599940060000002
7207223,2016,2016-03-21,2708,2016-02-16,1551,54440,,2,5,6,2708,0,0,0,,0,008,"EAST ALISAL ST","PAJARO ST",0.00,,Y,A,-,N,,,,,,,,,,Y,3,0,1,3,A,-,12,21453,A,N,D,D,A,A,H,-,A,A,0,,,,,Y,,-,,0,1,0,0,0,0,0,0,0,"- ","- ",,,MONTEREY,SALINAS,-121.65255986,36.674120000000002
7207227,2016,2016-03-21,2708,2016-02-23,0832,75635,SALIN,2,5,6,2708,0,0,0,,0,,"NATIVIDAD RD","EAST LAUREL DR",100.00,S,N,A,-,N,,,,,,,,,,Y,4,0,1,4,A,-,03,22350,,N,C,C,A,A,H,-,A,D,0,,,,,Y,,-,,0,0,1,0,0,0,0,0,0,"- ","- ",,,MONTEREY,SALINAS,-121.63849308,36.69610926
7207231,2016,2016-03-21,2708,2016-02-25,1512,56793,,4,5,6,2708,0,0,0,,0,001,"NORTH MAIN ST","EAST BORONDA RD",0.00,,Y,A,-,N,,,,,,,,,,N,3,0,1,2,A,-,10,21950,A,N,G,B,B,A,H,-,A,A,0,Y,,,,Y,,-,,0,1,0,0,1,0,0,0,0,"- ","- ",,,MONTEREY,SALINAS,-121.65622992,36.721620110000003
7207235,2016,2016-03-21,2708,2016-02-03,0953,07661,,3,5,6,2708,0,0,0,,0,005,"NATIVIDAD RD","LUNSFORD ST",420.00,S,N,A,-,N,,,,,,,,,,Y,3,0,1,2,A,-,09,21804,A,N,D,C,A,A,H,-,A,D,0,,,,,Y,,-,,0,1,0,0,0,0,0,0,0,"- ","- ",,,MONTEREY,SALINAS,-121.64244383,36.692988270000001
7207285,2016,2016-08-24,2708,2016-02-12,1700,54440,,5,5,6,2708,0,0,0,,0,001,"NORTH MAIN ST","BOLIVAR ST",0.00,,Y,A,-,N,,,,,,,,,,N,4,0,1,3,A,-,12,21453,A,N,G,G,A,A,H,-,A,A,0,,Y,,,Y,,-,"- ",0,0,1,0,0,0,1,0,0,"- ","- ",,,MONTEREY,SALINAS,-121.65636988,36.725050070000002
7207289,2016,2016-08-24,2708,2016-02-11,2127,56294,SALIN,4,5,6,2708,0,0,0,,0,0I2,"EAST LAUREL DR","TOWT ST",0.00,,Y,E,-,N,,,,,,,,,,Y,4,0,1,2,A,-,12,21453,A,N,D,D,A,A,H,-,C,A,0,,,,,Y,,-,,0,0,1,0,0,0,0,0,0,"- ","- ",,,MONTEREY,SALINAS,-121.61766991,36.679200049999999
7207324,2016,2016-03-15,2708,2016-02-21,1739,03581,,7,5,6,2708,0,0,0,,0,001,"NORTH MAIN ST","MASSA ST",23.00,N,N,A,-,N,,,,,,,,,,N,4,0,2,3,A,-,09,21804,A,N,D,C,A,A,H,-,A,D,0,,,,,Y,,-,,0,0,2,0,0,0,0,0,0,"- ","- ",,,MONTEREY,SALINAS,-121.65634850000001,36.725823169999998
7207328,2016,2016-03-15,2708,2016-02-08,1137,19702,,1,5,6,2708,0,0,0,,0,006,"LARKIN ST","RICO ST",45.00,S,N,A,-,N,,,,,,,,,,Y,3,0,3,2,A,-,03,22350,,N,A,C,A,A,H,-,A,D,0,,,,,Y,,-,,0,1,2,0,0,0,0,0,0,"- ","- ",,,MONTEREY,SALINAS,-121.65862,36.68927
7207332,2016,2016-03-24,2708,2016-02-23,1631,75791,,2,5,6,2708,0,0,0,,0,006,"NORTH DAVIS RD","WESTRIDGE DR",0.00,,Y,A,-,N,,,,,,,,,,Y,4,0,1,2,A,-,12,21453,A,F,-,C,A,A,H,-,A,-,0,,,,,Y,,-,,0,0,1,0,0,0,0,0,0,"- ","- ",,,MONTEREY,SALINAS,-121.66692989000001,36.704000100000002
7207336,2016,2016-03-15,2708,2016-02-26,1933,21990,SALIN,5,5,6,2708,0,0,0,,0,006,"NORTH DAVIS RD","WEST ROSSI ST",0.00,,Y,A,-,N,,,,,,,,,,Y,3,0,2,2,A,-,12,21453,A,N,D,C,A,A,H,-,C,A,0,,,,,Y,,-,,0,1,1,0,0,0,0,0,0,"- ","- ",,,MONTEREY,SALINAS,-121.67192991,36.68842008
7207340,2016,2016-03-15,2708,2016-02-15,0559,53268,,1,5,6,2708,0,0,0,,0,010,"NORTH SANBORN RD","EAST MARKET ST",45.00,N,N,A,-,N,,,,,,,,,,Y,4,0,1,2,A,-,07,21658,A,M,C,C,A,A,H,-,C,D,0,,,,,Y,Y,-,,0,0,1,0,0,0,0,0,0,"- ","- ",,,MONTEREY,SALINAS,-121.62702265999999,36.676564669999998
7207344,2016,2016-03-15,2708,2016-02-19,1915,34245,,5,5,6,2708,0,0,0,,0,003,"EAST BORONDA RD","INDEPENDENCE BL",1110.00,E,N,A,-,N,,,,,,,,,,Y,4,0,1,3,A,-,03,22350,,N,C,C,A,A,H,-,C,A,0,,,,,Y,,-,,0,0,1,0,0,0,0,0,0,"- ","- ",,,MONTEREY,SALINAS,-121.61312549,36.713622739999998
7207348,2016,2016-03-15,2708,2016-02-24,1453,19702,SPD,3,5,6,2708,0,0,0,,0,009,"ABBOTT ST","ALEMEDA ST",0.00,,Y,A,-,N,,,,,,,,,,Y,4,0,2,2,A,-,09,21801,A,N,D,C,A,A,H,-,A,D,0,,,,,Y,,-,,0,0,2,0,0,0,0,0,0,"- ","- ",,,MONTEREY,SALINAS,-121.64393990000001,36.665500100000003
7207352,2016,2016-03-15,2708,2016-02-13,2252,19735,SPD,6,5,6,2708,0,0,0,,0,010,"SOUTH MAIN ST","BLANCO RD",174.00,S,N,A,-,N,,,,,,,,,,Y,4,0,1,2,A,-,03,22350,A,N,C,C,A,A,H,-,C,A,0,,,,,Y,,-,,0,0,1,0,0,0,0,0,0,"- ","- ",,,MONTEREY,SALINAS,-121.66040106,36.655235679999997
7207356,2016,2016-03-15,2708,2016-02-18,0828,75635,SALIA,4,5,6,2708,0,0,0,,0,,"W ALISAL ST","AMBROSE ST",0.00,,Y,B,-,N,,,,,,,,,,Y,4,0,1,2,A,-,09,21802,A,N,C,A,A,B,H,-,A,D,0,,,,,Y,,-,,0,0,1,0,0,0,0,0,0,"- ","- ",,,MONTEREY,SALINAS,-121.67610997,36.666660030000003
7207360,2016,2016-03-15,2708,2016-02-20,1554,19702,,6,5,6,2708,0,0,0,,0,007,"WEST ACACIA ST","RIKER ST",0.00,,Y,A,-,N,,,,,,,,,,Y,4,0,3,2,A,-,12,22450,A,N,D,C,A,A,H,-,A,A,0,,,,,Y,,-,,0,0,3,0,0,0,0,0,0,"- ","- ",,,MONTEREY,SALINAS,-121.66138986999999,36.666260029999997
7207441,2016,2016-03-16,2708,2016-02-18,1438,53269,,4,5,6,2708,0,0,0,,0,012,"WILLIAMS RD","QUILLA ST",0.00,,Y,A,-,N,,,,,,,,,,Y,4,0,1,2,A,-,03,22350,A,F,D,C,A,A,H,-,A,D,0,,,,,Y,,-,,0,0,1,0,0,0,0,0,0,"- ","- ",,,MONTEREY,SALINAS,-121.61806989999999,36.673350020000001
7207445,2016,2016-03-16,2708,2016-02-05,1926,19735,SPD,5,5,6,2708,0,0,0,,0,005,"NORTH MAIN ST","ROCHEX AV",0.00,,Y,A,-,N,,,,,,,,,,N,4,0,3,2,A,-,09,21801,A,N,D,C,A,A,H,-,C,D,0,,,,,Y,,-,,0,0,3,0,0,0,0,0,0,"- ","- ",,,MONTEREY,SALINAS,-121.65223989,36.700540029999999
7207449,2016,2016-03-16,2708,2016-02-15,1046,07601,,1,5,6,2708,0,0,0,,0,003,"LOS COCHES DR","NATIVIDAD RD",0.00,,Y,A,-,N,,,,,,,,,,N,4,0,2,2,A,-,03,22350,,N,C,C,A,A,H,-,A,A,0,,,,,Y,,-,,0,0,2,0,0,0,0,0,0,"- ","- ",,,MONTEREY,SALINAS,-121.62755991,36.707030080000003
7207453,2016,2016-03-16,2708,2016-02-14,1304,07661,,7,5,6,2708,0,0,0,,0,003,"HARDEN PKWY","EL DORADO DR",160.00,W,N,A,-,N,,,,,,,,,,Y,2,0,2,1,A,-,08,22107,,N,A,I,A,A,H,-,A,D,0,,,,,Y,,-,,1,1,0,0,0,0,0,0,0,"- ","- ",,,MONTEREY,SALINAS,-121.63653103999999,36.710758509999998
7207457,2016,2016-03-16,2708,2016-02-01,1740,56525,2708,1,5,6,2708,0,0,0,,0,008,"W ALISAL ST","HOMESTEAD AV",28.00,E,N,A,-,N,,,,,,,,,,N,4,0,2,2,A,-,03,22350,,N,C,C,A,A,H,-,C,A,0,,,,,Y,,-,,0,0,2,0,0,0,0,0,0,"- ","- ",,,MONTEREY,SALINAS,-121.66428584000001,36.672532799999999
7209059,2016,2016-03-16,2708,2016-01-27,1224,49986,,3,5,6,2708,0,0,0,,0,007,"W ACACIA","W ALISAL",0.00,,Y,A,-,N,,,,,,,,,,N,4,0,1,2,A,-,09,21453,B,N,D,C,A,A,H,-,A,A,0,,,,,Y,,-,,0,0,1,0,0,0,0,0,0,"- ","- ",,,MONTEREY,SALINAS,-121.67269989,36.669460030000003
7209060,2016,2016-03-16,2708,2016-01-29,0633,49280,,5,5,6,2708,0,0,0,,0,011,CONSTITUTION,"E BORONDA",0.00,,Y,B,-,N,,,,,,,,,,N,3,0,1,2,A,-,05,21650,1,N,D,G,A,B,H,-,B,A,0,,Y,,,Y,,-,,0,1,0,0,0,0,1,0,0,"- ","- ",,,MONTEREY,SALINAS,-121.60334992,36.704400010000001
7209061,2016,2016-03-16,2708,2016-01-28,0802,71633,SALIN,4,5,6,2708,0,0,0,,0,011,"NORTH SANBORN RD","GARNER AV",102.00,N,N,A,-,N,,,,,,,,,,Y,4,0,1,2,A,-,07,21658,A,N,B,C,A,A,H,-,A,A,0,,,,,Y,,-,,0,0,1,0,0,0,0,0,0,"- ","- ",,,MONTEREY,SALINAS,-121.61485432000001,36.68636995
7209062,2016,2016-03-16,2708,2016-01-04,1030,75791,SALIN,1,5,6,2708,0,0,0,,0,009,"EAST BLANCO RD","ABBOTT ST",2640.00,W,N,C,-,N,,,,,,,,,,,4,0,1,2,A,-,03,22350,,N,C,C,A,B,H,-,A,D,0,,,,,Y,,-,,0,0,1,0,0,0,0,0,0,"- ","- ",,,MONTEREY,SALINAS,-121.64116091,36.651846669999998
7209063,2016,2016-03-16,2708,2016-01-22,1754,37923,SALIN,5,5,6,2708,0,0,0,,0,011,"TOWT ST","MAE AV",400.00,N,N,C,-,N,,,,,,,,,,N,4,0,2,2,A,-,04,21703,,N,C,C,A,B,H,-,C,D,0,,,,,Y,,-,,0,0,2,0,0,0,0,0,0,"- ","- ",,,MONTEREY,SALINAS,-121.60371498000001,36.687284599999998
7209257,2016,2016-03-22,2706,2016-03-06,1230,142,MPD,7,5,4,2706,0,0,0,,0,002,"CALLE PRINCIPAL","FRANKLIN ST",20.00,N,Y,B,-,N,,,,,,,,,,N,4,0,1,2,A,-,03,22350,,N,C,C,A,A,H,-,A,D,0,,,,,Y,,D,22,0,0,1,0,0,0,0,0,0,"- ","- ",,,MONTEREY,MONTEREY,-121.89502641999999,36.600121549999997
7209261,2016,2016-03-22,2706,2016-03-04,0812,505,2706,5,5,4,2706,0,0,0,,0,002,"TYLER ST","FRANKLIN ST",0.00,,Y,A,-,N,,,,,,,,,,N,4,0,1,2,A,-,10,21950,A,N,-,B,B,A,H,-,A,A,0,Y,,,,Y,,D,22,0,0,1,0,1,0,0,0,0,"- ","- ",,,MONTEREY,MONTEREY,-121.89344993,36.599840090000001
7209392,2016,2016-03-16,2706,2016-03-09,0816,181,MPD,3,5,4,2706,0,0,0,,0,003,"DEL MONTE AV","NAVY GATE",0.00,,Y,C,-,N,,,,,,,,,,N,4,0,1,2,A,-,03,22350,,N,C,C,A,B,H,-,A,D,0,,,,,Y,,D,22,0,0,1,0,0,0,0,0,0,"- ","- ",,,MONTEREY,MONTEREY,,
7209424,2016,2016-03-16,2706,2016-03-04,1708,608,2706,5,5,4,2706,0,0,0,,0,001,"LARKIN ST","JEFFERSON ST",0.00,,Y,B,-,N,,,,,,,,,,N,4,0,2,2,A,-,09,21802,A,N,D,C,A,A,H,-,A,A,0,,,,,Y,,A,01,0,0,2,0,0,0,0,0,0,"- ","- ",,,MONTEREY,MONTEREY,-121.89928998000001,36.59902005
7209448,2016,2016-03-16,2706,2016-02-28,2051,410,2706,7,5,4,2706,0,0,0,,0,002,"HERRMANN DR","PG&E POLE 78493",80.00,S,N,A,-,N,,,,,,,,,,Y,4,0,1,1,A,-,01,23152,A,N,E,I,A,A,H,-,C,D,0,,,,,Y,Y,A,01,0,0,1,0,0,0,0,0,0,"- ","- ",,,MONTEREY,MONTEREY,,
7213067,2016,2016-03-21,2710,2016-01-18,1930,40392,SEA,1,5,4,2710,0,0,0,,0,FTO,"FREMONT BL","ORD GROVE AV",0.00,,Y,E,-,N,,,,,,,,,,N,2,0,1,2,A,-,09,21801,A,N,H,G,A,A,H,-,C,A,0,,Y,,,Y,,D,22,1,0,0,0,0,0,1,0,0,"- ","- ",,,MONTEREY,SEASIDE,-121.84069988,36.619310059999997
7213607,2014,2016-06-14,2702,2014-01-06,1741,6252,MONTE,1,5,1,2702,0,0,0,,0,003,"RT 68","RT 218",685.00,E,N,B,-,Y,MON,5,68,-,-,6.940,H,-,W,N,4,0,1,2,C,-,18,,,N,C,C,A,A,H,-,D,D,0,,,Y,,Y,,-,"- ",0,0,1,0,0,0,0,0,1,"- ","- ",,,MONTEREY,"DEL REY OAKS",-121.82665827,36.579842669999998
7213837,2016,2016-03-22,2712,2016-03-01,1546,687,2712,2,5,3,2712,0,0,0,,0,001,"IMJIN PW","ABRAMS DR",935.00,S,N,A,-,N,,,,,,,,,,Y,3,0,2,2,A,-,03,22350,,N,C,C,A,A,H,-,A,A,0,,,,,Y,,A,01,0,1,1,0,0,0,0,0,0,"- ","- ",,,MONTEREY,MARINA,-121.79155504000001,36.661794669999999
8001153,2016,2016-04-01,2706,2016-03-17,0706,142,MPD,4,5,4,2706,0,0,0,,0,001,"PRESCOTT AV","BELDEN ST",0.00,,Y,A,-,N,,,,,,,,,,Y,4,0,1,2,A,-,09,21802,A,N,D,C,A,A,H,-,A,D,0,,,,,Y,,-,"- ",0,0,1,0,0,0,0,0,0,"- ","- ",,,MONTEREY,MONTEREY,-121.90518993000001,36.613320029999997
8001177,2016,2016-04-01,2712,2016-03-22,2237,1074,2712,2,5,3,2712,0,0,0,,0,001,"RESERVATION RD","SEASIDE CR",26.00,N,N,A,-,N,,,,,,,,,,Y,3,0,1,1,A,-,01,23152,A,N,E,I,A,A,H,-,C,A,0,,,Y,,Y,Y,C,02,0,1,0,0,0,0,0,0,1,"- ","- ",,,MONTEREY,MARINA,-121.80246681,36.692046410000003
8005528,2016,2016-03-30,2712,2016-02-01,1659,687,2712,1,5,3,2712,0,0,0,,0,001,"10TH ST","3RD AV",188.00,W,N,A,-,N,,,,,,,,,,N,4,0,1,2,A,-,09,21802,A,N,D,C,A,A,H,-,B,D,0,,,,,Y,,A,01,0,0,1,0,0,0,0,0,0,"- ","- ",,,MONTEREY,MARINA,-121.80588578,36.664641580000001
8005532,2016,2016-03-30,2712,2016-02-25,1005,687,2712,4,5,3,2712,0,0,0,,0,001,"DEL MONTE BL","PALM AV",0.00,,Y,A,-,N,,,,,,,,,,Y,3,0,2,2,A,-,12,21453,A,N,D,A,A,A,H,-,A,A,0,,,,,Y,,A,01,0,1,1,0,0,0,0,0,0,"- ","- ",,,MONTEREY,MARINA,-121.80367993999999,36.683450039999997
8007436,2015,2016-09-07,2707,2015-02-28,0432,2108,2707,6,5,3,2707,0,0,0,,0,001,"FOREST AV","BISHOP AV",137.00,S,N,C,-,Y,MON,5,68,-,-,1.680,H,-,W,Y,4,0,1,1,A,-,01,23152,A,N,F,I,A,B,H,-,C,D,0,,,,,Y,Y,A,01,0,0,1,0,0,0,0,0,0,"- ","- ",,,MONTEREY,"PACIFIC GROVE",-121.92163355,36.602806489999999
8007440,2015,2016-06-18,2707,2015-06-20,1343,1983,2707,6,5,3,2707,0,0,0,,0,001,"SUNSET DR","ASILOMAR AV",0.00,,Y,A,-,N,,,,,,,,,,N,4,0,1,2,A,-,03,22350,,N,D,G,A,A,H,-,A,D,0,,Y,,,Y,,L,04,0,0,1,0,0,0,1,0,0,"- ","- ",,,MONTEREY,"PACIFIC GROVE",-121.93602986,36.616120000000002
8008536,2020,2020-12-28,2706,2020-10-12,0842,395,2706,1,5,4,2706,0,0,0,,0,003,"RT 68","JOSSELYN CANYON RD",17.00,W,N,A,-,Y,MON,5,68,-,-,5.210,H,-,E,Y,4,0,1,2,A,-,03,22350,,N,C,C,A,A,H,-,A,A,0,,,,,Y,,A,01,0,0,1,0,0,0,0,0,0,"- ","- ",,,MONTEREY,MONTEREY,-121.85568237304688,36.583488464355469
8010262,2016,2016-04-15,2712,2016-03-23,1101,687,2712,3,5,3,2712,0,0,0,,0,001,"IMJIN PKWY","3RD AV",0.00,,Y,A,-,N,,,,,,,,,,Y,3,0,2,2,A,-,09,21802,A,N,D,C,A,A,H,-,A,A,0,,,,,Y,,A,08,0,1,1,0,0,0,0,0,0,"- ","- ",,,MONTEREY,MARINA,-121.80454999,36.666480059999998
8011987,2016,2017-02-11,2706,2016-03-21,1528,250,2706,1,5,4,2706,0,0,0,,0,003,YORK,"RT 68",200.00,N,N,A,-,Y,MON,5,68,-,-,8.150,I,6,W,N,4,0,1,2,A,-,03,22350,,N,C,C,A,A,H,-,A,A,0,,,,,Y,,A,07,0,0,1,0,0,0,0,0,0,"- ","- ",,,MONTEREY,MONTEREY,-121.80831135,36.57150678
8011991,2016,2016-04-12,2706,2016-03-24,1821,119,MPD,4,5,4,2706,0,0,0,,0,003,"DEL MONTE AV","PALO VERDE AV",0.00,,Y,A,-,N,,,,,,,,,,Y,3,0,2,2,A,-,09,21802,A,N,D,C,A,A,H,-,A,D,0,,,,,Y,,A,01,0,2,0,0,0,0,0,0,0,"- ","- ",,,MONTEREY,MONTEREY,-121.86937987,36.600840040000001
8011995,2016,2016-04-12,2706,2016-03-25,1539,142,,5,5,4,2706,0,0,0,,0,002,"FREMONT ST","CAMINO EL ESTERO",75.00,E,N,A,-,N,,,,,,,,,,N,4,0,2,2,A,-,03,22350,,N,C,C,A,A,H,-,A,A,0,,,,,Y,,A,07,0,0,2,0,0,0,0,0,0,"- ","- ",,,MONTEREY,MONTEREY,-121.88902579000001,36.595053829999998
8013150,2016,2016-04-12,2706,2016-04-04,2313,635,2706,1,5,4,2706,0,0,0,,0,003,"NORTH FREMONT ST","CASANOVA AV",0.00,,Y,A,-,N,,,,,,,,,,Y,3,0,2,2,A,-,12,21453,A,F,D,C,A,A,H,-,C,A,0,,,,,Y,,A,01,0,2,0,0,0,0,0,0,0,"- ","- ",,,MONTEREY,MONTEREY,-121.8532299,36.597670039999997
8013816,2016,2016-04-15,2706,2016-04-04,1706,896,MPD,1,5,4,2706,0,0,0,,0,002,"IRIS CANYON RD","GLENWOOD CIR",20.00,N,N,A,-,N,,,,,,,,,,N,3,0,1,1,A,-,03,22350,,N,-,J,A,A,H,-,A,D,0,,,Y,,Y,,C,02,0,1,0,0,0,0,0,0,1,"- ","- ",,,MONTEREY,MONTEREY,-121.89137175,36.584142069999999
8013817,2016,2016-04-14,2706,2016-03-30,1339,505,2706,3,5,4,2706,0,0,0,,0,001,REESIDE,"RECREATIONAL TRL",0.00,,Y,A,-,N,,,,,,,,,,N,3,0,1,2,A,-,11,21950,B,N,-,B,C,A,A,-,A,A,0,Y,,,,Y,,N,60,0,1,0,0,1,0,0,0,0,"- ","- ",,,MONTEREY,MONTEREY,,
8014413,2016,2016-04-20,2708,2016-03-11,1606,16483,,5,5,6,2708,0,0,0,,0,,"NATIVIDAD RD","RAINIER DR",330.00,N,N,B,-,N,,,,,,,,,,N,4,0,1,3,A,-,04,21703,,N,C,C,A,A,H,-,A,D,0,,,,,Y,,-,,0,0,1,0,0,0,0,0,0,"- ","- ",,,MONTEREY,SALINAS,-121.63314389,36.701496120000002
8015842,2016,2016-04-07,2710,2016-02-15,1551,40392,,1,5,4,2710,0,0,0,,0,002,"CANYON DEL REY BL","DEL MONTE BL",0.00,,Y,A,-,N,,,,,,,,,,N,3,0,1,2,A,-,10,21950,A,N,-,G,A,A,H,-,A,A,0,,Y,,,Y,,-,,0,1,0,0,0,0,1,0,0,"- ","- ",,,MONTEREY,SEASIDE,-121.85599998000001,36.607620050000001
8015843,2016,2016-04-07,2710,2016-02-11,1533,34127,,4,5,4,2710,0,0,0,,0,002,"NOCHE BUENA ST","MILITARY AV",0.00,,Y,A,-,N,,,,,,,,,,Y,4,0,1,2,A,-,09,21802,,N,D,C,A,A,H,-,A,D,0,,,,,Y,,-,,0,0,1,0,0,0,0,0,0,"- ","- ",,,MONTEREY,SEASIDE,-121.83797989999999,36.621400059999999
8015844,2016,2016-04-07,2710,2016-02-01,1940,40392,,1,5,4,2710,0,0,0,,0,FTO,"FREMONT BL","HAMILTON AV",0.00,,Y,A,-,N,,,,,,,,,,N,3,0,1,2,A,-,11,21954,A,N,G,B,D,A,H,-,C,A,0,Y,,,,Y,,N,60,0,1,0,0,1,0,0,0,0,"- ","- ",,,MONTEREY,SEASIDE,-121.84741986,36.605550049999998
8015969,2016,2016-04-07,2710,2016-02-20,2157,40386,MARIN,6,5,4,2710,0,0,0,,0,012,"FREMONT BL","ORD GROVE AV",0.00,,Y,A,-,N,,,,,,,,,,Y,4,0,2,2,A,-,12,21453,A,N,D,D,A,A,H,-,C,A,0,,,,,Y,,A,01,0,0,2,0,0,0,0,0,0,"- ","- ",,,MONTEREY,SEASIDE,-121.84069988,36.619310059999997
8017067,2016,2016-04-15,2701,2016-03-11,1659,5379,2701,5,5,2,2701,0,0,0,,0,ALL,"LOBOS ST",2ND,0.00,,Y,A,-,N,,,,,,,,,,N,2,0,1,1,C,-,18,,,N,G,B,A,A,G,-,A,D,0,,,,,Y,,-,"- ",1,0,0,0,0,0,0,0,0,"- ","- ",,,MONTEREY,CARMEL,-121.91481989,36.560610080000004
8017071,2016,2016-04-15,2701,2016-03-08,0917,5374,MCSC,2,5,2,2701,0,0,0,,0,ALL,"S 1ST AV","SAN CARLOS ST",67.00,W,N,A,-,N,,,,,,,,,,N,3,0,1,2,A,-,08,22107,,N,G,B,E,A,H,-,A,D,0,Y,,,,Y,,A,01,0,1,0,0,1,0,0,0,0,"- ","- ",,,MONTEREY,CARMEL,-121.92207818999999,36.56183
8018366,2016,2016-04-26,2706,2016-04-12,2317,310,MPD,2,5,4,2706,0,0,0,,0,001,"W FRANKLIN ST","LARKIN ST",0.00,,Y,A,-,N,,,,,,,,,,N,4,0,1,2,A,-,09,21802,A,N,D,C,A,A,H,-,-,A,0,,,,,Y,,D,22,0,0,1,0,0,0,0,0,0,"- ","- ",,,MONTEREY,MONTEREY,-121.89860987,36.600850020000003
8018370,2016,2016-04-26,2706,2016-04-09,2302,635,MPD,6,5,4,2706,0,0,0,,0,001,"LIGHTHOUSE AV","PRESCOTT AV",0.00,,Y,A,-,N,,,,,,,,,,N,4,0,2,2,A,-,12,21453,A,N,D,C,A,A,H,-,C,A,0,,,,,Y,,A,07,0,0,2,0,0,0,0,0,0,"- ","- ",,,MONTEREY,MONTEREY,-121.90268997,36.614710039999999
8018374,2016,2016-04-26,2706,2016-04-13,1706,772,,3,5,4,2706,0,0,0,,0,002,"CAMINO EL ESTERO","DEL MONTE AV",46.00,S,N,A,-,N,,,,,,,,,,N,4,0,1,2,A,-,03,22350,,N,C,C,A,A,H,-,A,A,0,,,,,Y,,A,01,0,0,1,0,0,0,0,0,0,"- ","- ",,,MONTEREY,MONTEREY,-121.88733177,36.599814840000001
8019444,2016,2016-04-28,2705,2016-03-07,0802,K23218,2705,1,5,3,2705,0,0,0,,0,0301,"SAN ANTONIO DR","BEDFORD AV",17.00,S,N,C,-,N,,,,,,,,,,Y,4,0,2,2,A,-,04,21703,,N,C,C,A,B,H,-,A,D,0,,,,,Y,,D,22,0,0,2,0,0,0,0,0,0,"- ","- ",,,MONTEREY,"KING CITY",-121.13997630999999,36.209294640000003
8020990,2016,2016-04-15,2709,2016-04-07,1710,1432,2709,4,5,1,2709,0,0,0,,0,ALL,"CALIFORNIA AV","MONTEREY RD",0.00,,Y,A,-,N,,,,,,,,,,N,4,0,1,2,A,-,03,22350,,N,C,C,A,A,H,-,A,A,0,,,,,Y,,A,01,0,0,1,0,0,0,0,0,0,"- ","- ",,,MONTEREY,"SAND CITY",-121.84178986000001,36.623690099999997
8021890,2016,2016-04-28,2708,2016-03-09,0943,97440,,3,5,6,2708,0,0,0,,0,,FREEDOM,"NORTH SANBORN RD",0.00,,Y,A,-,N,,,,,,,,,,Y,2,0,1,2,A,-,12,21453,A,N,D,C,A,A,H,-,A,A,0,,,,,Y,,-,,1,0,0,0,0,0,0,0,0,"- ","- ",,,MONTEREY,SALINAS,-121.60134986,36.692130040000002
8021986,2016,2016-04-18,2708,2016-03-01,1228,15334,,2,5,6,2708,0,0,0,,0,,"EAST LAUREL DR","NORTH DAVIS RD",0.00,,Y,A,-,N,,,,,,,,,,N,4,0,1,2,A,-,08,22107,,N,B,C,A,A,H,-,A,A,0,,,,,Y,,-,,0,0,1,0,0,0,0,0,0,"- ","- ",,,MONTEREY,SALINAS,-121.66808987,36.697910100000001