CASE_ID,ACCIDENT_YEAR,PROC_DATE,JURIS,COLLISION_DATE,COLLISION_TIME,OFFICER_ID,REPORTING_DISTRICT,DAY_OF_WEEK,CHP_SHIFT,POPULATION,CNTY_CITY_LOC,SPECIAL_COND,BEAT_TYPE,CHP_BEAT_TYPE,CITY_DIVISION_LAPD,CHP_BEAT_CLASS,BEAT_NUMBER,PRIMARY_RD,SECONDARY_RD,DISTANCE,DIRECTION,INTERSECTION,WEATHER_1,WEATHER_2,STATE_HWY_IND,CALTRANS_COUNTY,CALTRANS_DISTRICT,STATE_ROUTE,ROUTE_SUFFIX,POSTMILE_PREFIX,POSTMILE,LOCATION_TYPE,RAMP_INTERSECTION,SIDE_OF_HWY,TOW_AWAY,COLLISION_SEVERITY,NUMBER_KILLED,NUMBER_INJURED,PARTY_COUNT,PRIMARY_COLL_FACTOR,PCF_CODE_OF_VIOL,PCF_VIOL_CATEGORY,PCF_VIOLATION,PCF_VIOL_SUBSECTION,HIT_AND_RUN,TYPE_OF_COLLISION,MVIW,PED_ACTION,ROAD_SURFACE,ROAD_COND_1,ROAD_COND_2,LIGHTING,CONTROL_DEVICE,CHP_ROAD_TYPE,PEDESTRIAN_ACCIDENT,BICYCLE_ACCIDENT,MOTORCYCLE_ACCIDENT,TRUCK_ACCIDENT,NOT_PRIVATE_PROPERTY,ALCOHOL_INVOLVED,STWD_VEHTYPE_AT_FAULT,CHP_VEHTYPE_AT_FAULT,COUNT_SEVERE_INJ,COUNT_VISIBLE_INJ,COUNT_COMPLAINT_PAIN,COUNT_PED_KILLED,COUNT_PED_INJURED,COUNT_BICYCLIST_KILLED,COUNT_BICYCLIST_INJURED,COUNT_MC_KILLED,COUNT_MC_INJURED,PRIMARY_RAMP,SECONDARY_RAMP,LATITUDE,LONGITUDE,COUNTY,CITY,POINT_X,POINT_Y
8058375,2016,2016-06-13,2708,2016-04-16,1143,56525,,6,5,6,2708,0,0,0,,0,007,"SOUTH MAIN ST","EAST ROMIE LN",0.00,,Y,A,-,N,,,,,,,,,,Y,3,0,3,2,A,-,03,22350,,N,C,C,A,A,H,-,A,A,0,,,,,Y,,-,,0,3,0,0,0,0,0,0,0,"- ","- ",,,MONTEREY,SALINAS,-121.65773987,36.662630110000002
8058379,2016,2016-06-13,2708,2016-04-27,1145,34245,,3,5,6,2708,0,0,0,,0,009,"EAST BLANCO RD","MAIN ST",450.00,E,N,C,-,N,,,,,,,,,,Y,4,0,1,2,A,-,04,21703,,N,C,C,A,B,H,-,A,A,0,,,,,Y,,-,,0,0,1,0,0,0,0,0,0,"- ","- ",,,MONTEREY,SALINAS,-121.6587877,36.655352059999998
8058383,2016,2016-06-10,2708,2016-04-22,1515,34245,,5,5,6,2708,0,0,0,,0,004,"EAST LAUREL DR","CONSTITUTION BL",2360.00,E,N,B,-,N,,,,,,,,,,N,4,0,3,4,A,-,04,21703,,N,C,C,A,B,H,-,A,D,0,,,,,Y,,-,,0,0,3,0,0,0,0,0,0,"- ","- ",,,MONTEREY,SALINAS,-121.62668757,36.689851599999997
8058399,2016,2016-06-13,2708,2016-04-25,1526,53260,,1,5,6,2708,0,0,0,,0,011,"NORTH SANBORN RD","FREEDOM PKWY",0.00,,Y,A,-,N,,,,,,,,,,Y,2,0,3,2,A,-,09,21801,A,N,D,C,A,A,H,-,A,A,0,,,,,Y,,-,,1,0,2,0,0,0,0,0,0,"- ","- ",,,MONTEREY,SALINAS,-121.60134986,36.692130040000002
8058430,2016,2016-06-13,2706,2016-06-03,1537,031,MPD,5,5,4,2706,0,0,0,,0,003,"MARK THOMAS DR","SLOAT AV",0.00,,Y,A,-,N,,,,,,,,,,Y,3,0,1,2,A,-,09,21801,A,N,D,C,A,A,H,-,A,A,0,,,,,Y,,A,07,0,1,0,0,0,0,0,0,0,"- ","- ",,,MONTEREY,MONTEREY,-121.87712999,36.592810010000001
8058562,2016,2016-06-15,2708,2016-05-05,1119,18945,,4,5,6,2708,0,0,0,,0,006,"NORTH MAIN ST","CASSENTINI ST",433.00,S,N,A,-,N,,,,,,,,,,Y,4,0,2,3,A,-,03,22350,,N,C,C,A,A,H,-,A,D,0,,,,,Y,,-,,0,0,2,0,0,0,0,0,0,"- ","- ",,,MONTEREY,SALINAS,-121.65325968000001,36.683152110000002
8058563,2016,2016-06-15,2708,2016-05-12,1322,34245,,4,5,6,2708,0,0,0,,0,010,"N SANBORN","E ALISAL ST",128.00,N,N,B,-,N,,,,,,,,,,Y,4,0,1,2,A,-,00,21703,A,N,C,C,A,A,H,-,A,A,0,,,,,Y,,-,,0,0,1,0,0,0,0,0,0,"- ","- ",,,MONTEREY,SALINAS,-121.62744798,36.67326139
8058565,2016,2016-06-14,2708,2016-05-11,0836,31972,,3,5,6,2708,0,0,0,,0,012,"N SANBORN","E LAUREL",0.00,,Y,B,-,N,,,,,,,,,,Y,4,0,2,2,D,-,00,,,N,D,D,A,A,H,-,A,A,0,,,,,Y,,-,"- ",0,0,2,0,0,0,0,0,0,"- ","- ",,,MONTEREY,SALINAS,-121.62087993999999,36.68294006
8058566,2016,2016-06-15,2708,2016-05-21,1427,97440,,6,5,6,2708,0,0,0,,0,,"DEL MONTE AV","GREEN ST",0.00,,Y,A,-,N,,,,,,,,,,Y,3,0,5,2,A,-,09,21804,A,N,D,C,A,A,H,-,A,D,0,,,,,Y,,-,,0,1,4,0,0,0,0,0,0,"- ","- ",,,MONTEREY,SALINAS,-121.60930989000001,36.686950090000003
8058567,2016,2016-06-15,2708,2016-05-06,1252,34245,,5,5,6,2708,0,0,0,,0,003,"E BERONDA RD","EL DORADO DR",40.00,E,N,B,-,N,,,,,,,,,,Y,4,0,2,2,A,-,07,21658,A,N,C,C,A,A,H,-,A,A,0,,,,,Y,,-,,0,0,2,0,0,0,0,0,0,"- ","- ",,,MONTEREY,SALINAS,-121.63321137,36.715873049999999
8058570,2016,2016-06-15,2708,2016-05-13,1730,15945,,5,5,6,2708,0,0,0,,0,,"W ALISAL ST","HOMESTEAD AV",0.00,,Y,A,-,N,,,,,,,,,,Y,2,0,3,2,A,-,12,21453,A,N,D,C,A,A,H,-,A,A,0,,,,,Y,,-,,1,0,2,0,0,0,0,0,0,"- ","- ",,,MONTEREY,SALINAS,-121.66437986,36.672520069999997
8058571,2016,2016-06-15,2708,2016-05-24,0536,18355,2708,2,5,6,2708,0,0,0,,0,010,"E MARKET","NORTH SANBORN RD",0.00,,Y,B,-,N,,,,,,,,,,Y,4,0,1,2,A,-,12,21453,A,F,D,C,A,A,H,-,B,A,0,,,,,Y,,-,,0,0,1,0,0,0,0,0,0,"- ","- ",,,MONTEREY,SALINAS,-121.62707996,36.676450039999999
8058574,2016,2016-06-15,2708,2016-05-15,1455,58340,,7,5,6,2708,0,0,0,,0,,"MARKET WY","BRIDGE ALLEY",162.00,W,N,A,-,N,,,,,,,,,,Y,4,0,2,1,A,-,03,22350,,F,A,I,A,A,H,-,A,D,0,,,,,Y,,A,01,0,0,2,0,0,0,0,0,0,"- ","- ",,,MONTEREY,SALINAS,-121.65331922999999,36.678426119999997
8058575,2016,2016-06-15,2708,2016-05-24,1545,37663,,2,5,6,2708,0,0,0,,0,010,"NORTH SANBORN RD","EAST MARKET ST",150.00,N,N,A,-,N,,,,,,,,,,Y,4,0,1,2,A,-,09,21804,A,N,D,C,A,A,H,-,A,D,0,,,,,Y,,-,,0,0,1,0,0,0,0,0,0,"- ","- ",,,MONTEREY,SALINAS,-121.62687486,36.676827160000002
8058578,2016,2016-06-20,2708,2016-05-12,1928,85123,,4,5,6,2708,0,0,0,,0,011,"NORTH SANBORN RD","FREEDOM PKWY",0.00,,Y,B,-,N,,,,,,,,,,Y,4,0,1,2,A,-,12,21453,A,M,D,C,A,A,H,-,A,A,0,,,,,Y,,-,,0,0,1,0,0,0,0,0,0,"- ","- ",,,MONTEREY,SALINAS,-121.60134986,36.692130040000002
8058579,2016,2016-06-15,2708,2016-05-31,1942,30349,SALIN,2,5,6,2708,0,0,0,,0,001,"NORTH MAIN ST","MASSA ST",75.00,N,N,A,-,N,,,,,,,,,,N,4,0,1,2,A,-,08,22107,,M,B,C,A,A,H,-,A,A,0,,,,,Y,Y,-,,0,0,1,0,0,0,0,0,0,"- ","- ",,,MONTEREY,SALINAS,-121.6563451,36.725966
8058582,2016,2017-02-18,2708,2016-05-09,1215,08067,,1,5,6,2708,0,0,0,,0,010,"KERN ST","RT 101",5.00,S,N,B,-,Y,MON,5,101,-,-,87.470,R,4,N,N,4,0,2,2,A,-,03,22350,,N,C,C,A,A,H,-,A,D,0,,,,,Y,,-,,0,0,2,0,0,0,0,0,0,"- ","- ",,,MONTEREY,SALINAS,-121.64182732,36.679982019999997
8058583,2016,2016-06-15,2708,2016-05-14,1752,04125,,6,5,6,2708,0,0,0,,0,010,"NORTH SANBORN RD","E ALISAL ST",75.00,N,N,A,-,N,,,,,,,,,,N,4,0,1,2,A,-,09,21804,A,F,F,A,A,A,H,-,A,D,0,,,,,Y,,-,,0,0,1,0,0,0,0,0,0,"- ","- ",,,MONTEREY,SALINAS,-121.62744000000001,36.673116039999996
8058586,2016,2016-06-15,2708,2016-05-10,2107,56793,,2,5,6,2708,0,0,0,,0,,"N MAIN","E BOLIVAR",300.00,N,N,A,-,N,,,,,,,,,,Y,4,0,1,2,A,-,09,21804,A,N,D,C,A,A,H,-,C,D,0,,,,,Y,,-,,0,0,1,0,0,0,0,0,0,"- ","- ",,,MONTEREY,SALINAS,-121.65634729,36.725873970000002
8058589,2016,2016-06-14,2708,2016-05-29,0321,56525,,7,5,6,2708,0,0,0,,0,005,"SHERWOOD DR","BERNAL DR",408.00,S,N,A,-,N,,,,,,,,,,Y,3,0,1,1,A,-,08,22107,,N,A,I,A,A,H,-,C,D,0,,,,,Y,,-,,0,1,0,0,0,0,0,0,0,"- ","- ",,,MONTEREY,SALINAS,-121.64415842,36.691271309999998
8058590,2016,2016-06-15,2708,2016-05-09,0753,54440,,1,5,6,2708,0,0,0,,0,007,"CENTRAL AV","UNIVERSITY AV",291.00,E,N,A,-,N,,,,,,,,,,Y,4,0,1,3,A,-,08,22107,,N,-,E,A,A,H,-,A,D,0,,,,,Y,,-,,0,0,1,0,0,0,0,0,0,"- ","- ",,,MONTEREY,SALINAS,-121.67327093,36.67482966
8058591,2016,2016-06-15,2706,2016-05-28,1441,181,MPD,6,5,4,2706,0,0,0,,0,001,"LIGHTHOUSE AV","DAVID AV",22.00,S,N,A,-,N,,,,,,,,,,N,4,0,2,2,A,-,21,22106,,N,C,C,A,A,H,-,A,A,0,,,,,Y,,A,01,0,0,2,0,0,0,0,0,0,"- ","- ",,,MONTEREY,MONTEREY,-121.90442716,36.616740389999997
8058593,2016,2016-06-14,2708,2016-05-28,2349,18355,2708,6,5,6,2708,0,0,0,,0,010,"E ALISAL",FILICE,50.00,W,N,A,-,N,,,,,,,,,,Y,3,0,2,2,A,-,01,23152,A,F,C,E,A,A,H,-,C,D,0,,,,,Y,Y,-,,0,1,1,0,0,0,0,0,0,"- ","- ",,,MONTEREY,SALINAS,-121.63054918,36.673207189999999
8058594,2016,2016-06-15,2708,2016-05-04,1531,56793,,3,5,6,2708,0,0,0,,0,,"NATIVIDAD RD","E BORONDA",1848.00,N,N,A,-,N,,,,,,,,,,Y,2,0,1,2,A,-,03,22350,,N,C,C,A,A,H,-,A,D,0,,,,,Y,,-,,1,0,0,0,0,0,0,0,0,"- ","- ",,,MONTEREY,SALINAS,-121.62180533,36.720424020000003
8058595,2016,2016-06-15,2706,2016-05-28,0835,142,MPD,6,5,4,2706,0,0,0,,0,002,"MADISON ST","PACIFIC ST",0.00,,Y,A,-,N,,,,,,,,,,Y,4,0,1,2,A,-,12,21453,A,N,D,C,A,A,-,-,A,A,0,,,,,Y,,A,01,0,0,1,0,0,0,0,0,0,"- ","- ",,,MONTEREY,MONTEREY,-121.89709996000001,36.59681003
8058597,2016,2016-06-13,2708,2016-05-20,2149,06240,,5,5,6,2708,0,0,0,,0,005,"EAST LAUREL DR","GRANADA AV",0.00,,Y,A,-,N,,,,,,,,,,N,4,0,1,2,A,-,01,23152,A,N,C,C,A,A,H,-,C,D,0,,,,,Y,Y,-,,0,0,1,0,0,0,0,0,0,"- ","- ",,,MONTEREY,SALINAS,-121.64034988,36.696790030000003
8058598,2016,2017-02-18,2708,2016-05-06,0746,56525,2708,5,5,6,2708,0,0,0,,0,008,"NORTH MAIN ST","E MENKE ST",0.00,,Y,A,-,Y,MON,5,183,-,-,0.340,I,5,S,Y,4,0,1,2,A,-,06,21755,,N,D,C,A,A,H,-,A,D,0,,,,,Y,,-,,0,0,1,0,0,0,0,0,0,"- ","- ",,,MONTEREY,SALINAS,-121.65360444,36.682060219999997
8058599,2016,2016-07-06,2708,2016-05-14,1619,04125,,6,5,6,2708,0,0,0,,0,010,"E ALISAL ST","S WOOD ST",50.00,W,N,A,-,N,,,,,,,,,,N,4,0,2,2,A,-,03,22350,,F,C,C,A,A,H,-,A,A,0,,,,,Y,,-,,0,0,2,0,0,0,0,0,0,"- ","- ",,,MONTEREY,SALINAS,-121.63556909,36.673717799999999
8058601,2016,2016-06-13,2708,2016-05-07,1804,30348,MONTE,6,5,6,2708,0,0,0,,0,,"WILLIAMS RD","DEL MONTE AV",243.00,N,N,A,-,N,,,,,,,,,,N,4,0,2,2,A,-,09,21804,A,N,B,C,A,A,H,-,A,D,0,,,,,Y,,-,,0,0,2,0,0,0,0,0,0,"- ","- ",,,MONTEREY,SALINAS,-121.60362641,36.681588980000001
8058602,2015,2016-06-15,2708,2015-05-15,0820,18945,,5,5,6,2708,0,0,0,,0,007,"SOUTH MAIN ST","NISSEN RD",48.00,N,N,B,-,N,,,,,,,,,,Y,4,0,1,2,A,-,09,21801,A,N,D,C,A,A,H,-,A,D,0,,,,,Y,,-,,0,0,1,0,0,0,0,0,0,"- ","- ",,,MONTEREY,SALINAS,-121.65937481,36.657846739999997
8058603,2016,2016-06-15,2708,2016-05-13,1514,34245,,5,5,6,2708,0,0,0,,0,009,"EAST BLANCO RD","LA MESA",27.00,E,N,A,-,N,,,,,,,,,,Y,3,0,1,2,A,-,07,21658,A,F,D,C,A,A,H,-,A,D,0,,,,,Y,,-,,0,1,0,0,0,0,0,0,0,"- ","- ",,,MONTEREY,SALINAS,-121.64696164999999,36.652609150000004
8058605,2016,2016-06-14,2708,2016-05-05,1519,34245,,4,5,6,2708,0,0,0,,0,001,"W BOLIVAR ST","BRUTUS ST",35.00,E,N,B,-,N,,,,,,,,,,Y,4,0,1,3,A,-,05,21650,,N,A,C,A,A,H,-,A,D,0,,,,,Y,,-,,0,0,1,0,0,0,0,0,0,"- ","- ",,,MONTEREY,SALINAS,-121.65701061999999,36.725033140000001
8058606,2016,2016-06-15,2708,2016-05-10,2159,74426,,2,5,6,2708,0,0,0,,0,005,"WEST LAUREL DR","POLK ST",0.00,,Y,B,-,N,,,,,,,,,,Y,4,0,3,2,A,-,09,21801,A,N,A,C,A,A,H,-,C,A,0,,,,,Y,,-,,0,0,3,0,0,0,0,0,0,"- ","- ",,,MONTEREY,SALINAS,-121.66043000000001,36.69827008
8058607,2016,2016-06-15,2708,2016-05-16,0803,16258,SALIN,1,5,6,2708,0,0,0,,0,006,"NORTH MAIN ST","ROSSI ST",0.00,,Y,B,-,N,,,,,,,,,,Y,4,0,3,2,A,-,03,22350,,N,C,C,A,A,H,-,A,A,0,,,,,Y,,-,,0,0,3,0,0,0,0,0,0,"- ","- ",,,MONTEREY,SALINAS,-121.65408995,36.680890079999998
8058609,2016,2016-06-14,2708,2016-05-23,1700,37923,SALIN,1,5,6,2708,0,0,0,,0,008,"CALIFORNIA ST","E SAN LUIS",0.00,,Y,A,-,N,,,,,,,,,,Y,4,0,1,2,A,-,09,21802,A,N,D,C,A,A,H,-,A,-,0,,,,,Y,,-,,0,0,1,0,0,0,0,0,0,"- ","- ",,,MONTEREY,SALINAS,-121.64989995000001,36.672630120000001
8058610,2016,2016-06-15,2708,2016-05-11,1546,34245,,3,5,6,2708,0,0,0,,0,006,"WEST LAUREL DR","NORTH DAVIS RD",230.00,E,N,B,-,N,,,,,,,,,,Y,2,0,3,3,A,-,04,21703,,N,C,C,A,A,H,-,A,A,0,,,,,Y,,-,,1,0,2,0,0,0,0,0,0,"- ","- ",,,MONTEREY,SALINAS,-121.6673074,36.697865149999998
8058613,2016,2016-06-17,2708,2016-05-21,1930,76997,2708,6,5,6,2708,0,0,0,,0,002,"WEST LAUREL DR","NORTH MAIN ST",200.00,W,N,A,-,N,,,,,,,,,,N,3,0,1,2,A,-,09,21804,B,N,D,G,A,A,H,-,B,D,0,,Y,,,Y,,L,04,0,1,0,0,0,0,1,0,0,"- ","- ",,,MONTEREY,SALINAS,-121.65270334,36.699231169999997
8058614,2016,2016-08-29,2708,2016-05-08,2010,59156,SALIN,7,5,6,2708,0,0,0,,0,003,"LESLIE DR","MARIN AV",0.00,,Y,B,-,N,,,,,,,,,,Y,4,0,1,2,A,-,09,21802,A,N,D,C,A,A,H,-,B,A,0,,,,,Y,,-,,0,0,1,0,0,0,0,0,0,"- ","- ",,,MONTEREY,SALINAS,-121.63126999000001,36.705750080000001
8058617,2016,2016-06-15,2708,2016-05-13,1617,03581,,5,5,6,2708,0,0,0,,0,002,"EAST BORONDA RD","MCKINNON ST",0.00,,Y,A,-,N,,,,,,,,,,Y,4,0,1,2,A,-,12,21453,A,N,D,D,A,A,H,-,A,A,0,,,,,Y,,-,,0,0,1,0,0,0,0,0,0,"- ","- ",,,MONTEREY,SALINAS,-121.64365988,36.71707009
8058618,2016,2016-06-15,2708,2016-05-06,1619,37923,SALIN,5,5,6,2708,0,0,0,,0,003,"EAST BORONDA RD","NATIVIDAD RD",250.00,W,N,B,C,N,,,,,,,,,,N,3,0,1,2,A,-,09,21802,A,N,D,C,A,B,H,-,A,D,0,,,,,Y,,-,,0,1,0,0,0,0,0,0,0,"- ","- ",,,MONTEREY,SALINAS,-121.62436227000001,36.715648999999999
8058621,2016,2016-06-15,2708,2016-05-13,0530,76998,SALIN,5,5,6,2708,0,0,0,,0,012,"EAST LAUREL DR","TOWT ST",0.00,,Y,A,-,N,,,,,,,,,,Y,4,0,2,2,A,-,12,21453,A,N,D,C,A,A,H,-,B,A,0,,,,,Y,,-,,0,0,2,0,0,0,0,0,0,"- ","- ",,,MONTEREY,SALINAS,-121.61766991,36.679200049999999
8058622,2016,2016-06-15,2708,2016-05-29,1330,70843,,7,5,6,2708,0,0,0,,0,,"NORTH MAIN ST","IRIS DR",20.00,S,N,A,-,N,,,,,,,,,,N,4,0,2,2,A,-,03,22350,,N,C,C,A,A,H,-,A,A,0,,,,,Y,,-,,0,0,2,0,0,0,0,0,0,"- ","- ",,,MONTEREY,SALINAS,-121.65224498000001,36.693115200000001
8058625,2016,2016-06-15,2708,2016-05-13,1541,30349,SALIN,5,5,6,2708,0,0,0,,0,,"EAST BORONDA RD","DARTMOUTH WY",250.00,W,N,A,-,N,,,,,,,,,,Y,3,0,3,2,A,-,09,21801,A,N,D,C,A,A,H,-,A,A,0,,,,,Y,,-,,0,1,2,0,0,0,0,0,0,"- ","- ",,,MONTEREY,SALINAS,-121.64945981,36.718317599999999
8058626,2016,2016-06-20,2708,2016-05-07,1853,19973,SALIN,6,5,6,2708,0,0,0,,0,MUNI,"2ND AV","GRANDHAVEN ST",0.00,,Y,B,-,N,,,,,,,,,,Y,4,0,1,2,A,-,09,21800,B,N,F,C,A,A,H,-,A,D,0,,,,,Y,,-,,0,0,1,0,0,0,0,0,0,"- ","- ",,,MONTEREY,SALINAS,-121.61427997,36.679490029999997
8058629,2016,2016-06-15,2708,2016-05-21,1909,56793,,6,5,6,2708,0,0,0,,0,,"NORTH MAIN ST","E ROSSI",50.00,S,N,A,-,N,,,,,,,,,,N,4,0,1,2,A,-,04,21703,,N,C,C,A,A,H,-,A,A,0,,,,,Y,,-,,0,0,1,0,0,0,0,0,0,"- ","- ",,,MONTEREY,SALINAS,-121.65408422,36.680907329999997
8058630,2016,2016-06-15,2708,2016-05-04,1638,03581,,3,5,6,2708,0,0,0,,0,003,"NATIVIDAD RD","LOS COCHES AV",0.00,,Y,A,-,N,,,,,,,,,,N,4,0,3,2,A,-,12,21453,A,N,D,C,A,A,H,-,A,A,0,,,,,Y,,-,,0,0,3,0,0,0,0,0,0,"- ","- ",,,MONTEREY,SALINAS,-121.62755991,36.707030080000003
8058633,2016,2016-06-15,2708,2016-05-15,1531,34245,,7,5,6,2708,0,0,0,,0,011,"NORTH SANBORN RD","GARNER AV",0.00,,Y,A,-,N,,,,,,,,,,Y,4,0,1,2,A,-,12,21453,A,N,D,C,A,A,H,-,A,A,0,,,,,Y,,-,,0,0,1,0,0,0,0,0,0,"- ","- ",,,MONTEREY,SALINAS,-121.61513994000001,36.686210070000001
8058634,2016,2016-06-15,2708,2016-05-03,1656,56793,,2,5,6,2708,0,0,0,,0,,"EAST MARKET ST","IVY ST",60.00,E,N,A,-,N,,,,,,,,,,Y,2,0,2,2,A,-,09,21804,A,N,G,B,F,A,H,-,A,D,0,Y,,,,Y,,-,,1,0,1,0,1,0,0,0,0,"- ","- ",,,MONTEREY,SALINAS,-121.64326576000001,36.678478259999999
8058637,2016,2016-06-13,2708,2016-05-24,0229,54370,,2,5,6,2708,0,0,0,,0,012,"WILLIAMS RD","QUILLA ST",50.00,S,N,A,-,N,,,,,,,,,,Y,4,0,1,2,A,-,08,22107,,N,B,E,A,A,H,-,C,D,0,,,,,Y,,-,,0,0,1,0,0,0,0,0,0,"- ","- ",,,MONTEREY,SALINAS,-121.61820951,36.673271010000001
8058638,2016,2016-06-15,2708,2016-05-01,1618,69054,,7,5,6,2708,0,0,0,,0,005,"EAST LAUREL DR","MARYAL DR",0.00,,Y,A,-,N,,,,,,,,,,N,4,0,1,2,A,-,08,22107,,N,D,G,A,A,H,-,A,A,0,,Y,,,Y,,-,,0,0,1,0,0,0,1,0,0,"- ","- ",,,MONTEREY,SALINAS,-121.64687991,36.698230100000004
8058691,2016,2016-06-11,2708,2016-03-11,1505,56793,,5,5,6,2708,0,0,0,,0,011,"NORTH SANBORN RD","BUCKHORN DR",306.00,N,N,A,-,N,,,,,,,,,,Y,4,0,1,2,A,-,09,21802,A,N,D,C,A,A,H,-,A,D,0,,,,,Y,,-,,0,0,1,0,0,0,0,0,0,"- ","- ",,,MONTEREY,SALINAS,-121.59772208,36.693750710000003
8058695,2016,2016-06-11,2708,2016-03-19,1808,30348,MONTE,6,5,6,2708,0,0,0,,0,,"N HEBBRON ST","EAST MARKET ST",10.00,N,N,A,-,N,,,,,,,,,,N,3,0,3,2,A,-,03,22350,A,N,C,C,A,A,H,-,A,A,0,,,,,Y,,-,,0,1,2,0,0,0,0,0,0,"- ","- ",,,MONTEREY,SALINAS,-121.63171636,36.676577309999999
8058778,2016,2016-06-13,2708,2016-02-25,0745,75791,,4,5,6,2708,0,0,0,,0,,"SOUTH SANBORN RD","ELVEE LN",0.00,,Y,-,-,N,,,,,,,,,,N,4,0,1,2,A,-,03,22350,A,N,C,C,A,A,H,-,A,A,0,,,,,Y,Y,-,,0,0,1,0,0,0,0,0,0,"- ","- ",,,MONTEREY,SALINAS,-121.62840994,36.666080020000003
8061336,2016,2016-08-04,2712,2016-06-27,2236,1074,2712,1,5,3,2712,0,0,0,,0,001,"DEL MONTE BL","CYPRESS AV",0.00,,Y,A,-,N,,,,,,,,,,N,4,0,1,2,A,-,09,21802,A,N,D,C,A,A,H,-,C,A,0,,,,,Y,,A,07,0,0,1,0,0,0,0,0,0,"- ","- ",,,MONTEREY,MARINA,-121.80521994,36.681780000000003
8061394,2016,2016-08-04,2712,2016-07-09,1506,1088,2712,6,5,3,2712,0,0,0,,0,001,"9TH ST","2ND AV",265.00,W,N,A,-,N,,,,,,,,,,N,4,0,1,2,A,-,08,22107,,F,D,G,A,A,H,-,A,D,0,,Y,,,Y,,L,04,0,0,1,0,0,0,1,0,0,"- ","- ",,,MONTEREY,MARINA,-121.81021169,36.662514250000001
8062090,2016,2016-07-12,2704,2016-05-07,1716,8061,2704,6,5,3,2704,0,0,0,,0,002,"WALNUT AV","WALNUT AV 580",0.00,,-,A,-,N,,,,,,,,,,N,4,0,1,2,A,-,03,22350,,N,G,B,F,A,H,-,A,D,0,Y,,,,Y,,A,01,0,0,1,0,1,0,0,0,0,"- ","- ",,,MONTEREY,GREENFIELD,-121.24690844,36.32769416
8065054,2016,2016-06-21,2711,2016-05-14,1233,2119,2711,6,5,3,2711,0,0,0,,0,001,"WEST ST","GABILAN DR",0.00,,N,A,-,N,,,,,,,,,,N,4,0,1,2,A,-,08,22107,,N,D,C,A,A,H,-,A,A,0,,,,,Y,,D,22,0,0,1,0,0,0,0,0,0,"- ","- ",,,MONTEREY,SOLEDAD,-121.32727987,36.435980059999999
8065058,2016,2016-08-29,2711,2016-05-17,1734,6189,2711,2,5,3,2711,0,0,0,,0,001,"FRONT ST","MAIN ST",182.00,N,N,A,-,N,,,,,,,,,,N,4,0,1,2,A,-,04,21703,,N,C,C,A,A,H,-,A,D,0,,,,,Y,Y,D,22,0,0,1,0,0,0,0,0,0,"- ","- ",,,MONTEREY,SOLEDAD,-121.32974295,36.427142500000002
8065143,2016,2017-03-30,2708,2016-05-05,1557,5693,,4,5,6,2708,0,0,0,,0,009,"EAST ROMIE LN","SAN MARINO",342.00,E,N,C,-,N,,,,,,,,,,Y,1,1,3,4,A,-,09,21804,A,N,A,C,A,B,H,-,A,D,0,,,,,Y,,-,,0,1,2,0,0,0,0,0,0,"- ","- ",,,MONTEREY,SALINAS,-121.64162424,36.658896759999998
8066716,2016,2016-06-23,2712,2016-06-02,1305,1031,,4,5,3,2712,0,0,0,,0,001,"IMJIN PW","2ND AV",390.00,E,N,A,-,N,,,,,,,,,,Y,4,0,2,3,A,-,03,22350,,M,C,C,A,A,H,-,A,A,0,,,,,Y,,A,08,0,0,2,0,0,0,0,0,0,"- ","- ",,,MONTEREY,MARINA,-121.80763166,36.667298850000002
8067361,2016,2017-02-04,2706,2016-06-05,1622,119,MPD,7,5,4,2706,0,0,0,,0,003,"RT 68","JOSSELYN CANYON RD",21120.00,W,N,A,-,Y,MON,5,68,-,-,4.800,H,-,E,Y,4,0,6,2,A,-,08,22107,,N,D,C,A,A,H,-,A,D,0,,,,,Y,,A,01,0,0,6,0,0,0,0,0,0,"- ","- ",,,MONTEREY,MONTEREY,-121.8620942,36.585698819999998
8067442,2016,2016-07-06,2710,2016-04-12,2217,38145,,2,5,4,2710,0,0,0,,0,002,"SAN PABLO AV","BAKER ST",0.00,,Y,A,-,N,,,,,,,,,,Y,2,0,2,2,A,-,03,22350,,N,D,C,A,A,H,-,C,D,0,,,,,Y,,-,,1,0,1,0,0,0,0,0,0,"- ","- ",,,MONTEREY,SEASIDE,-121.83905991,36.614840039999997
8067446,2016,2016-07-06,2710,2016-04-11,0812,36403,,1,5,4,2710,0,0,0,,0,001,"HILBY AV","HARROW CT",18.00,W,N,B,-,N,,,,,,,,,,N,4,0,1,3,A,-,04,21703,,N,C,A,A,A,H,-,A,A,0,,,,,Y,,-,,0,0,1,0,0,0,0,0,0,"- ","- ",,,MONTEREY,SEASIDE,-121.8290413,36.602241669999998
8067450,2016,2016-07-06,2710,2016-04-10,1215,37346,,7,5,4,2710,0,0,0,,0,02B,"FREMONT BL","PLAYA AV",0.00,,Y,C,-,N,,,,,,,,,,Y,3,0,2,2,A,-,12,21453,A,N,D,C,A,B,H,-,A,A,0,,,,,Y,,A,01,0,1,1,0,0,0,0,0,0,"- ","- ",,,MONTEREY,SEASIDE,-121.84116993000001,36.61800006
8067454,2016,2016-07-06,2710,2016-04-06,1428,32771,,3,5,4,2710,0,0,0,,0,,"FREMONT BL","ECHO AV",0.00,,N,A,-,N,,,,,,,,,,Y,4,0,3,2,A,-,01,23153,A,N,C,C,A,A,H,-,A,A,0,,,,,Y,Y,A,08,0,0,3,0,0,0,0,0,0,"- ","- ",,,MONTEREY,SEASIDE,-121.84302,36.614000109999999
8067468,2016,2016-07-01,2704,2016-05-13,1510,5709,2704,5,5,3,2704,0,0,0,,0,001,"WALNUT AV","EL CAMINO REAL",0.00,,Y,A,-,N,,,,,,,,,,N,4,0,2,2,A,-,04,21703,,N,C,C,A,A,H,-,A,A,0,,,,,Y,,A,01,0,0,2,0,0,0,0,0,0,"- ","- ",,,MONTEREY,GREENFIELD,-121.24847991,36.326820009999999