CASE_ID,ACCIDENT_YEAR,PROC_DATE,JURIS,COLLISION_DATE,COLLISION_TIME,OFFICER_ID,REPORTING_DISTRICT,DAY_OF_WEEK,CHP_SHIFT,POPULATION,CNTY_CITY_LOC,SPECIAL_COND,BEAT_TYPE,CHP_BEAT_TYPE,CITY_DIVISION_LAPD,CHP_BEAT_CLASS,BEAT_NUMBER,PRIMARY_RD,SECONDARY_RD,DISTANCE,DIRECTION,INTERSECTION,WEATHER_1,WEATHER_2,STATE_HWY_IND,CALTRANS_COUNTY,CALTRANS_DISTRICT,STATE_ROUTE,ROUTE_SUFFIX,POSTMILE_PREFIX,POSTMILE,LOCATION_TYPE,RAMP_INTERSECTION,SIDE_OF_HWY,TOW_AWAY,COLLISION_SEVERITY,NUMBER_KILLED,NUMBER_INJURED,PARTY_COUNT,PRIMARY_COLL_FACTOR,PCF_CODE_OF_VIOL,PCF_VIOL_CATEGORY,PCF_VIOLATION,PCF_VIOL_SUBSECTION,HIT_AND_RUN,TYPE_OF_COLLISION,MVIW,PED_ACTION,ROAD_SURFACE,ROAD_COND_1,ROAD_COND_2,LIGHTING,CONTROL_DEVICE,CHP_ROAD_TYPE,PEDESTRIAN_ACCIDENT,BICYCLE_ACCIDENT,MOTORCYCLE_ACCIDENT,TRUCK_ACCIDENT,NOT_PRIVATE_PROPERTY,ALCOHOL_INVOLVED,STWD_VEHTYPE_AT_FAULT,CHP_VEHTYPE_AT_FAULT,COUNT_SEVERE_INJ,COUNT_VISIBLE_INJ,COUNT_COMPLAINT_PAIN,COUNT_PED_KILLED,COUNT_PED_INJURED,COUNT_BICYCLIST_KILLED,COUNT_BICYCLIST_INJURED,COUNT_MC_KILLED,COUNT_MC_INJURED,PRIMARY_RAMP,SECONDARY_RAMP,LATITUDE,LONGITUDE,COUNTY,CITY,POINT_X,POINT_Y
8127762,2016,2016-09-30,2708,2016-08-09,1310,19003,MONT,2,5,6,2708,0,0,0,,0,011,"OLD STAGE RD",WILLIAMS,4224.00,W,N,A,-,N,,,,,,,,,,Y,4,0,1,1,A,-,03,22350,,N,F,I,A,A,H,-,A,D,0,,,,,Y,,-,"- ",0,0,1,0,0,0,0,0,0,"- ","- ",,,MONTEREY,SALINAS,-121.58270822,36.707806939999998
8127765,2016,2017-02-24,2708,2016-08-30,1744,58964,3PD,2,5,6,2708,0,0,0,,0,009,"SOUTH MAIN ST","MAPLE ST",75.00,S,N,A,-,Y,MON,5,68,-,-,20.900,H,-,E,N,4,0,1,2,A,-,03,22350,,N,C,C,A,A,H,-,A,D,0,,,,,Y,,-,,0,0,1,0,0,0,0,0,0,"- ","- ",,,MONTEREY,SALINAS,-121.65567102999999,36.668623140000001
8127766,2016,2016-09-30,2708,2016-08-18,0602,53260,,4,5,6,2708,0,0,0,,0,012,"1ST AV","EAST LAUREL DR",0.00,,Y,A,-,N,,,,,,,,,,N,4,0,1,4,A,-,09,21802,A,N,D,C,A,A,H,-,A,D,0,,,,,Y,,-,,0,0,1,0,0,0,0,0,0,"- ","- ",,,MONTEREY,SALINAS,-121.61554993,36.676760020000003
8127770,2016,2016-09-30,2708,2016-08-01,1618,56793,,1,5,6,2708,0,0,0,,0,008,"E ALISAL",CALIFORNIA,0.00,,Y,A,-,N,,,,,,,,,,Y,3,0,2,2,A,-,09,21802,A,N,D,C,A,A,H,-,A,A,0,,,,,Y,,-,,0,1,1,0,0,0,0,0,0,"- ","- ",,,MONTEREY,SALINAS,-121.65030987,36.674460070000002
8127774,2016,2016-09-30,2708,2016-08-04,1022,30285,,4,5,6,2708,0,0,0,,0,,"SALINAS ST","W ALISAL ST",0.00,,Y,A,-,N,,,,,,,,,,Y,4,0,2,2,A,-,12,21453,A,N,D,C,A,A,H,-,A,A,0,,,,,Y,,-,,0,0,2,0,0,0,0,0,0,"- ","- ",,,MONTEREY,SALINAS,-121.65602994,36.673620020000001
8127778,2016,2016-09-30,2708,2016-08-15,1119,37663,,1,5,6,2708,0,0,0,,0,010,"E ALISAL ST","WOOD ST",0.00,,Y,A,-,N,,,,,,,,,,Y,3,0,1,2,A,-,12,21453,A,N,-,C,A,A,H,-,A,A,0,,,,,Y,,-,"- ",0,1,0,0,0,0,0,0,0,"- ","- ",,,MONTEREY,SALINAS,-121.63539987,36.673700019999998
8127782,2016,2016-09-30,2708,2016-08-06,1542,07661,,6,5,6,2708,0,0,0,,0,004,LEWIS,"FAULKNER CIR",0.00,,Y,B,-,N,,,,,,,,,,Y,3,0,1,2,A,-,03,22350,,N,C,C,A,A,H,-,A,D,0,,,,,Y,,-,,0,1,0,0,0,0,0,0,0,"- ","- ",,,MONTEREY,SALINAS,-121.60848993,36.707929999999998
8127786,2016,2016-09-30,2712,2016-08-17,0752,1031,,3,5,3,2712,0,0,0,,0,001,"DEL MONTE BL","RESERVATION RD",50.00,S,N,B,-,N,,,,,,,,,,Y,3,0,1,2,A,-,03,22350,,N,C,C,A,A,H,-,A,A,0,,,,,Y,,A,01,0,1,0,0,0,0,0,0,0,"- ","- ",,,MONTEREY,MARINA,-121.79983074,36.687589150000001
8127806,2016,2016-09-30,2708,2016-08-13,1736,70801,,6,5,6,2708,0,0,0,,0,006,"CASENTINI ST","RICO ST",400.00,E,N,A,-,N,,,,,,,,,,Y,3,0,1,2,A,-,09,21804,A,N,D,C,A,A,H,-,A,D,0,,,,,Y,,-,,0,1,0,0,0,0,0,0,0,"- ","- ",,,MONTEREY,SALINAS,-121.65851029,36.686788960000001
8127810,2016,2016-09-30,2708,2016-08-20,0740,06240,,6,5,6,2708,0,0,0,,0,005,"LINWOOD DR","VALLEJO ST",0.00,,Y,A,-,N,,,,,,,,,,Y,4,0,1,2,C,-,18,,,N,C,E,A,A,H,-,A,D,0,,,,,Y,,-,"- ",0,0,1,0,0,0,0,0,0,"- ","- ",,,MONTEREY,SALINAS,-121.64381998,36.698320019999997
8127814,2016,2016-09-30,2708,2016-08-13,2214,18945,,6,5,6,2708,0,0,0,,0,001,"RUSSELL RD","NORTH MAIN ST",528.00,E,N,A,-,N,,,,,,,,,,Y,3,0,2,3,A,-,03,22350,,F,B,C,A,A,H,-,C,D,0,,,,,Y,,-,,0,1,1,0,0,0,0,0,0,"- ","- ",,,MONTEREY,SALINAS,-121.65451193,36.73394536
8127818,2016,2016-09-30,2708,2016-08-25,1045,53260,,4,5,6,2708,0,0,0,,0,012,"SKYWAY BL","AIRPORT BL",444.00,N,N,A,-,N,,,,,,,,,,Y,4,0,1,2,A,-,05,21460,A,F,-,C,A,A,H,-,A,D,0,,,,,Y,,-,,0,0,1,0,0,0,0,0,0,"- ","- ",,,MONTEREY,SALINAS,-121.61420871,36.667933349999998
8127822,2016,2016-09-30,2708,2016-08-24,2241,06240,,3,5,6,2708,0,0,0,,0,002,"NORTH MAIN ST","NAVAJO DR",0.00,,Y,A,-,N,,,,,,,,,,Y,3,0,5,2,A,-,12,22450,A,N,D,C,A,A,H,-,C,A,0,,,,,Y,,-,,0,1,4,0,0,0,0,0,0,"- ","- ",,,MONTEREY,SALINAS,-121.65324988,36.705700069999999
8127911,2016,2016-10-03,2712,2016-09-12,1650,1052,2712,1,5,3,2712,0,0,0,,0,001,"IMJIN PW","3RD AV",42.00,W,N,B,-,N,,,,,,,,,,Y,3,0,1,3,A,-,03,22350,,N,C,C,A,A,H,-,A,D,0,,,,,Y,,D,22,0,1,0,0,0,0,0,0,0,"- ","- ",,,MONTEREY,MARINA,-121.80468877,36.666508569999998
8132089,2016,2016-10-03,2706,2016-09-20,1413,181,MPD,2,5,4,2706,0,0,0,,0,002,"TYLER ST","DEL MONTE AV",0.00,,Y,A,-,N,,,,,,,,,,Y,3,0,2,2,A,-,12,21453,A,N,D,C,A,A,H,-,A,A,0,,,,,Y,,A,01,0,2,0,0,0,0,0,0,0,"- ","- ",,,MONTEREY,MONTEREY,-121.89317991,36.600770109999999
8132215,2016,2016-09-30,2706,2016-09-09,1419,505,2706,5,5,4,2706,0,0,0,,0,002,"LINDA VISTA DR","MAR VISTA DR",173.00,S,N,A,-,N,,,,,,,,,,Y,3,0,1,1,A,-,08,22107,,N,E,I,A,A,H,-,A,D,0,,,,,Y,,A,01,0,1,0,0,0,0,0,0,0,"- ","- ",,,MONTEREY,MONTEREY,-121.90855443,36.584045570000001
8132239,2016,2016-09-30,2706,2016-09-18,1344,505,MPD,7,5,4,2706,0,0,0,,0,001,"WAVE ST","HOFFMAN AV",80.00,S,N,A,-,N,,,,,,,,,,N,3,0,2,2,A,-,21,22106,,N,D,C,A,A,H,-,A,D,0,,,Y,,Y,,C,02,0,2,0,0,0,0,0,0,2,"- ","- ",,,MONTEREY,MONTEREY,-121.89992535,36.61424899
8132678,2016,2016-11-21,2708,2016-10-11,0729,82326,,2,5,6,2708,0,0,0,,0,002,"N 1ST ST","W ALVIN DR",0.00,,Y,B,-,N,,,,,,,,,,N,4,0,1,2,A,-,09,21802,A,N,D,C,A,A,H,-,A,D,0,,,,,Y,,-,,0,0,1,0,0,0,0,0,0,"- ","- ",,,MONTEREY,SALINAS,-121.65602996,36.7075101
8132924,2016,2016-10-27,2706,2016-10-17,0742,142,MPD,1,5,4,2706,0,0,0,,0,002,"WASHINGTON ST","DEL MONTE AV",0.00,,Y,A,-,N,,,,,,,,,,N,4,0,1,2,A,-,03,22350,,N,C,C,A,B,H,-,A,A,0,,,,,Y,,D,22,0,0,1,0,0,0,0,0,0,"- ","- ",,,MONTEREY,MONTEREY,-121.89233987,36.60066003
8133123,2016,2016-11-15,2708,2016-10-15,1739,03581,,6,5,6,2708,0,0,0,,0,003,"EAST LAUREL DR","CONSTITUTION BL",31.00,W,N,A,-,N,,,,,,,,,,N,4,0,1,3,A,-,00,21703,A,N,B,C,A,A,H,-,A,A,0,,,,,Y,,A,01,0,0,1,0,0,0,0,0,0,"- ","- ",,,MONTEREY,SALINAS,-121.63239553,36.694540089999997
8133127,2016,2016-11-15,2701,2016-10-18,1638,5548,2701,2,5,2,2701,0,0,0,,0,ALL,"11TH AV","SAN CARLOS ST",36.00,E,N,A,-,N,,,,,,,,,,N,3,0,1,1,A,-,03,22350,,N,E,I,A,A,H,-,A,D,0,,,,,Y,,A,01,0,1,0,0,0,0,0,0,0,"- ","- ",,,MONTEREY,CARMEL,-121.92169742,36.548861350000003
8133135,2016,2016-11-15,2701,2016-10-26,1004,5548,2701,3,5,2,2701,0,0,0,,0,ALL,"OCEAN AV","TORRES ST",0.00,,Y,A,-,N,,,,,,,,,,Y,4,0,3,2,A,-,09,21802,A,N,D,C,A,A,H,-,A,A,0,,,,,Y,,A,01,0,0,3,0,0,0,0,0,0,"- ","- ",,,MONTEREY,CARMEL,-121.91906992,36.555100080000003
8133186,2016,2016-11-15,2708,2016-10-28,1508,13102,,5,5,6,2708,0,0,0,,0,007,"RIKER ST","ROMIE LN",0.00,,Y,A,-,N,,,,,,,,,,Y,4,0,1,2,A,-,09,21802,A,N,D,C,A,A,H,-,A,A,0,,,,,Y,,A,01,0,0,1,0,0,0,0,0,0,"- ","- ",,,MONTEREY,SALINAS,-121.66275996,36.663820110000003
8133190,2016,2016-11-15,2708,2016-10-13,1121,34245,,4,5,6,2708,0,0,0,,0,003,"ALVIN DR","MCKINNON ST",0.00,,Y,A,-,N,,,,,,,,,,Y,2,0,2,2,A,-,12,21453,A,N,D,C,A,A,H,-,A,A,0,,,,,Y,,A,01,1,0,1,0,0,0,0,0,0,"- ","- ",,,MONTEREY,SALINAS,-121.64585,36.707230080000002
8133194,2016,2016-11-15,2708,2016-10-11,1623,4125,,2,5,6,2708,0,0,0,,0,005,"LAUREL DR","CONSTITUTION BL",620.00,W,N,A,-,N,,,,,,,,,,N,4,0,4,3,A,-,04,21703,,N,C,C,A,A,H,-,B,A,0,,,,,Y,,A,01,0,0,4,0,0,0,0,0,0,"- ","- ",,,MONTEREY,SALINAS,-121.63414383999999,36.695320430000002
8133198,2016,2016-11-16,2708,2016-10-17,1021,71633,SALIN,1,5,6,2708,0,0,0,,0,006,"SHERWOOD DR","SIOUX DR",235.00,S,N,A,-,N,,,,,,,,,,N,4,0,2,2,A,-,01,23152,A,F,B,C,A,A,H,-,A,D,0,,,,,Y,Y,A,01,0,0,2,0,0,0,0,0,0,"- ","- ",,,MONTEREY,SALINAS,-121.65046602,36.68148549
8133713,2016,2016-10-03,2708,2016-07-11,0224,85123,SPD,1,5,6,2708,0,0,0,,0,003,"HARDEN PKY","MCKINNON ST",0.00,,Y,A,-,N,,,,,,,,,,Y,3,0,1,1,A,-,08,22107,,N,E,I,A,A,H,-,C,D,0,,,,,Y,,-,,0,1,0,0,0,0,0,0,0,"- ","- ",,,MONTEREY,SALINAS,-121.64407996,36.712090099999998
8133717,2016,2016-10-11,2708,2016-07-22,1452,08067,,5,5,6,2708,0,0,0,,0,,"OSAGE DR","ADAMS ST",225.00,E,N,A,-,N,,,,,,,,,,,3,0,1,2,A,-,11,21954,A,N,D,G,C,A,H,-,A,D,0,Y,,,,Y,,N,60,0,1,0,0,1,0,0,0,0,"- ","- ",,,MONTEREY,SALINAS,-121.66150930000001,36.704200870000001
8133721,2016,2016-10-03,2708,2016-07-29,1745,74125,,5,5,6,2708,0,0,0,,0,006,"NORTH DAVIS RD","WESTRIDGE PKWY",1010.00,S,N,A,-,N,,,,,,,,,,Y,4,0,1,4,A,-,09,21802,,N,-,C,A,A,H,-,A,A,0,,,,,Y,,-,,0,0,1,0,0,0,0,0,0,"- ","- ",,,MONTEREY,SALINAS,-121.66696521999999,36.701234159999998
8133725,2016,2016-10-03,2708,2016-07-24,1320,19973,,7,5,6,2708,0,0,0,,0,002,"MCKINNON ST","PENNSYLVANIA DR",45.00,S,N,A,-,N,,,,,,,,,,N,2,0,1,2,A,-,08,22100,B,N,D,G,A,A,H,-,A,D,0,,Y,,,Y,Y,L,04,1,0,0,0,0,0,1,0,0,"- ","- ",,,MONTEREY,SALINAS,-121.64402413000001,36.715396900000002
8133736,2016,2016-10-03,2708,2016-06-30,1415,92537,,4,5,6,2708,0,0,0,,0,,"BORONDA RD","NATIVIDAD RD",265.00,W,N,A,-,N,,,,,,,,,,Y,4,0,1,1,A,-,03,22350,,N,H,A,A,A,H,-,A,A,0,,,,,Y,,-,,0,0,1,0,0,0,0,0,0,"- ","- ",,,MONTEREY,SALINAS,-121.62441259000001,36.715656549999999
8134409,2016,2016-11-16,2703,2016-09-27,1420,0098,2703,2,5,2,2703,0,0,0,,0,ALL,"ELKO ST","1ST ST",0.00,N,N,A,-,N,,,,,,,,,,Y,4,0,1,3,A,-,21,22106,,F,B,C,A,A,H,-,A,D,0,,,,Y,Y,,A,01,0,0,1,0,0,0,0,0,0,"- ","- ",,,MONTEREY,GONZALES,-121.43903994999999,36.50685009
8135638,2016,2016-10-06,2706,2016-09-16,1042,505,MPD,5,5,4,2706,0,0,0,,0,001,"DAVID AV","PINE ST",174.00,W,N,A,-,N,,,,,,,,,,Y,4,0,1,2,A,-,08,22107,,N,C,E,A,A,H,-,A,D,0,,,,,Y,,A,01,0,0,1,0,0,0,0,0,0,"- ","- ",,,MONTEREY,MONTEREY,-121.91010932,36.614149189999999
8135642,2016,2017-02-18,2706,2016-09-08,1052,505,2706,4,5,4,2706,0,0,0,,0,003,"RT 68","OLMSTED RD",1535.00,E,N,A,-,Y,MON,5,68,-,-,5.860,H,-,W,Y,4,0,1,2,A,-,04,21703,,N,C,C,A,A,H,-,A,A,0,,,,,Y,,D,22,0,0,1,0,0,0,0,0,0,"- ","- ",,,MONTEREY,MONTEREY,-121.84481716000001,36.582732829999998
8135713,2016,2016-10-05,2706,2016-09-07,1602,031,2706,3,5,4,2706,0,0,0,,0,002,"CAMINO AGUAJITO","FREMONT ST",0.00,,Y,A,-,N,,,,,,,,,,Y,4,0,1,3,A,-,03,22350,,N,C,C,A,A,H,-,A,A,0,,,,,Y,,A,01,0,0,1,0,0,0,0,0,0,"- ","- ",,,MONTEREY,MONTEREY,-121.88249995,36.593760009999997
8135717,2016,2016-10-05,2706,2016-09-10,1148,181,2706,6,5,4,2706,0,0,0,,0,002,"HARTNELL ST","POLK ST",199.00,S,N,A,-,N,,,,,,,,,,Y,3,0,2,3,A,-,03,22350,,N,C,C,A,A,H,-,A,D,0,,,,,Y,Y,A,01,0,1,1,0,0,0,0,0,0,"- ","- ",,,MONTEREY,MONTEREY,-121.89583879,36.596420420000001
8135725,2016,2016-10-05,2706,2016-09-02,1145,181,2706,5,5,4,2706,0,0,0,,0,002,"MUNRAS AV","DEL MONTE CTR M",15.00,E,N,A,-,N,,,,,,,,,,N,4,0,1,2,A,-,17,21200,A,N,D,G,A,A,H,-,A,A,0,,Y,,,Y,,L,04,0,0,1,0,0,0,1,0,0,"- ","- ",,,MONTEREY,MONTEREY,-121.90071768,36.584728329999997
8136332,2016,2016-10-06,2712,2016-09-22,2058,1080,,4,5,3,2712,0,0,0,,0,001,"IMJIN PKWY","CALIFORNIA AV",18.00,W,N,A,-,N,,,,,,,,,,Y,4,0,1,2,A,-,09,21800,A,N,D,C,A,A,H,-,C,A,0,,,,,Y,,A,07,0,0,1,0,0,0,0,0,0,"- ","- ",,,MONTEREY,MARINA,-121.79690656,36.666189209999999
8136356,2016,2016-10-06,2712,2016-09-13,1152,1052,2712,2,5,3,2712,0,0,0,,0,001,"RESERVATION RD","RESERVATION RD 267",0.00,,Y,A,-,N,,,,,,,,,,N,4,0,1,2,B,-,22,,,N,C,C,A,A,G,H,A,D,0,,,,,Y,,A,07,0,0,1,0,0,0,0,0,0,"- ","- ",,,MONTEREY,MARINA,,
8136579,2016,2016-10-07,2706,2016-09-13,1855,410,MPD,2,5,4,2706,0,0,0,,0,002,"DEL MONTE AV","CORTES ST",73.00,W,N,A,-,N,,,,,,,,,,N,4,0,2,2,A,-,03,22350,,N,C,C,A,A,H,-,A,A,0,,,,,Y,,A,01,0,0,2,0,0,0,0,0,0,"- ","- ",,,MONTEREY,MONTEREY,-121.88910342,36.600101260000002
8136628,2016,2016-10-10,2706,2016-09-12,1634,896,MPD,1,5,4,2706,0,0,0,,0,003,"NORTH FREMONT ST","CASANOVA AV",40.00,E,N,B,-,N,,,,,,,,,,N,4,0,1,2,A,-,03,22350,,N,C,C,A,A,H,-,A,A,0,,,,,Y,,A,01,0,0,1,0,0,0,0,0,0,"- ","- ",,,MONTEREY,MONTEREY,-121.85310088999999,36.597705210000001
8137683,2016,2017-02-24,2708,2016-08-20,1617,70843,,6,5,6,2708,0,0,0,,0,,"WEST MARKET ST","STONE ST",75.00,W,N,A,-,Y,MON,5,183,-,-,0.910,H,-,N,Y,4,0,1,2,A,-,10,21954,B,N,B,B,E,A,H,-,A,D,0,Y,,,,Y,,-,,0,0,1,0,1,0,0,0,0,"- ","- ",,,MONTEREY,SALINAS,-121.65946484,36.678853140000001
8137692,2016,2016-11-04,2706,2016-08-16,2500,810,MPD,2,5,4,2706,0,0,0,,0,001,"LIGHTHOUSE AV","HOFFMAN AV",70.00,N,N,A,-,N,,,,,,,,,,N,4,0,1,2,A,-,10,21954,B,M,G,B,E,A,H,-,A,D,0,Y,,,,Y,,A,01,0,0,1,0,1,0,0,0,0,"- ","- ",,,MONTEREY,MONTEREY,-121.90184508,36.613718519999999
8137716,2016,2016-10-13,2708,2016-08-16,1423,56793,,2,5,6,2708,0,0,0,,0,009,"ABBOTT ST","EAST BLANCO RD",0.00,,Y,A,-,N,,,,,,,,,,Y,4,0,1,2,A,-,08,22107,,N,D,C,A,A,H,-,A,A,0,,,,,Y,,-,,0,0,1,0,0,0,0,0,0,"- ","- ",,,MONTEREY,SALINAS,-121.63583989,36.657250050000002
8137720,2016,2016-10-13,2708,2016-08-23,1640,58340,,2,5,6,2708,0,0,0,,0,,"TOWT ST","ACOSTA ST",0.00,,Y,A,-,N,,,,,,,,,,Y,3,0,1,4,A,-,09,21802,A,M,D,C,A,A,H,-,A,D,0,,,,,Y,,A,01,0,1,0,0,0,0,0,0,0,"- ","- ",,,MONTEREY,SALINAS,-121.61691997,36.679640079999999
8137724,2016,2016-10-13,2708,2016-08-26,0714,19595,,5,5,6,2708,0,0,0,,0,008,"SHERWOOD DR","EAST MARKET ST",10.00,N,N,A,-,N,,,,,,,,,,Y,4,0,1,2,A,-,03,22350,,F,-,C,A,A,-,-,A,A,0,,,,,Y,,-,,0,0,1,0,0,0,0,0,0,"- ","- ",,,MONTEREY,SALINAS,-121.65002,36.678377470000001
8137824,2016,2016-10-24,2708,2016-09-19,1354,19003,,1,5,6,2708,0,0,0,,0,008,"JOHN ST","SPRING ST",0.00,,Y,A,-,N,,,,,,,,,,Y,4,0,3,2,A,-,07,21658,A,N,B,C,A,A,H,-,A,A,0,,,,,Y,,-,,0,0,3,0,0,0,0,0,0,"- ","- ",,,MONTEREY,SALINAS,-121.64577995,36.669750059999998
8137851,2016,2016-10-12,2708,2016-09-30,0449,54370,,5,5,6,2708,0,0,0,,0,009,"ABBOTT ST","MERRILL ST",0.00,,Y,A,-,N,,,,,,,,,,Y,4,0,2,2,A,-,09,21801,A,N,D,C,A,A,H,-,C,D,0,,,,,Y,,-,,0,0,2,0,0,0,0,0,0,"- ","- ",,,MONTEREY,SALINAS,-121.63159994,36.655470059999999
8137892,2016,2016-10-12,2708,2016-09-15,0759,56793,,4,5,6,2708,0,0,0,,0,,CONSTITUTION,"LAS CASITAS",0.00,,Y,A,-,N,,,,,,,,,,Y,3,0,2,1,A,-,08,22107,,N,F,I,A,A,H,-,A,A,0,,,,,Y,,-,,0,2,0,0,0,0,0,0,0,"- ","- ",,,MONTEREY,SALINAS,-121.61258991,36.698780040000003
8137908,2016,2016-10-12,2708,2016-09-07,0642,54370,,3,5,6,2708,0,0,0,,0,012,"JOHN ST","E ALISAL ST",70.00,W,N,A,-,N,,,,,,,,,,N,4,0,1,2,A,-,09,21804,A,N,D,C,A,A,H,-,A,D,0,,,,,Y,,-,,0,0,1,0,0,0,0,0,0,"- ","- ",,,MONTEREY,SALINAS,-121.6199855,36.67198045
8137912,2016,2016-10-12,2708,2016-09-15,0739,31977,,4,5,6,2708,0,0,0,,0,007,"WEST MARKET ST","CLARK ST",0.00,,Y,A,-,N,,,,,,,,,,Y,4,0,2,2,A,-,09,21802,A,N,D,C,A,A,H,-,A,D,0,,,,,Y,,-,,0,0,2,0,0,0,0,0,0,"- ","- ",,,MONTEREY,SALINAS,-121.67085987999999,36.683310059999997
8137916,2016,2016-10-12,2708,2016-09-17,1458,53260,,6,5,6,2708,0,0,0,,0,001,"NORTH DAVIS RD","BORONDA CROSSING LN",0.00,,Y,A,-,N,,,,,,,,,,Y,3,0,4,2,A,-,12,21453,A,N,D,C,A,A,H,-,A,A,0,,,,,Y,,-,,0,3,1,0,0,0,0,0,0,"- ","- ",,,MONTEREY,SALINAS,-121.66704993,36.720210080000001
8137920,2016,2016-10-12,2708,2016-09-27,1505,56793,,2,5,6,2708,0,0,0,,0,,"NORTH SANBORN RD","MOHAR ST",50.00,N,N,A,-,N,,,,,,,,,,N,4,0,1,2,A,-,09,21801,A,N,D,C,A,A,H,-,A,D,0,,,,,Y,,-,,0,0,1,0,0,0,0,0,0,"- ","- ",,,MONTEREY,SALINAS,-121.61880077000001,36.684129329999998
8138489,2016,2016-10-13,2708,2016-07-06,1551,19003,,3,5,6,2708,0,0,0,,0,001,"NORTH DAVIS RD","BORONDA CROSSING PL",792.00,N,N,A,-,N,,,,,,,,,,Y,4,0,2,1,A,-,03,22350,,N,F,I,A,A,H,-,A,D,0,,,,,Y,,-,,0,0,2,0,0,0,0,0,0,"- ","- ",,,MONTEREY,SALINAS,-121.66498498999999,36.721613339999998
8138514,2016,2016-10-13,2704,2016-08-06,1734,7150,2704,6,5,3,2704,0,0,0,,0,006,"DEL PONTE DR","APPLE AV",0.00,,N,A,-,N,,,,,,,,,,N,4,0,1,2,C,-,18,,,N,G,B,A,A,H,-,A,D,0,,,,,Y,,-,"- ",0,0,1,0,0,0,0,0,0,"- ","- ",,,MONTEREY,GREENFIELD,-121.23293996,36.331090039999999
8140562,2016,2016-10-11,2708,2016-09-08,0817,35838,SALIM,4,5,6,2708,0,0,0,,0,005,"CHAPARRAL ST","TAMPICO AV",45.00,W,N,B,-,N,,,,,,,,,,N,4,0,2,2,A,-,21,22106,,N,A,C,A,A,H,-,A,D,0,,,,,Y,,-,,0,0,2,0,0,0,0,0,0,"- ","- ",,,MONTEREY,SALINAS,-121.63876731000001,36.701234820000003
8140570,2016,2016-10-11,2708,2016-09-18,1604,34245,,7,5,6,2708,0,0,0,,0,011,"ORCHARD ST","DEL MONTE AV",700.00,S,N,A,-,N,,,,,,,,,,Y,3,0,1,4,A,-,01,23152,A,M,D,E,A,A,H,-,A,D,0,,,,,Y,Y,-,,0,1,0,0,0,0,0,0,0,"- ","- ",,,MONTEREY,SALINAS,-121.61349434,36.688423710000002
8140574,2016,2016-10-11,2708,2016-09-14,2231,49280,,3,5,6,2708,0,0,0,,0,006,"LARKIN ST","DAVIS RD",0.00,,Y,A,-,N,,,,,,,,,,Y,4,0,2,2,A,-,12,21453,A,N,D,C,A,A,H,-,C,A,0,,,,,Y,,-,,0,0,2,0,0,0,0,0,0,"- ","- ",,,MONTEREY,SALINAS,-121.66839997,36.69374002
8140578,2016,2016-12-09,2708,2016-09-21,1311,56793,,3,5,6,2708,0,0,0,,0,009,"SOUTH MAIN ST","EAST ROMIE LN",0.00,,Y,A,-,N,,,,,,,,,,N,4,0,1,2,A,-,12,21453,A,N,D,C,A,A,H,-,A,D,0,,,,,Y,,-,,0,0,1,0,0,0,0,0,0,"- ","- ",,,MONTEREY,SALINAS,-121.65773987,36.662630110000002
8140582,2016,2016-10-11,2708,2016-09-13,1553,34245,,2,5,6,2708,0,0,0,,0,009,"ABBOTT ST","MALARIN ST",0.00,,Y,A,-,N,,,,,,,,,,Y,4,0,1,2,A,-,09,21801,A,N,D,C,A,A,H,-,A,A,0,,,,,Y,,-,,0,0,1,0,0,0,0,0,0,"- ","- ",,,MONTEREY,SALINAS,-121.64169995,36.66238001
8140586,2016,2016-10-11,2708,2016-09-14,1752,03581,,3,5,6,2708,0,0,0,,0,006,"LARKIN ST","O'FARRELL CT",0.00,,Y,A,-,N,,,,,,,,,,N,3,0,1,2,A,-,03,22350,,N,C,C,A,A,H,-,A,A,0,,,,,Y,,-,,0,1,0,0,0,0,0,0,0,"- ","- ",,,MONTEREY,SALINAS,-121.66170996,36.690940089999998
8140590,2016,2016-10-11,2708,2016-09-22,1925,57307,SALIN,4,5,6,2708,0,0,0,,0,012,"NORTH SANBORN RD",EUCALYPTUS,0.00,,Y,A,-,N,,,,,,,,,,Y,4,0,1,2,A,-,01,23152,A,M,A,C,A,A,H,-,C,D,0,,,,,Y,Y,-,,0,0,1,0,0,0,0,0,0,"- ","- ",,,MONTEREY,SALINAS,-121.62437994,36.680230020000003
8140594,2016,2016-10-11,2708,2016-09-13,0701,54370,,2,5,6,2708,0,0,0,,0,012,"TOWT ST","ACOSTA ST",0.00,,Y,A,-,N,,,,,,,,,,Y,4,0,1,2,A,-,09,21801,A,N,D,C,A,A,H,-,A,D,0,,,,,Y,,-,,0,0,1,0,0,0,0,0,0,"- ","- ",,,MONTEREY,SALINAS,-121.61691997,36.679640079999999
8140606,2016,2016-12-09,2708,2016-09-01,1312,56793,,4,5,6,2708,0,0,0,,0,007,"SOUTH MAIN ST","GEIL ST",0.00,,Y,A,-,N,,,,,,,,,,Y,3,0,2,2,A,-,09,21801,A,N,D,C,A,A,H,-,A,A,0,,,,,Y,,-,,0,1,1,0,0,0,0,0,0,"- ","- ",,,MONTEREY,SALINAS,-121.65675994,36.665420040000001
8140610,2016,2016-10-11,2708,2016-09-08,1536,56793,,4,5,6,2708,0,0,0,,0,,MCKINNON,"HARDEN PKWY",0.00,,Y,A,-,N,,,,,,,,,,Y,4,0,2,2,A,-,09,21802,A,N,D,C,A,A,H,-,A,A,0,,,,,Y,,-,,0,0,2,0,0,0,0,0,0,"- ","- ",,,MONTEREY,SALINAS,-121.64407996,36.712090099999998
8140614,2016,2016-10-11,2708,2016-09-15,2246,6235,,4,5,6,2708,0,0,0,,0,012,"E ALISAL ST","NORTH SANBORN RD",20.00,E,N,A,-,N,,,,,,,,,,Y,4,0,5,2,A,-,01,23152,A,N,C,C,A,A,H,-,C,A,0,,,,,Y,Y,-,,0,0,5,0,0,0,0,0,0,"- ","- ",,,MONTEREY,SALINAS,-121.62737238,36.672902790000002
8140618,2016,2016-10-11,2708,2016-09-03,2135,15945,,6,5,6,2708,0,0,0,,0,,"E ALISAL ST","SOLEDAD ST",0.00,,Y,A,-,N,,,,,,,,,,Y,4,0,1,2,A,-,12,22450,A,F,D,C,A,A,H,-,A,A,0,,,,,Y,Y,-,,0,0,1,0,0,0,0,0,0,"- ","- ",,,MONTEREY,SALINAS,-121.65141994,36.674280039999999