CASE_ID,ACCIDENT_YEAR,PROC_DATE,JURIS,COLLISION_DATE,COLLISION_TIME,OFFICER_ID,REPORTING_DISTRICT,DAY_OF_WEEK,CHP_SHIFT,POPULATION,CNTY_CITY_LOC,SPECIAL_COND,BEAT_TYPE,CHP_BEAT_TYPE,CITY_DIVISION_LAPD,CHP_BEAT_CLASS,BEAT_NUMBER,PRIMARY_RD,SECONDARY_RD,DISTANCE,DIRECTION,INTERSECTION,WEATHER_1,WEATHER_2,STATE_HWY_IND,CALTRANS_COUNTY,CALTRANS_DISTRICT,STATE_ROUTE,ROUTE_SUFFIX,POSTMILE_PREFIX,POSTMILE,LOCATION_TYPE,RAMP_INTERSECTION,SIDE_OF_HWY,TOW_AWAY,COLLISION_SEVERITY,NUMBER_KILLED,NUMBER_INJURED,PARTY_COUNT,PRIMARY_COLL_FACTOR,PCF_CODE_OF_VIOL,PCF_VIOL_CATEGORY,PCF_VIOLATION,PCF_VIOL_SUBSECTION,HIT_AND_RUN,TYPE_OF_COLLISION,MVIW,PED_ACTION,ROAD_SURFACE,ROAD_COND_1,ROAD_COND_2,LIGHTING,CONTROL_DEVICE,CHP_ROAD_TYPE,PEDESTRIAN_ACCIDENT,BICYCLE_ACCIDENT,MOTORCYCLE_ACCIDENT,TRUCK_ACCIDENT,NOT_PRIVATE_PROPERTY,ALCOHOL_INVOLVED,STWD_VEHTYPE_AT_FAULT,CHP_VEHTYPE_AT_FAULT,COUNT_SEVERE_INJ,COUNT_VISIBLE_INJ,COUNT_COMPLAINT_PAIN,COUNT_PED_KILLED,COUNT_PED_INJURED,COUNT_BICYCLIST_KILLED,COUNT_BICYCLIST_INJURED,COUNT_MC_KILLED,COUNT_MC_INJURED,PRIMARY_RAMP,SECONDARY_RAMP,LATITUDE,LONGITUDE,COUNTY,CITY,POINT_X,POINT_Y
82099404,2023,2023-06-22,2708,2023-05-23,1552,19003,,2,5,6,2708,0,0,0,,0,010,"EAST MARKET ST","N HEBBRON AVE",250.00,W,N,A,-,N,,,,,,,,,,N,4,0,1,3,A,-,03,22350,,N,C,C,A,A,H,-,A,D,0,,,,Y,Y,,A,01,0,0,1,0,0,0,0,0,0,"- ","- ",,,MONTEREY,SALINAS,-121.632568359375,36.676639556884766
82099405,2023,2023-06-22,2708,2023-06-06,"520 ",74137,2708,2,5,6,2708,0,0,0,,0,008,"EAST MARKET ST","S HWY 101",0.00,,Y,B,C,N,,,,,,,,,,N,4,0,1,2,A,-,05,21202,A,N,D,G,A,B,H,-,B,A,0,,Y,,,Y,,L,04,0,0,1,0,0,0,1,0,0,"- ","- ",,,MONTEREY,SALINAS,-121.65115356445312,36.678150177001953
82100874,2023,2023-06-23,2705,2023-03-09,1653,9,2705,4,5,3,2705,0,0,0,,0,002,"S SAN LORENZO ST","DIVISION ST",338.00,N,N,C,-,N,,,,,,,,,,N,4,0,1,2,A,-,01,23153,B,F,C,E,A,B,H,-,B,D,0,,,,,Y,Y,A,01,0,0,1,0,0,0,0,0,0,"- ","- ",,,MONTEREY,"KING CITY",-121.12779235839844,36.207572937011719
82100878,2023,2023-06-23,2705,2023-03-27,1746,9,2705,1,5,3,2705,0,0,0,,0,002,"LONOAK RD","S 1ST ST",251.00,E,N,A,-,N,,,,,,,,,,Y,3,0,1,1,A,-,08,22107,,N,E,I,A,A,H,-,A,D,0,,,,,Y,,A,01,0,1,0,0,0,0,0,0,0,"- ","- ",,,MONTEREY,"KING CITY",-121.11614227294922,36.206893920898438
82100881,2023,2023-06-23,2705,2023-04-07,1218,9,2705,5,5,3,2705,0,0,0,,0,001,"AMHERST DR","OXFORD AVE",0.00,,Y,A,-,N,,,,,,,,,,N,4,0,1,2,A,-,09,21802,A,N,D,C,A,A,H,-,A,D,0,,,,,Y,,A,01,0,0,1,0,0,0,0,0,0,"- ","- ",,,MONTEREY,"KING CITY",-121.14151000976562,36.206783294677734
82100882,2023,2023-06-23,2705,2023-04-08,1802,11,2705,6,5,3,2705,0,0,0,,0,002,"DIVISION ST","S MILDRED AVE",0.00,,Y,A,-,N,,,,,,,,,,N,4,0,1,2,A,-,09,21802,A,N,D,C,A,A,H,-,A,D,0,,,,,Y,,D,22,0,0,1,0,0,0,0,0,0,"- ","- ",,,MONTEREY,"KING CITY",-121.12892150878906,36.205883026123047
82100885,2023,2023-06-23,2705,2023-04-15,1616,9,2705,6,5,3,2705,0,0,0,,0,001,"SPRECKELS RD","SOBERANES ST",0.00,,Y,A,-,N,,,,,,,,,,N,3,0,2,2,A,-,09,21800,A,N,D,C,A,A,H,-,A,D,0,,,,,Y,,D,22,0,1,1,0,0,0,0,0,0,"- ","- ",,,MONTEREY,"KING CITY",-121.13240051269531,36.220321655273438
82100886,2023,2023-06-23,2705,2023-04-16,1246,9,2705,7,5,3,2705,0,0,0,,0,002,"DIVISION ST","7TH ST",111.00,W,N,A,-,N,,,,,,,,,,N,4,0,1,2,A,-,03,22350,,N,C,C,A,A,H,-,A,D,0,,,,,Y,,A,01,0,0,1,0,0,0,0,0,0,"- ","- ",,,MONTEREY,"KING CITY",-121.12837982177734,36.206169128417969
82100887,2023,2023-06-23,2705,2023-04-21,2100,8,2705,5,5,3,2705,0,0,0,,0,001,"N MILDRED AVE","ELLIS ST",70.00,N,N,A,-,N,,,,,,,,,,N,3,0,1,2,A,-,08,22107,,F,A,C,A,A,H,-,C,D,0,,,,,Y,Y,A,01,0,1,0,0,0,0,0,0,0,"- ","- ",,,MONTEREY,"KING CITY",-121.13365936279297,36.211738586425781
82100888,2023,2023-06-23,2705,2023-04-24,1418,9,2705,1,5,3,2705,0,0,0,,0,002,"DIVISION ST","S 1ST ST",264.00,W,N,A,-,N,,,,,,,,,,N,4,0,2,2,A,-,09,21804,A,N,B,C,A,A,H,-,A,D,0,,,,,Y,,A,01,0,0,2,0,0,0,0,0,0,"- ","- ",,,MONTEREY,"KING CITY",-121.12088012695312,36.210163116455078
82100889,2023,2023-06-23,2705,2023-04-24,2127,11,2705,1,5,3,2705,0,0,0,,0,002,"BROADWAY ST","FRANCISCAN WAY",12.00,S,N,A,-,N,,,,,,,,,,N,4,0,1,2,A,-,05,21202,A,N,D,G,A,A,H,-,C,D,0,,Y,,,Y,,L,04,0,0,1,0,0,0,1,0,0,"- ","- ",,,MONTEREY,"KING CITY",-121.13596343994141,36.206596374511719
82100893,2023,2023-06-23,2705,2023-05-12,"644 ",9,2705,5,5,3,2705,0,0,0,,0,002,"CANAL ST","DIVISION ST",202.00,N,N,A,-,N,,,,,,,,,,N,3,0,1,3,A,-,08,22107,,N,C,E,A,A,H,-,A,D,0,,,,,Y,,A,01,0,1,0,0,0,0,0,0,0,"- ","- ",,,MONTEREY,"KING CITY",-121.13098907470703,36.205448150634766
82104720,2023,2023-08-16,2708,2023-05-07,1009,77537,,7,5,6,2708,0,0,0,,0,006,"NORTH DAVIS RD","POST DR",0.00,,Y,A,-,Y,,,,,,,,,,N,4,0,1,2,A,-,12,21453,A,N,A,C,A,A,H,-,A,A,0,,,,,Y,,A,01,0,0,1,0,0,0,0,0,0,"- ","- ",,,MONTEREY,SALINAS,-121.66876983642578,36.696113586425781
82104722,2023,2023-06-29,2708,2023-05-22,1156,231,,1,5,6,2708,0,0,0,,0,001,"NORTH MAIN ST","CASTRO ST",25.00,N,N,A,-,N,,,,,,,,,,Y,4,0,2,3,A,-,09,21801,A,N,D,C,A,A,H,-,A,D,0,,,,,Y,,A,01,0,0,2,0,0,0,0,0,0,"- ","- ",,,MONTEREY,SALINAS,-121.65634155273438,36.722408294677734
82104723,2023,2023-06-29,2708,2023-05-27,"338 ",13123,,6,5,6,2708,0,0,0,,0,001,"RUSSELL RD","VAN BUREN AVE",1066.00,W,N,A,-,N,,,,,,,,,,Y,4,0,1,3,A,-,08,22107,,F,C,E,A,A,H,-,C,A,0,,,,,Y,,A,07,0,0,1,0,0,0,0,0,0,"- ","- ",,,MONTEREY,SALINAS,-121.65148162841797,36.733097076416016
82104726,2023,2023-06-29,2708,2023-06-07,"855 ",58125,,3,5,6,2708,0,0,0,,0,004,"CONSTITUTION BLVD","INDEPENDENCE BLVD",0.00,,Y,B,-,N,,,,,,,,,,Y,4,0,4,3,A,-,12,21453,A,N,D,C,A,A,H,-,A,A,0,,,,,Y,,A,01,0,0,4,0,0,0,0,0,0,"- ","- ",,,MONTEREY,SALINAS,-121.62148284912109,36.700405120849609
82107623,2023,2023-07-03,2708,2023-06-15,1217,232,SALIN,4,5,6,2708,0,0,0,,0,009,"ABBOTT ST","MALARIN ST",0.00,,Y,A,-,N,,,,,,,,,,Y,4,0,2,2,A,-,09,21801,A,N,D,C,A,A,H,-,A,A,0,,,,,Y,,A,01,0,0,2,0,0,0,0,0,0,"- ","- ",,,MONTEREY,SALINAS,-121.64170074462891,36.662380218505859
82107631,2023,2023-07-03,2708,2023-06-08,1154,232,SALIN,4,5,6,2708,0,0,0,,0,008,"SALINAS ST","CENTRAL AVE",14.00,S,N,A,-,N,,,,,,,,,,N,3,0,1,2,A,-,17,21200,A,N,H,G,A,A,H,-,A,A,0,,Y,,,Y,,L,04,0,1,0,0,0,0,1,0,0,"- ","- ",,,MONTEREY,SALINAS,-121.65643310546875,36.676765441894531
82107632,2023,2023-07-03,2708,2023-06-15,"821 ",58125,,4,5,6,2708,0,0,0,,0,011,"NORTH SANBORN RD","DEL MONTE AVE",700.00,S,N,B,-,N,,,,,,,,,,N,4,0,1,2,A,-,09,21804,A,N,D,C,A,A,H,-,A,D,0,,,,,Y,,A,01,0,0,1,0,0,0,0,0,0,"- ","- ",,,MONTEREY,SALINAS,-121.61276245117188,36.687541961669922
82109450,2023,2023-07-05,2708,2023-05-30,1030,77283,,2,5,6,2708,0,0,0,,0,,"EAST MARKET ST","MERCED ST",300.00,E,N,A,-,N,,,,,,,,,,N,3,0,1,2,A,-,05,21650,,N,B,G,A,A,H,-,A,A,0,,Y,,,Y,,L,04,0,1,0,0,0,0,1,0,0,"- ","- ",,,MONTEREY,SALINAS,-121.64141082763672,36.677730560302734
82109453,2023,2023-07-05,2708,2023-06-14,1424,58125,,3,5,6,2708,0,0,0,,0,012,"WILLIAMS RD","EAST BORONDA RD",0.00,,Y,A,-,N,,,,,,,,,,Y,4,0,1,3,A,-,09,21801,A,N,D,C,A,A,H,-,A,A,0,,,,,Y,,A,01,0,0,1,0,0,0,0,0,0,"- ","- ",,,MONTEREY,SALINAS,-121.59072113037109,36.689002990722656
82109456,2023,2023-07-05,2708,2023-06-17,2218,04113,,6,5,6,2708,0,0,0,,0,010,"EAST MARKET ST","NORTH PEARL ST",12.00,E,N,A,-,N,,,,,,,,,,Y,3,0,1,3,A,-,01,23152,A,N,C,C,A,A,H,-,C,D,0,,,,,Y,Y,A,01,0,1,0,0,0,0,0,0,0,"- ","- ",,,MONTEREY,SALINAS,-121.63315582275391,36.67669677734375
82113526,2023,2023-07-11,2708,2023-06-15,"46  ",74137,2708,4,5,6,2708,0,0,0,,0,006,"WEST LAUREL DR","RAMP (1)",0.00,,Y,B,-,N,,,,,,,,,,Y,4,0,1,2,A,-,08,22107,,N,C,C,A,A,H,-,C,A,0,,,,,Y,,A,01,0,0,1,0,0,0,0,0,0,"- ","- ",,,MONTEREY,SALINAS,,
82113528,2023,2023-07-11,2708,2023-06-23,"801 ",58125,,5,5,6,2708,0,0,0,,0,008,"SALINAS ST","WEST SAN LUIS ST",0.00,,Y,A,-,N,,,,,,,,,,Y,4,0,3,3,A,-,12,21453,A,N,D,C,A,A,H,-,A,A,0,,,,,Y,,A,01,0,0,3,0,0,0,0,0,0,"- ","- ",,,MONTEREY,SALINAS,-121.65566253662109,36.67181396484375
82113530,2023,2023-07-12,2708,2023-06-25,"207 ",31945,,7,5,6,2708,0,0,0,,0,005,"EAST BERNAL DR","ROSARITA DR",0.00,,Y,A,-,N,,,,,,,,,,Y,4,0,1,3,A,-,08,22107,,F,C,E,A,A,H,-,C,D,0,,,,,Y,,A,01,0,0,1,0,0,0,0,0,0,"- ","- ",,,MONTEREY,SALINAS,-121.64563751220703,36.691162109375
82113532,2023,2023-07-11,2708,2023-06-25,1039,56105,,7,5,6,2708,0,0,0,,0,011,"GALINDO ST","D ST",200.00,N,N,A,-,N,,,,,,,,,,N,4,0,1,2,A,-,21,22106,,N,D,C,A,A,H,-,A,D,0,,,,,Y,Y,A,01,0,0,1,0,0,0,0,0,0,"- ","- ",,,MONTEREY,SALINAS,-121.60702514648438,36.689239501953125
82115504,2023,2023-07-13,2708,2023-06-27,2349,90332,,2,5,6,2708,0,0,0,,0,012,"WILLIAMS RD","GRANDHAVEN ST",50.00,N,N,A,-,N,,,,,,,,,,N,2,0,1,3,A,-,01,23152,A,N,G,B,F,A,H,-,C,D,0,Y,,,,Y,Y,A,01,1,0,0,0,1,0,0,0,0,"- ","- ",,,MONTEREY,SALINAS,-121.61183166503906,36.676910400390625
82122549,2023,2023-07-21,2708,2023-04-30,1859,230,,7,5,6,2708,0,0,0,,0,,"EAST MARKET ST","GRIFFIN ST",0.00,,Y,A,-,N,,,,,,,,,,N,4,0,2,3,A,-,09,21802,B,F,D,C,A,A,H,-,A,A,0,,,,Y,Y,,A,01,0,0,2,0,0,0,0,0,0,"- ","- ",,,MONTEREY,SALINAS,-121.64494323730469,36.678958892822266
82122553,2023,2023-07-21,2708,2023-06-10,2358,15851,SALIN,6,5,6,2708,0,0,0,,0,012,"NORTH SANBORN RD","OREGON ST",445.00,S,N,A,-,N,,,,,,,,,,Y,3,0,1,1,A,-,08,22107,,N,E,I,A,A,H,-,C,D,0,,,,,Y,,A,07,0,1,0,0,0,0,0,0,0,"- ","- ",,,MONTEREY,SALINAS,-121.62334442138672,36.681510925292969
82122555,2023,2023-07-21,2708,2023-06-17,1950,25182,,6,5,6,2708,0,0,0,,0,011,"ANTIGUA AVE","BERNARDO AVE",0.00,,Y,A,-,N,,,,,,,,,,Y,4,0,1,3,A,-,01,23152,A,N,D,E,A,A,H,-,B,A,0,,,,,Y,Y,A,01,0,0,1,0,0,0,0,0,0,"- ","- ",,,MONTEREY,SALINAS,-121.60472869873047,36.693260192871094
82122557,2023,2023-07-21,2708,2023-06-23,2347,96860,,5,5,6,2708,0,0,0,,0,009,"SOUTH MAIN ST","CLAY ST",0.00,,Y,A,-,N,,,,,,,,,,Y,4,0,1,2,A,-,09,21800,A,N,D,C,A,A,H,-,C,D,0,,,,,Y,,A,01,0,0,1,0,0,0,0,0,0,"- ","- ",,,MONTEREY,SALINAS,-121.655029296875,36.670246124267578
82122559,2023,2023-07-21,2708,2023-06-26,1314,34273,,1,5,6,2708,0,0,0,,0,,"SOUTH MAIN ST","CLAY ST",0.00,,Y,A,-,N,,,,,,,,,,N,3,0,1,2,A,-,09,21802,A,N,D,G,A,A,H,-,A,A,0,,Y,,,Y,,A,01,0,1,0,0,0,0,1,0,0,"- ","- ",,,MONTEREY,SALINAS,-121.655029296875,36.670246124267578
82123449,2023,2023-07-24,2708,2023-05-22,1556,47735,,1,5,6,2708,0,0,0,,0,010,"EAST LAUREL DR","ST EDWARDS AVE",0.00,,Y,A,-,N,,,,,,,,,,N,3,0,1,2,A,-,10,21950,A,F,A,G,A,A,H,-,A,A,0,,Y,,,Y,Y,-,99,0,1,0,0,0,0,1,0,0,"- ","- ",,,MONTEREY,SALINAS,-121.62310028076172,36.686332702636719
82123452,2023,2023-07-24,2708,2023-06-30,1600,30349,,5,5,6,2708,0,0,0,,0,011,"NOGAL DR","AMARILLO WY",15.00,N,N,A,-,N,,,,,,,,,,Y,3,0,1,2,A,-,01,23152,A,N,B,E,A,A,H,-,A,D,0,,,,,Y,Y,A,01,0,1,0,0,0,0,0,0,0,"- ","- ",,,MONTEREY,SALINAS,-121.61148071289062,36.695674896240234
82123453,2023,2023-07-24,2708,2023-07-01,2331,15851,SALIN,6,5,6,2708,0,0,0,,0,011,"GARNER AVE","PACIFIC AVE",275.00,E,N,A,-,N,,,,,,,,,,N,3,0,1,2,A,-,11,21954,A,N,G,B,D,A,H,-,C,D,0,Y,,,,Y,Y,N,60,0,1,0,0,1,0,0,0,0,"- ","- ",,,MONTEREY,SALINAS,-121.61589813232422,36.687122344970703
82124919,2023,2023-07-25,2708,2023-06-16,1301,146,,5,5,6,2708,0,0,0,,0,011,"LAS CASITAS DR","EAST PROLONGATION OF PINO WAY",92.00,E,N,A,-,N,,,,,,,,,,N,3,0,1,2,A,-,11,21954,A,N,G,B,D,A,H,-,A,D,0,Y,,,,Y,,N,60,0,1,0,0,1,0,0,0,0,"- ","- ",,,MONTEREY,SALINAS,-121.614059,36.694228000000003
82124923,2023,2023-07-25,2708,2023-06-21,1239,231,2708,3,5,6,2708,0,0,0,,0,,"240 CHAPARRAL ST","TAPADERO DR",501.00,E,N,-,-,N,,,,,,,,,,N,4,0,1,3,A,-,21,22106,,N,D,E,A,A,H,-,A,D,0,,,,,Y,,A,07,0,0,1,0,0,0,0,0,0,"- ","- ",,,MONTEREY,SALINAS,-121.64835357666016,36.703426361083984
82124924,2023,2023-07-25,2708,2023-06-22,"740 ",234,,4,5,6,2708,0,0,0,,0,,"EAST ROSSI ST",SHERWOOD,0.00,,Y,A,-,N,,,,,,,,,,N,4,0,1,2,A,-,12,21453,A,N,D,D,A,A,H,-,A,A,0,,,,,Y,,A,07,0,0,1,0,0,0,0,0,0,"- ","- ",,,MONTEREY,SALINAS,-121.65037536621094,36.680202484130859
82124926,2023,2023-07-25,2708,2023-06-22,2017,92575,,4,5,6,2708,0,0,0,,0,012,"EAST LAUREL DR","KENNETH AVE",0.00,,Y,A,-,N,,,,,,,,,,Y,3,0,3,3,A,-,09,21802,A,N,D,E,A,A,H,-,C,D,0,,,,Y,Y,,F,26,0,2,1,0,0,0,0,0,0,"- ","- ",,,MONTEREY,SALINAS,-121.61494445800781,36.676063537597656
82124927,2023,2023-07-25,2708,2023-06-27,1219,232,SALIN,2,5,6,2708,0,0,0,,0,006,"NORTH MAIN ST","E MENKE ST",0.00,,Y,A,-,N,,,,,,,,,,Y,3,0,1,2,A,-,03,22350,,N,C,C,A,A,H,-,A,A,0,,,,,Y,,A,01,0,1,0,0,0,0,0,0,0,"- ","- ",,,MONTEREY,SALINAS,-121.65361785888672,36.682182312011719
82124928,2023,2023-07-25,2708,2023-06-28,1901,235,SALIN,3,5,6,2708,0,0,0,,0,003,"PESCADERO DR","COMPTON WY",0.00,,Y,B,-,N,,,,,,,,,,Y,4,0,1,3,A,-,09,21801,A,N,D,E,A,A,H,-,A,-,0,,,,,Y,,A,01,0,0,1,0,0,0,0,0,0,"- ","- ",,,MONTEREY,SALINAS,-121.62445831298828,36.710487365722656
82124929,2023,2023-07-25,2708,2023-07-10,"440 ",15851,SALIN,1,5,6,2708,0,0,0,,0,012,"NORTH SANBORN RD","OREGON ST",0.00,,Y,A,-,N,,,,,,,,,,N,3,0,1,2,A,-,12,21453,A,F,D,G,A,A,H,-,C,A,0,,Y,,,Y,,A,01,0,1,0,0,0,0,1,0,0,"- ","- ",,,MONTEREY,SALINAS,-121.62214660644531,36.682262420654297
82125928,2023,2023-07-26,2708,2023-07-09,"241 ",28603,2708,7,5,6,2708,0,0,0,,0,007,"W ALISAL ST","COLLEGE DR",140.00,E,N,A,-,N,,,,,,,,,,Y,2,0,3,1,A,-,01,23152,A,N,E,I,A,A,H,-,C,D,0,,,,,Y,Y,A,07,1,2,0,0,0,0,0,0,0,"- ","- ",,,MONTEREY,SALINAS,-121.67002868652344,36.671550750732422
82132622,2023,2023-08-01,2708,2023-07-13,2215,98751,SALIN,4,5,6,2708,0,0,0,,0,004,"EAST LAUREL DR","NATIVIDAD RD",0.00,,Y,A,-,N,,,,,,,,,,Y,4,0,2,2,A,-,12,21453,A,N,D,C,A,A,H,-,C,A,0,,,,,Y,,A,01,0,0,2,0,0,0,0,0,0,"- ","- ",,,MONTEREY,SALINAS,-121.63829040527344,36.696331024169922
82133291,2023,2023-08-01,2706,2023-05-03,2043,618,MONTE,3,5,4,2706,0,0,0,,0,001,"FOAM ST","REESIDE AVE",0.00,,Y,C,-,N,,,,,,,,,,Y,4,0,1,2,A,-,08,22107,,N,E,I,A,B,H,-,C,A,0,,,,,Y,,A,01,0,0,1,0,0,0,0,0,0,"- ","- ",36.610061645507812,-121.89763641357422,MONTEREY,MONTEREY,-121.89752197265625,36.610099792480469
82133292,2023,2023-08-01,2706,2023-06-16,2035,032,MONTE,5,5,4,2706,0,0,0,,0,001,"LIGHTHOUSE AVE","REESIDE AVE",62.00,S,N,A,-,N,,,,,,,,,,Y,4,0,1,2,A,-,07,21658,A,N,B,C,A,A,H,-,B,D,0,,,,,Y,,A,07,0,0,1,0,0,0,0,0,0,"- ","- ",,,MONTEREY,MONTEREY,-121.89827728271484,36.609500885009766
82133299,2023,2023-08-01,2706,2023-04-07,1102,627,MPD,5,5,4,2706,0,0,0,,0,002,"CASS ST","MUNRAS AVE",17.00,W,N,B,-,N,,,,,,,,,,N,4,0,1,2,A,-,03,22350,,N,C,C,A,A,H,-,A,A,0,,,,,Y,,A,01,0,0,1,0,0,0,0,0,0,"- ","- ",,,MONTEREY,MONTEREY,-121.89774322509766,36.588871002197266
82133312,2023,2023-08-01,2706,2023-04-15,1500,395,,6,5,4,2706,0,0,0,,0,003,"DEL MONTE AVE","SLOAT AVE",0.00,,Y,A,-,N,,,,,,,,,,Y,3,0,2,3,A,-,03,22350,,N,D,C,A,A,H,-,A,A,0,,,,,Y,,A,01,0,1,1,0,0,0,0,0,0,"- ","- ",36.599830627441406,-121.87889862060547,MONTEREY,MONTEREY,-121.87888336181641,36.599857330322266
82133318,2023,2023-08-01,2706,2023-04-21,1738,273,2706,5,5,4,2706,0,0,0,,0,002,"DEL MONTE AVE","CAMINO EL ESTERO",407.00,E,N,A,-,N,,,,,,,,,,N,4,0,1,2,A,-,03,22350,,N,C,C,A,A,H,-,A,A,0,,,,,Y,,A,01,0,0,1,0,0,0,0,0,0,"- ","- ",36.599880218505859,-121.88730621337891,MONTEREY,MONTEREY,-121.88592529296875,36.599941253662109
82133320,2023,2023-08-01,2706,2023-04-22,1402,851,MONTE,6,5,4,2706,0,0,0,,0,002,"MUNRAS AVE","FREMONT ST",0.00,,Y,A,-,N,,,,,,,,,,N,3,0,1,2,A,-,09,21802,A,N,D,C,A,A,H,-,A,A,0,,,,,Y,,D,22,0,1,0,0,0,0,0,0,0,"- ","- ",36.595371246337891,-121.89302062988281,MONTEREY,MONTEREY,-121.89308166503906,36.595619201660156
82133328,2023,2023-08-01,2706,2023-04-27,1201,939,MONTE,4,5,4,2706,0,0,0,,0,003,"GARDEN RD","OLMSTED RD",853.00,W,N,A,-,N,,,,,,,,,,Y,4,0,1,2,A,-,08,22107,,N,D,C,A,A,H,-,A,D,0,,,,,Y,,A,01,0,0,1,0,0,0,0,0,0,"- ","- ",36.585269927978516,-121.84886932373047,MONTEREY,MONTEREY,-121.85166931152344,36.585880279541016
82133336,2023,2023-08-01,2706,2023-05-03,2112,177,2706,3,5,4,2706,0,0,0,,0,001,"LIGHTHOUSE AVE","REESIDE AVE",100.00,S,N,C,-,N,,,,,,,,,,Y,4,0,1,2,A,-,08,22100,B,N,D,C,A,B,H,-,C,D,0,,,,,Y,,A,01,0,0,1,0,0,0,0,0,0,"- ","- ",36.609619140625,-121.89846801757812,MONTEREY,MONTEREY,-121.89820098876953,36.609413146972656
82133338,2023,2023-08-03,2706,2023-05-04,1111,328,,4,5,4,2706,0,0,0,,0,003,"OLMSTED RD","GARDEN RD",37.00,W,N,B,-,N,,,,,,,,,,Y,3,0,4,3,C,-,18,,,N,D,C,A,A,H,-,A,A,0,,,,,Y,,-,"- ",0,1,3,0,0,0,0,0,0,"- ","- ",,,MONTEREY,MONTEREY,-121.84895324707031,36.585174560546875
82133348,2023,2023-08-01,2706,2023-05-22,1001,328,,1,5,4,2706,0,0,0,,0,002,"MUNRAS AVE","SOLEDAD DR",87.00,S,N,B,-,N,,,,,,,,,,Y,4,0,3,4,A,-,03,22350,,N,C,C,A,A,H,-,A,A,0,,,,,Y,,A,01,0,0,3,0,0,0,0,0,0,"- ","- ",,,MONTEREY,MONTEREY,-121.90201568603516,36.583156585693359
82133353,2023,2023-08-01,2706,2023-05-24,2003,635,,3,5,4,2706,0,0,0,,0,,"FRANKLIN ST","FIGUEROA ST",0.00,,Y,A,-,N,,,,,,,,,,N,4,0,1,2,A,-,12,21453,A,N,D,C,A,A,H,-,A,A,0,,,,,Y,,A,01,0,0,1,0,0,0,0,0,0,"- ","- ",36.599269866943359,-121.89028167724609,MONTEREY,MONTEREY,-121.89019775390625,36.599292755126953
82133366,2023,2023-08-01,2706,2023-06-03,1658,826,MONTE,6,5,4,2706,0,0,0,,0,001,"SEENO ST","VAN BUREN ST",298.00,W,N,B,-,N,,,,,,,,,,Y,3,0,2,3,A,-,08,22107,,N,B,E,A,A,H,-,A,D,0,,,,,Y,,A,01,0,1,1,0,0,0,0,0,0,"- ","- ",,,MONTEREY,MONTEREY,-121.89717864990234,36.604404449462891
82133367,2023,2023-08-01,2706,2023-06-03,2300,032,MONTE,6,5,4,2706,0,0,0,,0,001,"DAVID AVE","FILMORE ST",109.00,W,N,A,-,N,,,,,,,,,,Y,4,0,1,2,A,-,08,22107,,N,C,E,A,A,H,-,C,D,0,,,,,Y,Y,A,01,0,0,1,0,0,0,0,0,0,"- ","- ",,,MONTEREY,MONTEREY,-121.91371917724609,36.612453460693359
82133380,2023,2023-08-02,2706,2023-06-14,2230,992,2706,3,5,4,2706,0,0,0,,0,001,"WAVE ST","HOFFMAN AVE",5.00,N,N,A,-,N,,,,,,,,,,N,4,0,1,2,A,-,10,21950,A,N,G,B,B,A,H,-,C,A,0,Y,,,,Y,,D,22,0,0,1,0,1,0,0,0,0,"- ","- ",36.614448547363281,-121.90001678466797,MONTEREY,MONTEREY,-121.90010070800781,36.614459991455078
82133381,2023,2023-08-02,2706,2023-06-18,"37  ",215,MONTE,7,5,4,2706,0,0,0,,0,002,"FRANKLIN ST","CORTES ST",115.00,E,N,A,-,N,,,,,,,,,,Y,4,0,1,2,A,-,08,22107,,M,C,E,A,A,H,-,C,D,0,,,,,Y,,A,01,0,0,1,0,0,0,0,0,0,"- ","- ",36.599048614501953,-121.88909912109375,MONTEREY,MONTEREY,-121.88860321044922,36.599052429199219
82133384,2023,2023-08-01,2706,2023-06-20,1609,826,MONTE,2,5,4,2706,0,0,0,,0,003,"HIGHWAY 68","OLMSTED RD",377.00,E,N,A,-,N,,,,,,,,,,N,4,0,1,2,A,-,03,22350,,N,C,C,A,A,H,-,A,D,0,,,,,Y,,A,01,0,0,1,0,0,0,0,0,0,"- ","- ",,,MONTEREY,MONTEREY,-121.84844207763672,36.583850860595703
82133390,2023,2023-08-01,2706,2023-06-21,1645,896,2706,3,5,4,2706,0,0,0,,0,002,"FISHNET RD","VIA LAVANDERA",0.00,,Y,A,-,N,,,,,,,,,,N,3,0,1,2,A,-,10,21954,B,F,G,B,E,A,H,-,A,A,0,Y,,,,Y,,A,07,0,1,0,0,1,0,0,0,0,"- ","- ",36.593090057373047,-121.88661956787109,MONTEREY,MONTEREY,-121.88627624511719,36.593181610107422
82133394,2023,2023-08-01,2706,2023-06-28,1638,209,MONTE,3,5,4,2706,0,0,0,,0,002,"ALVARADO ST","PEARL ST",0.00,,Y,A,-,N,,,,,,,,,,N,4,0,1,2,A,-,11,21954,A,N,G,B,D,A,H,-,A,A,0,Y,,,,Y,,N,60,0,0,1,0,1,0,0,0,0,"- ","- ",36.597640991210938,-121.89508056640625,MONTEREY,MONTEREY,-121.89493560791016,36.597743988037109
82133395,2023,2023-08-01,2706,2023-06-29,1651,082,MONTE,4,5,4,2706,0,0,0,,0,003,"DEL MONTE AVE","CASA VERDE WAY",0.00,,Y,A,-,N,,,,,,,,,,Y,4,0,1,2,A,-,09,21806,A,N,D,C,A,A,H,-,A,A,0,,,,,Y,,A,01,0,0,1,0,0,0,0,0,0,"- ","- ",36.60198974609375,-121.8665771484375,MONTEREY,MONTEREY,-121.86660003662109,36.602081298828125