CASE_ID,ACCIDENT_YEAR,PROC_DATE,JURIS,COLLISION_DATE,COLLISION_TIME,OFFICER_ID,REPORTING_DISTRICT,DAY_OF_WEEK,CHP_SHIFT,POPULATION,CNTY_CITY_LOC,SPECIAL_COND,BEAT_TYPE,CHP_BEAT_TYPE,CITY_DIVISION_LAPD,CHP_BEAT_CLASS,BEAT_NUMBER,PRIMARY_RD,SECONDARY_RD,DISTANCE,DIRECTION,INTERSECTION,WEATHER_1,WEATHER_2,STATE_HWY_IND,CALTRANS_COUNTY,CALTRANS_DISTRICT,STATE_ROUTE,ROUTE_SUFFIX,POSTMILE_PREFIX,POSTMILE,LOCATION_TYPE,RAMP_INTERSECTION,SIDE_OF_HWY,TOW_AWAY,COLLISION_SEVERITY,NUMBER_KILLED,NUMBER_INJURED,PARTY_COUNT,PRIMARY_COLL_FACTOR,PCF_CODE_OF_VIOL,PCF_VIOL_CATEGORY,PCF_VIOLATION,PCF_VIOL_SUBSECTION,HIT_AND_RUN,TYPE_OF_COLLISION,MVIW,PED_ACTION,ROAD_SURFACE,ROAD_COND_1,ROAD_COND_2,LIGHTING,CONTROL_DEVICE,CHP_ROAD_TYPE,PEDESTRIAN_ACCIDENT,BICYCLE_ACCIDENT,MOTORCYCLE_ACCIDENT,TRUCK_ACCIDENT,NOT_PRIVATE_PROPERTY,ALCOHOL_INVOLVED,STWD_VEHTYPE_AT_FAULT,CHP_VEHTYPE_AT_FAULT,COUNT_SEVERE_INJ,COUNT_VISIBLE_INJ,COUNT_COMPLAINT_PAIN,COUNT_PED_KILLED,COUNT_PED_INJURED,COUNT_BICYCLIST_KILLED,COUNT_BICYCLIST_INJURED,COUNT_MC_KILLED,COUNT_MC_INJURED,PRIMARY_RAMP,SECONDARY_RAMP,LATITUDE,LONGITUDE,COUNTY,CITY,POINT_X,POINT_Y
82243451,2023,2023-11-23,2706,2023-11-12,"748 ",661,MONTE,7,5,4,2706,0,0,0,,0,003,"DEL MONTE AVE","CASA VERDE WAY",0.00,,Y,A,-,N,,,,,,,,,,N,3,0,1,2,A,-,10,21950,A,N,G,B,B,A,H,-,A,A,0,Y,,,,Y,,A,01,0,1,0,0,1,0,0,0,0,"- ","- ",,,MONTEREY,MONTEREY,-121.86660003662109,36.602081298828125
82244007,2023,2023-11-27,2708,2023-10-13,1133,58125,,5,5,6,2708,0,0,0,,0,008,"WEST SAN LUIS ST","SALINAS ST",0.00,,Y,A,-,N,,,,,,,,,,Y,4,0,2,2,A,-,09,21801,A,N,D,C,A,A,H,-,A,A,0,,,,,Y,,A,07,0,0,2,0,0,0,0,0,0,"- ","- ",,,MONTEREY,SALINAS,-121.65566253662109,36.67181396484375
82244009,2023,2023-11-27,2708,2023-10-13,1835,58125,,5,5,6,2708,0,0,0,,0,007,"WEST MARKET ST","CLARK ST",305.00,W,N,A,-,Y,,,,,,,,,,Y,3,0,2,2,A,-,08,22107,,N,A,C,A,A,H,-,B,D,0,,,,,Y,,D,22,0,1,1,0,0,0,0,0,0,"- ","- ",,,MONTEREY,SALINAS,-121.67179107666016,36.683685302734375
82244010,2023,2023-11-27,2708,2023-10-13,2051,58125,,5,5,6,2708,0,0,0,,0,009,"EAST BLANCO RD","PAJARO ST",750.00,E,N,A,-,N,,,,,,,,,,N,3,0,1,2,A,-,11,21954,A,N,G,B,E,A,H,-,D,D,0,Y,,,,Y,,N,60,0,1,0,0,1,0,0,0,0,"- ","- ",,,MONTEREY,SALINAS,-121.65528106689453,36.654544830322266
82244011,2023,2023-11-27,2708,2023-10-15,1621,50995,,7,5,6,2708,0,0,0,,0,005,"NORTH MAIN ST","IRIS DR",512.00,N,N,A,-,N,,,,,,,,,,N,4,0,1,2,A,-,09,21804,A,M,D,G,A,A,H,-,A,D,0,,Y,,,Y,,A,07,0,0,1,0,0,0,1,0,0,"- ","- ",,,MONTEREY,SALINAS,-121.65213012695312,36.694572448730469
82244013,2023,2023-11-27,2708,2023-10-16,1917,58125,,1,5,6,2708,0,0,0,,0,008,"WEST MARKET ST","NORTH MAIN ST",86.00,W,N,A,-,Y,,,,,,,,,,Y,4,0,1,1,A,-,08,22107,,N,E,I,A,A,H,-,C,D,0,,,,,Y,,A,01,0,0,1,0,0,0,0,0,0,"- ","- ",,,MONTEREY,SALINAS,-121.65620422363281,36.677707672119141
82244763,2023,2023-11-27,2706,2023-11-24,1544,530,,5,5,4,2706,0,0,0,,0,,"DRAKE AVE","RECREATION TRAIL",0.00,,Y,A,F,N,,,,,,,,,,N,4,0,1,2,A,-,09,21800,A,N,D,G,A,A,H,-,A,A,0,,Y,,,Y,,L,04,0,0,1,0,0,0,1,0,0,"- ","- ",,,MONTEREY,MONTEREY,-121.898515,36.612248000000001
82246008,2023,2023-11-28,2708,2023-10-07,1944,58125,,6,5,6,2708,0,0,0,,0,001,"NORTH MAIN ST","MADRID ST",0.00,,Y,A,-,N,,,,,,,,,,N,3,0,1,2,A,-,10,21950,A,F,G,B,B,A,H,-,A,A,0,Y,,,,Y,,A,01,0,1,0,0,1,0,0,0,0,"- ","- ",,,MONTEREY,SALINAS,-121.65469360351562,36.713268280029297
82246009,2023,2023-11-28,2708,2023-10-10,1059,77537,,2,5,6,2708,0,0,0,,0,,"SOUTH MAIN ST","EAST BLANCO RD",10.00,W,N,-,-,Y,,,,,,,,,,N,4,0,1,2,A,-,09,21800,A,N,D,C,A,A,H,-,A,A,0,,,,,Y,,D,22,0,0,1,0,0,0,0,0,0,"- ","- ",,,MONTEREY,SALINAS,-121.66027069091797,36.655673980712891
82246010,2023,2023-11-28,2708,2023-10-12,"922 ",75362,,4,5,6,2708,0,0,0,,0,005,"EAST LAUREL DR","RAMONA AVE",0.00,,Y,A,-,N,,,,,,,,,,Y,4,0,1,2,A,-,09,21802,A,N,D,C,A,A,H,-,A,D,0,,,,,Y,,A,01,0,0,1,0,0,0,0,0,0,"- ","- ",,,MONTEREY,SALINAS,-121.63951110839844,36.696601867675781
82246133,2023,2023-11-28,2706,2023-10-27,"746 ",181,,5,5,4,2706,0,0,0,,0,001,"WAVE ST","DAVID AVE",0.00,,Y,A,-,N,,,,,,,,,,N,3,0,1,2,A,-,17,21200,A,N,D,G,A,A,H,-,A,A,0,,Y,,,Y,,L,04,0,1,0,0,0,0,1,0,0,"- ","- ",36.617679595947266,-121.90258026123047,MONTEREY,MONTEREY,-121.90277862548828,36.61761474609375
82247283,2023,2023-12-20,2708,2023-11-11,1846,98751,SALIN,6,5,6,2708,0,0,0,,0,003,"NATIVIDAD RD","EAST BORONDA RD",916.00,N,N,A,-,N,,,,,,,,,,Y,3,0,2,2,A,-,01,23152,A,N,A,C,A,A,H,-,A,D,0,,,,,Y,Y,A,01,0,1,1,0,0,0,0,0,0,"- ","- ",,,MONTEREY,SALINAS,-121.6236572265625,36.715549468994141
82247284,2023,2023-11-29,2708,2023-11-13,1742,98751,SALIN,1,5,6,2708,0,0,0,,0,003,"NATIVIDAD RD","EAST BORONDA RD",599.00,N,N,A,-,N,,,,,,,,,,Y,4,0,1,3,A,-,01,23152,A,N,C,C,A,A,H,-,C,D,0,,,,,Y,Y,A,01,0,0,1,0,0,0,0,0,0,"- ","- ",,,MONTEREY,SALINAS,-121.6236572265625,36.715549468994141
82250376,2023,2023-12-04,2708,2023-10-16,"731 ",58125,,1,5,6,2708,0,0,0,,0,008,"EAST MARKET ST","SHERWOOD DR",0.00,,Y,A,-,N,,,,,,,,,,N,3,0,1,2,A,-,05,21202,A,N,D,G,A,A,H,-,A,A,0,,Y,,,Y,,L,04,0,1,0,0,0,0,1,0,0,"- ","- ",,,MONTEREY,SALINAS,-121.6500244140625,36.678348541259766
82250381,2023,2023-12-04,2708,2023-10-17,1607,58964,,2,5,6,2708,0,0,0,,0,010,"KINGS ST","EAST MARKET ST",204.00,S,N,A,-,N,,,,,,,,,,Y,3,0,1,3,A,-,09,21804,A,N,D,C,A,A,H,-,A,D,0,,,,,Y,,A,01,0,1,0,0,0,0,0,0,0,"- ","- ",,,MONTEREY,SALINAS,-121.63912200927734,36.676723480224609
82250388,2023,2023-12-04,2708,2023-10-23,1345,232,,1,5,6,2708,0,0,0,,0,012,"EAST MARKET ST","WILLIAMS RD",0.00,,Y,-,-,N,,,,,,,,,,N,4,0,1,2,A,-,09,21453,C,N,D,C,A,A,H,-,A,A,0,,,,,Y,,A,01,0,0,1,0,0,0,0,0,0,"- ","- ",,,MONTEREY,SALINAS,-121.61505889892578,36.675079345703125
82250394,2023,2023-12-04,2708,2023-10-28,1634,80368,SALIN,6,5,6,2708,0,0,0,,0,012,"E ALISAL ST","TOWT ST",0.00,,Y,A,-,N,,,,,,,,,,Y,4,0,2,2,A,-,12,21453,A,N,D,C,A,A,H,-,A,A,0,,,,,Y,,A,01,0,0,2,0,0,0,0,0,0,"- ","- ",,,MONTEREY,SALINAS,-121.62322998046875,36.672462463378906
82250403,2023,2023-12-04,2708,2023-11-08,"812 ",07903,EAST,3,5,6,2708,0,0,0,,0,011,"BUCKHORN DR","BISON WY",0.00,,Y,A,-,N,,,,,,,,,,Y,3,0,6,2,A,-,09,21802,A,N,A,C,A,A,H,-,A,A,0,,,,,Y,,A,07,0,1,5,0,0,0,0,0,0,"- ","- ",,,MONTEREY,SALINAS,-121.59706878662109,36.691551208496094
82250405,2023,2023-12-04,2708,2023-11-08,1548,47735,,3,5,6,2708,0,0,0,,0,008,"FRONT ST","E ALISAL ST",120.00,S,N,A,-,N,,,,,,,,,,N,4,0,1,2,A,-,11,21954,A,N,D,G,A,A,H,-,A,D,0,,Y,,,Y,,L,04,0,0,1,0,0,0,1,0,0,"- ","- ",,,MONTEREY,SALINAS,-121.64908599853516,36.67431640625
82250407,2023,2023-12-04,2708,2023-11-09,1440,31977,,4,5,6,2708,0,0,0,,0,007,"BLANCO RD","PADRE DRIVE",0.00,,Y,A,-,N,,,,,,,,,,N,4,0,1,2,A,-,04,21703,,N,C,C,A,A,H,-,A,D,0,,,,,Y,,A,01,0,0,1,0,0,0,0,0,0,"- ","- ",,,MONTEREY,SALINAS,-121.6622314453125,36.65643310546875
82250408,2023,2023-12-04,2708,2023-11-15,"850 ",146,,3,5,6,2708,0,0,0,,0,007,"WEST BLANCO RD","LUTHER WY",0.00,,Y,A,-,N,,,,,,,,,,Y,3,0,2,2,A,-,09,21802,A,N,D,C,A,A,H,-,A,D,0,,,,,Y,,A,01,0,1,1,0,0,0,0,0,0,"- ","- ",,,MONTEREY,SALINAS,-121.67321014404297,36.662246704101562
82250409,2023,2023-12-04,2708,2023-11-16,1659,74125,,4,5,6,2708,0,0,0,,0,007,"W ALISAL ST","CAPITOL ST",0.00,,Y,A,-,N,,,,,,,,,,Y,4,0,1,2,A,-,09,21802,A,N,D,C,A,A,H,-,A,A,0,,,,,Y,,A,01,0,0,1,0,0,0,0,0,0,"- ","- ",,,MONTEREY,SALINAS,-121.66007995605469,36.673110961914062
82250587,2023,2023-12-04,2706,2023-11-03,2230,309,MONTE,5,5,4,2706,0,0,0,,0,001,"DAVID AVE","PARCEL ST",99.00,W,N,A,-,N,,,,,,,,,,N,3,0,1,2,A,-,11,21954,A,F,G,B,E,A,H,-,D,D,0,Y,,,,Y,,N,60,0,1,0,0,1,0,0,0,0,"- ","- ",,,MONTEREY,MONTEREY,-121.91588592529297,36.611404418945312
82250588,2023,2023-12-04,2706,2023-11-20,"923 ",661,MONTE,1,5,4,2706,0,0,0,,0,002,"MUNRAS AVE","WEBSTER ST",0.00,,Y,A,-,N,,,,,,,,,,N,3,0,1,2,A,-,10,21950,A,N,G,B,B,A,H,-,A,A,0,Y,,,,Y,,A,01,0,1,0,0,1,0,0,0,0,"- ","- ",,,MONTEREY,MONTEREY,-121.89370727539062,36.596366882324219
82251160,2023,2023-12-04,2706,2023-11-07,1724,209,MONTE,2,5,4,2706,0,0,0,,0,003,"HWY 68","YORK RD",451.00,W,N,A,-,Y,,,,,,,,,,Y,4,0,1,2,A,-,04,21703,,N,C,C,A,A,H,-,C,A,0,,,,,Y,,A,01,0,0,1,0,0,0,0,0,0,"- ","- ",36.571079254150391,-121.80869293212891,MONTEREY,MONTEREY,-121.80859375,36.571563720703125
82252492,2023,2023-12-05,2708,2023-10-18,"800 ",31977,,3,5,6,2708,0,0,0,,0,007,"WEST MARKET ST","CLARK ST",0.00,,Y,A,-,N,,,,,,,,,,Y,4,0,1,2,A,-,09,21801,A,N,D,C,A,A,H,-,A,D,0,,,,,Y,,A,01,0,0,1,0,0,0,0,0,0,"- ","- ",,,MONTEREY,SALINAS,-121.67086029052734,36.683307647705078
82252493,2023,2023-12-05,2708,2023-10-26,1539,232,,4,5,6,2708,0,0,0,,0,,"LAS CASITAS DR","PINO WY",0.00,,Y,A,-,N,,,,,,,,,,Y,4,0,1,2,A,-,03,22350,,N,C,C,A,A,H,-,A,D,0,,,,,Y,,A,01,0,0,1,0,0,0,0,0,0,"- ","- ",,,MONTEREY,SALINAS,-121.614013671875,36.693916320800781
82252495,2023,2023-12-05,2708,2023-11-01,1514,99504,,3,5,6,2708,0,0,0,,0,002,"HARDEN PKWY","MONTCLAIR LN",34.00,E,N,A,-,N,,,,,,,,,,N,4,0,1,1,A,-,03,22350,,N,E,I,A,A,H,-,A,D,0,,,,,Y,,A,01,0,0,1,0,0,0,0,0,0,"- ","- ",,,MONTEREY,SALINAS,-121.64675903320312,36.712615966796875
82252496,2023,2023-12-05,2708,2023-11-08,1137,234,,3,5,6,2708,0,0,0,,0,007,"W ALISAL ST","HOMESTEAD AVE",0.00,,Y,A,-,N,,,,,,,,,,Y,4,0,2,2,A,-,09,21801,A,N,A,C,A,A,H,-,A,A,0,,,,,Y,,A,07,0,0,2,0,0,0,0,0,0,"- ","- ",,,MONTEREY,SALINAS,-121.66438293457031,36.672515869140625
82252497,2023,2023-12-05,2708,2023-11-09,1150,234,,4,5,6,2708,0,0,0,,0,001,"RUSSELL RD","VAN BUREN AVE",950.00,W,N,A,-,N,,,,,,,,,,Y,4,0,1,2,A,-,09,21801,A,N,D,C,A,A,H,-,A,D,0,,,,,Y,,A,01,0,0,1,0,0,0,0,0,0,"- ","- ",,,MONTEREY,SALINAS,-121.65110778808594,36.732994079589844
82252498,2023,2023-12-05,2708,2023-11-09,2329,75370,,4,5,6,2708,0,0,0,,0,003,"NATIVIDAD RD","EAST BORONDA RD",1584.00,N,N,A,-,N,,,,,,,,,,Y,3,0,2,2,A,-,05,21650,,N,A,C,A,A,H,-,D,D,0,,,,,Y,,A,07,0,1,1,0,0,0,0,0,0,"- ","- ",,,MONTEREY,SALINAS,-121.6236572265625,36.715549468994141
82253549,2023,2023-12-06,2708,2023-09-16,1600,30349,,6,5,6,2708,0,0,0,,0,012,"WILLIAMS RD","JOHN ST",0.00,,Y,A,-,N,,,,,,,,,,Y,4,0,2,2,A,-,09,21801,A,N,A,C,A,A,H,-,A,A,0,,,,,Y,,A,01,0,0,2,0,0,0,0,0,0,"- ","- ",,,MONTEREY,SALINAS,-121.61989593505859,36.672157287597656
82253550,2023,2023-12-06,2708,2023-11-10,1651,19003,,5,5,6,2708,0,0,0,,0,009,"SOUTH MAIN ST","EAST BLANCO RD",150.00,N,N,A,-,N,,,,,,,,,,N,4,0,1,2,A,-,08,22107,,N,B,C,A,A,H,-,A,D,0,,,,,Y,,A,01,0,0,1,0,0,0,0,0,0,"- ","- ",,,MONTEREY,SALINAS,-121.66005706787109,36.656074523925781
82253551,2023,2023-12-06,2708,2023-11-17,1017,91,,5,5,6,2708,0,0,0,,0,002,"NORTH MAIN ST","HARDEN PKWY",0.00,,Y,A,-,N,,,,,,,,,,Y,4,0,1,2,A,-,01,23152,A,N,D,C,A,A,H,-,A,A,0,,,,Y,Y,Y,A,01,0,0,1,0,0,0,0,0,0,"- ","- ",,,MONTEREY,SALINAS,-121.65453338623047,36.713287353515625
82253552,2023,2023-12-06,2708,2023-11-17,2226,231,,5,5,6,2708,0,0,0,,0,008,"E ALISAL ST","GRIFFIN ST",0.00,,Y,A,-,N,,,,,,,,,,Y,3,0,2,2,A,-,09,21801,A,N,D,C,A,A,H,-,C,A,0,,,,,Y,Y,I,11,0,1,1,0,0,0,0,0,0,"- ","- ",,,MONTEREY,SALINAS,-121.64124298095703,36.674289703369141
82256904,2023,2023-12-08,2706,2023-12-04,1258,007,MONTE,1,5,4,2706,0,0,0,,0,003,"DEL MONTE AVE","DELA VINA AVE",31.00,E,N,A,-,N,,,,,,,,,,Y,4,0,1,2,A,-,09,21801,A,N,D,C,A,A,H,-,A,D,0,,,,,Y,,A,01,0,0,1,0,0,0,0,0,0,"- ","- ",,,MONTEREY,MONTEREY,-121.86570739746094,36.602481842041016
82259343,2023,2023-12-12,2708,2023-11-21,2118,15945,,2,5,6,2708,0,0,0,,0,,"WEST MARKET ST","LINCOLN AVE",150.00,E,N,A,-,Y,,,,,,,,,,N,2,0,1,2,A,-,11,21954,A,F,G,B,D,A,H,-,C,A,0,Y,,,,Y,,N,60,1,0,0,0,1,0,0,0,0,"- ","- ",,,MONTEREY,SALINAS,-121.65703582763672,36.678009033203125
82259344,2023,2023-12-12,2708,2023-11-26,1438,34273,,7,5,6,2708,0,0,0,,0,006,"CASENTINI ST","NORTH MAIN ST",0.00,,Y,A,-,N,,,,,,,,,,N,4,0,2,3,A,-,10,21950,A,N,G,B,B,A,H,-,A,A,0,Y,,,,Y,,A,07,0,0,2,0,2,0,0,0,0,"- ","- ",,,MONTEREY,SALINAS,-121.65283203125,36.684288024902344
82260470,2023,2023-12-13,2708,2023-10-11,1744,13133,,3,5,6,2708,0,0,0,,0,001,"NORTH MAIN ST","E BOLIVAR ST",400.00,N,N,A,-,N,,,,,,,,,,N,4,0,1,2,A,-,08,22107,,N,D,C,A,A,H,-,A,D,0,,,Y,,Y,,C,06,0,0,1,0,0,0,0,0,0,"- ","- ",,,MONTEREY,SALINAS,-121.65634155273438,36.726150512695312
82260471,2023,2023-12-13,2708,2023-10-21,2054,235,SALIN,6,5,6,2708,0,0,0,,0,004,"COVENTRY ST","DANBURY ST",0.00,,Y,A,-,N,,,,,,,,,,Y,3,0,1,2,A,-,12,22450,A,N,D,C,A,A,H,-,C,A,0,,,,,Y,,A,42,0,1,0,0,0,0,0,0,0,"- ","- ",,,MONTEREY,SALINAS,-121.61894989013672,36.712474822998047
82260472,2023,2023-12-13,2708,2023-11-06,2019,47735,,1,5,6,2708,0,0,0,,0,008,"E ALISAL ST","WORK ST",27.00,W,N,A,-,N,,,,,,,,,,Y,3,0,1,3,A,-,04,21703,,N,C,C,A,B,H,-,C,A,0,,,,,Y,Y,A,01,0,1,0,0,0,0,0,0,0,"- ","- ",,,MONTEREY,SALINAS,-121.64352416992188,36.674488067626953
82260473,2023,2023-12-15,2708,2023-11-16,2117,235,SALIN,4,5,6,2708,0,0,0,,0,008,"SALINAS ST","WEST SAN LUIS ST",0.00,,Y,A,-,N,,,,,,,,,,Y,4,0,1,2,A,-,12,21453,A,N,D,C,A,A,H,-,C,A,0,,,,,Y,,A,01,0,0,1,0,0,0,0,0,0,"- ","- ",,,MONTEREY,SALINAS,-121.65566253662109,36.67181396484375
82260474,2023,2023-12-13,2708,2023-11-17,1900,58125,,5,5,6,2708,0,0,0,,0,012,"E ALISAL ST","NORTH SANBORN RD",185.00,E,N,B,-,N,,,,,,,,,,N,3,0,1,2,A,-,10,21952,,F,G,B,F,A,H,-,C,D,0,Y,,,,Y,,A,01,0,1,0,0,1,0,0,0,0,"- ","- ",,,MONTEREY,SALINAS,-121.62681579589844,36.672847747802734
82260684,2023,2023-12-13,2706,2023-12-10,1629,007,MONTE,7,5,4,2706,0,0,0,,0,002,"FREMONT ST","CAMINO AGUAJITO",0.00,,Y,A,-,N,,,,,,,,,,Y,3,0,2,2,D,-,00,,,N,D,C,A,A,H,-,B,A,0,,,,,Y,,-,"- ",0,1,1,0,0,0,0,0,0,"- ","- ",36.593818664550781,-121.88272857666016,MONTEREY,MONTEREY,-121.88249969482422,36.593757629394531
82261602,2023,2023-12-14,2708,2023-08-15,1809,30424,,2,5,6,2708,0,0,0,,0,005,"LINWOOD DR","PIKE WY",46.00,S,N,A,-,N,,,,,,,,,,N,4,0,1,2,A,-,03,22350,,N,C,C,A,A,H,-,A,D,0,,,,,Y,,A,08,0,0,1,0,0,0,0,0,0,"- ","- ",,,MONTEREY,SALINAS,-121.64138793945312,36.704185485839844
82261603,2023,2023-12-14,2708,2023-09-05,1732,30424,,2,5,6,2708,0,0,0,,0,003,"EAST ALVIN DR","MODOC AVE",132.00,W,N,A,-,N,,,,,,,,,,N,4,0,1,3,A,-,03,22350,,N,C,C,A,A,H,-,B,A,0,,,,,Y,,A,07,0,0,1,0,0,0,0,0,0,"- ","- ",,,MONTEREY,SALINAS,-121.63639068603516,36.7049560546875
82261604,2023,2023-12-14,2708,2023-09-23,2051,30424,,6,5,6,2708,0,0,0,,0,002,"NORTH MAIN ST","ROCHEX AVE",124.00,S,N,A,-,N,,,,,,,,,,Y,4,0,1,2,A,-,07,21658,A,F,B,C,A,A,H,-,C,D,0,,,,,Y,Y,A,01,0,0,1,0,0,0,0,0,0,"- ","- ",,,MONTEREY,SALINAS,-121.65218353271484,36.700202941894531
82261605,2023,2023-12-15,2708,2023-11-02,1730,08775,,4,5,6,2708,0,0,0,,0,009,"SOUTH MAIN ST","CHESTNUT ST",0.00,,Y,A,-,N,,,,,,,,,,N,4,0,1,2,A,-,10,21950,A,F,G,B,B,A,H,-,A,A,0,Y,,,,Y,,A,07,0,0,1,0,1,0,0,0,0,"- ","- ",,,MONTEREY,SALINAS,-121.65592956542969,36.667655944824219
82261606,2023,2023-12-15,2708,2023-11-15,1035,77537,,3,5,6,2708,0,0,0,,0,008,"NORTH MAIN ST","CASENTINI ST",150.00,N,N,A,-,Y,,,,,,,,,,N,4,0,1,2,A,-,09,21804,A,N,C,C,A,A,H,-,A,B,0,,,,,Y,,A,01,0,0,1,0,0,0,0,0,0,"- ","- ",,,MONTEREY,SALINAS,-121.65275573730469,36.684696197509766
82262671,2023,2023-12-15,2708,2023-10-10,1611,13133,SALIN,2,5,6,2708,0,0,0,,0,005,"NATIVIDAD RD","CHAPARRAL ST",0.00,,Y,A,-,N,,,,,,,,,,N,4,0,1,2,A,-,12,21453,A,N,C,G,A,A,H,-,A,A,0,,Y,,,Y,,L,04,0,0,1,0,0,0,1,0,0,"- ","- ",,,MONTEREY,SALINAS,-121.634521484375,36.700126647949219
82262673,2023,2023-12-15,2708,2023-10-21,2025,92575,,6,5,6,2708,0,0,0,,0,010,"EAST MARKET ST","CARR AVE",141.00,W,N,A,-,N,,,,,,,,,,N,4,0,1,2,A,-,03,22350,,F,C,C,A,A,H,-,C,D,0,,,,,Y,Y,A,01,0,0,1,0,0,0,0,0,0,"- ","- ",,,MONTEREY,SALINAS,-121.63596343994141,36.676975250244141
82262676,2023,2023-12-15,2708,2023-10-26,"820 ",238,,4,5,6,2708,0,0,0,,0,011,"MONTE BELLA BLVD","WILLIAMS RD",0.00,,Y,B,-,N,,,,,,,,,,N,3,0,1,2,A,-,10,21950,A,N,G,B,B,A,H,-,A,A,0,Y,,,,Y,,D,22,0,1,0,0,1,0,0,0,0,"- ","- ",,,MONTEREY,SALINAS,-121.60047149658203,36.683406829833984
82262681,2023,2023-12-15,2708,2023-11-03,"853 ",238,,5,5,6,2708,0,0,0,,0,005,"WEST LAUREL DR","HIGHWAY 101",0.00,,Y,A,-,N,,,,,,,,,,N,4,0,1,2,A,-,05,21202,A,N,D,G,A,A,H,-,A,A,0,,Y,,,Y,,L,04,0,0,1,0,0,0,1,0,0,"- ","- ",,,MONTEREY,SALINAS,-122.46424865722656,40.618450164794922
82262693,2023,2023-12-15,2708,2023-11-22,1826,98751,SALIN,3,5,6,2708,0,0,0,,0,001,"NORTH MAIN ST","MASSA ST",1000.00,N,N,A,-,N,,,,,,,,,,Y,3,0,1,2,A,-,09,21802,A,N,D,C,A,A,H,-,C,D,0,,,,,Y,Y,A,01,0,1,0,0,0,0,0,0,0,"- ","- ",,,MONTEREY,SALINAS,-121.65630340576172,36.728507995605469
82262835,2023,2023-12-15,2706,2023-12-01,1758,944,MONTE,5,5,4,2706,0,0,0,,0,002,"PACIFIC ST","MADISON ST",197.00,N,N,A,-,N,,,,,,,,,,N,3,0,1,2,A,-,11,21954,A,N,G,B,D,A,H,-,C,D,0,Y,,,,Y,,N,60,0,1,0,0,1,0,0,0,0,"- ","- ",,,MONTEREY,MONTEREY,-121.89690399169922,36.597328186035156
82263752,2023,2023-12-18,2708,2023-11-03,1213,58125,,5,5,6,2708,0,0,0,,0,003,"EAST ALVIN DR","MARIN AVE",0.00,,Y,A,-,N,,,,,,,,,,N,4,0,1,2,A,-,09,21802,A,F,B,C,A,A,H,-,A,A,0,,,,,Y,,A,07,0,0,1,0,0,0,0,0,0,"- ","- ",,,MONTEREY,SALINAS,-121.63280487060547,36.703998565673828
82263753,2023,2023-12-18,2708,2023-11-20,1944,228,,1,5,6,2708,0,0,0,,0,009,"WORK ST","JOHN ST",200.00,S,N,A,-,N,,,,,,,,,,Y,4,0,1,2,A,-,01,23152,A,N,G,B,D,A,H,-,D,D,0,Y,,,,Y,Y,A,01,0,0,1,0,1,0,0,0,0,"- ","- ",,,MONTEREY,SALINAS,-121.64175415039062,36.670375823974609
82263755,2023,2023-12-18,2708,2023-11-28,2055,235,SALIN,2,5,6,2708,0,0,0,,0,008,"E ALISAL ST","GRIFFIN ST",0.00,,Y,A,-,N,,,,,,,,,,Y,4,0,1,2,A,-,12,21453,A,N,D,C,A,A,H,-,C,A,0,,,,,Y,,A,01,0,0,1,0,0,0,0,0,0,"- ","- ",,,MONTEREY,SALINAS,-121.64124298095703,36.674289703369141
82263756,2023,2023-12-18,2708,2023-11-29,"753 ",58125,,3,5,6,2708,0,0,0,,0,007,"PARK ST","RIKER ST",0.00,,Y,A,-,N,,,,,,,,,,N,4,0,2,2,A,-,09,21802,A,N,D,C,A,B,H,-,A,A,0,,,,,Y,,A,01,0,0,2,0,0,0,0,0,0,"- ","- ",,,MONTEREY,SALINAS,-121.66217803955078,36.677799224853516
82263758,2023,2023-12-18,2708,2023-11-30,"951 ",77067,,4,5,6,2708,0,0,0,,0,001,"NORTH MAIN ST","SAN JUAN GRADE RD",118.00,N,N,A,-,N,,,,,,,,,,N,4,0,2,2,A,-,08,22107,,N,C,C,A,A,H,-,A,D,0,,,,,Y,,A,01,0,0,2,0,0,0,0,0,0,"- ","- ",,,MONTEREY,SALINAS,-121.65531921386719,36.717277526855469
82263759,2023,2023-12-18,2708,2023-11-30,1134,91,,4,5,6,2708,0,0,0,,0,003,"HARDEN PKWY","MCKINNON ST",0.00,,Y,A,-,N,,,,,,,,,,Y,4,0,1,2,A,-,12,22450,A,N,D,C,A,A,H,-,A,D,0,,,,,Y,,A,07,0,0,1,0,0,0,0,0,0,"- ","- ",,,MONTEREY,SALINAS,-121.64408111572266,36.712089538574219
82264375,2023,2023-12-20,2706,2023-10-20,2136,618,MONTE,5,5,4,2706,0,0,0,,0,002,"ALVARADO ST","FRANKLIN ST",34.00,S,N,A,-,N,,,,,,,,,,N,4,0,1,2,A,-,03,22350,,F,G,B,F,A,H,-,C,D,0,Y,Y,,,Y,Y,L,04,0,0,1,0,1,0,0,0,0,"- ","- ",,,MONTEREY,MONTEREY,-121.89434814453125,36.599880218505859
82264377,2023,2023-12-25,2706,2023-12-09,1646,635,MONTE,6,5,4,2706,0,0,0,,0,003,"DEL MONTE AVE","ENGLISH AVE",204.00,W,N,A,-,N,,,,,,,,,,Y,4,0,1,3,A,-,09,21804,A,N,B,C,A,A,H,-,D,D,0,,,,,Y,,A,01,0,0,1,0,0,0,0,0,0,"- ","- ",36.604778289794922,-121.8607177734375,MONTEREY,MONTEREY,-121.86129760742188,36.604507446289062
82267824,2023,2023-12-21,2708,2023-11-23,"116 ",74137,,4,5,6,2708,0,0,0,,0,,"SAN JUAN GRADE RD","NORTHRIDGE WY",332.00,N,N,A,-,N,,,,,,,,,,N,4,0,1,1,A,-,01,23152,A,N,E,I,A,A,H,-,C,D,0,,,,,Y,Y,A,01,0,0,1,0,0,0,0,0,0,"- ","- ",,,MONTEREY,SALINAS,-121.64879608154297,36.721645355224609