CASE_ID,ACCIDENT_YEAR,PROC_DATE,JURIS,COLLISION_DATE,COLLISION_TIME,OFFICER_ID,REPORTING_DISTRICT,DAY_OF_WEEK,CHP_SHIFT,POPULATION,CNTY_CITY_LOC,SPECIAL_COND,BEAT_TYPE,CHP_BEAT_TYPE,CITY_DIVISION_LAPD,CHP_BEAT_CLASS,BEAT_NUMBER,PRIMARY_RD,SECONDARY_RD,DISTANCE,DIRECTION,INTERSECTION,WEATHER_1,WEATHER_2,STATE_HWY_IND,CALTRANS_COUNTY,CALTRANS_DISTRICT,STATE_ROUTE,ROUTE_SUFFIX,POSTMILE_PREFIX,POSTMILE,LOCATION_TYPE,RAMP_INTERSECTION,SIDE_OF_HWY,TOW_AWAY,COLLISION_SEVERITY,NUMBER_KILLED,NUMBER_INJURED,PARTY_COUNT,PRIMARY_COLL_FACTOR,PCF_CODE_OF_VIOL,PCF_VIOL_CATEGORY,PCF_VIOLATION,PCF_VIOL_SUBSECTION,HIT_AND_RUN,TYPE_OF_COLLISION,MVIW,PED_ACTION,ROAD_SURFACE,ROAD_COND_1,ROAD_COND_2,LIGHTING,CONTROL_DEVICE,CHP_ROAD_TYPE,PEDESTRIAN_ACCIDENT,BICYCLE_ACCIDENT,MOTORCYCLE_ACCIDENT,TRUCK_ACCIDENT,NOT_PRIVATE_PROPERTY,ALCOHOL_INVOLVED,STWD_VEHTYPE_AT_FAULT,CHP_VEHTYPE_AT_FAULT,COUNT_SEVERE_INJ,COUNT_VISIBLE_INJ,COUNT_COMPLAINT_PAIN,COUNT_PED_KILLED,COUNT_PED_INJURED,COUNT_BICYCLIST_KILLED,COUNT_BICYCLIST_INJURED,COUNT_MC_KILLED,COUNT_MC_INJURED,PRIMARY_RAMP,SECONDARY_RAMP,LATITUDE,LONGITUDE,COUNTY,CITY,POINT_X,POINT_Y
84437935,2024,2024-10-21,2708,2024-07-22,1228,77020,,1,5,6,2708,0,0,0,,0,005,"NORTH MAIN ST","EAST ALVIN DR",0.00,,Y,A,-,N,,,,,,,,,,Y,4,0,4,3,A,-,03,22350,,N,D,C,A,A,H,-,A,A,0,,,,,Y,,D,22,0,0,4,0,0,0,0,0,0,"- ","- ",,,MONTEREY,SALINAS,-121.65346527099609,36.707904815673828
84439767,2024,2024-10-22,2706,2024-10-19,1215,395,,6,5,4,2706,0,0,0,,0,002,"PACIFIC ST","MADISON ST",100.00,N,N,A,-,N,,,,,,,,,,Y,3,0,1,2,A,-,07,21658,A,N,C,E,A,A,H,-,A,D,0,,,,,Y,,A,01,0,1,0,0,0,0,0,0,0,"- ","- ",36.5968017578125,-121.89726257324219,MONTEREY,MONTEREY,-121.89700317382812,36.597072601318359
84441361,2024,2024-10-23,2708,2024-09-28,1400,30349,,6,5,6,2708,0,0,0,,0,008,"EAST MARKET ST","MERCED ST",0.00,,Y,A,-,N,,,,,,,,,,Y,4,0,1,2,A,-,09,21802,A,N,D,C,A,A,H,-,A,A,0,,,,,Y,,A,01,0,0,1,0,0,0,0,0,0,"- ","- ",,,MONTEREY,SALINAS,-121.64231872558594,36.678115844726562
84441362,2024,2024-10-23,2708,2024-10-02,1410,53260,,3,5,6,2708,0,0,0,,0,008,"E ALISAL ST","MONTEREY ST",56.00,W,N,A,-,N,,,,,,,,,,Y,3,0,1,3,A,-,08,22107,,M,B,C,A,A,H,-,A,A,0,,,,,Y,,A,01,0,1,0,0,0,0,0,0,0,"- ","- ",,,MONTEREY,SALINAS,-121.65387725830078,36.673934936523438
84443224,2024,2024-10-24,2708,2024-09-27,"905 ",53260,,5,5,6,2708,0,0,0,,0,007,"W ALISAL ST","AMHERST DR",0.00,,Y,A,-,N,,,,,,,,,,Y,4,0,1,2,A,-,09,21801,A,N,D,C,A,A,H,-,A,D,0,,,,,Y,,A,01,0,0,1,0,0,0,0,0,0,"- ","- ",,,MONTEREY,SALINAS,-121.66883087158203,36.671932220458984
84443226,2024,2024-10-24,2708,2024-10-05,1133,59989,,6,5,6,2708,0,0,0,,0,011,"RIDER AVE","BERMUDA WY",13.00,S,N,A,-,N,,,,,,,,,,Y,4,0,2,2,A,-,09,21804,A,N,B,C,A,A,H,-,A,D,0,,,,,Y,,A,01,0,0,2,0,0,0,0,0,0,"- ","- ",,,MONTEREY,SALINAS,-121.61105346679688,36.693199157714844
84443227,2024,2024-10-24,2708,2024-10-08,"753 ",76998,,2,5,6,2708,0,0,0,,0,004,"INDEPENDENCE BLVD","LEXINGTON DR",0.00,,Y,A,-,N,,,,,,,,,,Y,4,0,1,2,A,-,09,21802,A,N,D,C,A,A,H,-,A,A,0,,,,,Y,,B,01,0,0,1,0,0,0,0,0,0,"- ","- ",,,MONTEREY,SALINAS,-121.62104797363281,36.704151153564453
8444331,2017,2017-09-22,2708,2017-07-04,2138,34273,SALIN,2,5,6,2708,0,0,0,,0,008,"W ALISAL ST","LINCOLN AV",0.00,,Y,A,-,N,,,,,,,,,,N,2,0,1,2,A,-,10,21950,A,N,G,B,B,A,H,-,C,A,0,Y,,,,Y,,-,,1,0,0,0,1,0,0,0,0,"- ","- ",,,MONTEREY,SALINAS,-121.65684994999999,36.673520089999997
8444335,2017,2017-09-22,2708,2017-07-07,2201,54353,,5,5,6,2708,0,0,0,,0,003,"EAST BORONDA RD","NATIVIDAD RD",479.00,W,N,A,-,N,,,,,,,,,,Y,4,0,2,4,A,-,03,22350,,N,C,C,A,A,H,-,C,D,0,,,,,Y,Y,-,,0,0,2,0,0,0,0,0,0,"- ","- ",,,MONTEREY,SALINAS,-121.62513524000001,36.715739020000001
8444486,2017,2017-09-05,2704,2017-07-12,1705,0633,,3,5,3,2704,0,0,0,,0,002,"PALM AV","8TH ST",0.00,,Y,A,-,N,,,,,,,,,,N,4,0,2,2,A,-,09,21802,A,N,D,C,A,A,H,-,A,A,0,,,,,Y,,A,01,0,0,2,0,0,0,0,0,0,"- ","- ",,,MONTEREY,GREENFIELD,-121.24363993999999,36.322969999999998
84446232,2024,2024-10-28,2708,2024-10-09,1837,245,,3,5,6,2708,0,0,0,,0,010,"E ALISAL ST","KINGS ST",0.00,,Y,A,-,Y,,,,,,,,,,Y,3,0,1,2,A,-,09,21801,A,N,D,C,A,A,H,-,B,A,0,,,Y,,Y,,A,01,0,1,0,0,0,0,0,0,1,"- ","- ",,,MONTEREY,SALINAS,-121.63951873779297,36.674110412597656
84446430,2024,2024-10-28,2708,2024-10-02,2019,53532,,3,5,6,2708,0,0,0,,0,012,"E ALISAL ST","FERN ST",12.00,N,N,A,-,N,,,,,,,,,,Y,4,0,1,2,A,-,03,22350,,N,C,C,A,A,H,-,A,D,0,,,,Y,Y,Y,F,26,0,0,1,0,0,0,0,0,0,"- ","- ",,,MONTEREY,SALINAS,-121.606689453125,36.673084259033203
84446522,2024,2024-10-28,2706,2024-10-19,1920,273,,6,5,4,2706,0,0,0,,0,001,"LIGHTHOUSE AVE","ARTILLERY ST",458.00,N,N,A,-,N,,,,,,,,,,N,3,0,1,1,A,-,08,22107,,F,E,I,A,A,H,-,C,D,0,,,,,Y,,A,01,0,1,0,0,0,0,0,0,0,"- ","- ",,,MONTEREY,MONTEREY,-121.89504241943359,36.604785919189453
84448361,2024,2024-10-29,2708,2024-09-25,"642 ",231,,3,5,6,2708,0,0,0,,0,005,"NORTH MAIN ST","EAST ALVIN DR",0.00,,Y,A,-,N,,,,,,,,,,N,2,0,1,2,A,-,11,21950,B,N,G,B,B,A,H,-,A,A,0,Y,,,,Y,,N,60,1,0,0,0,1,0,0,0,0,"- ","- ",,,MONTEREY,SALINAS,-121.65346527099609,36.707904815673828
84448363,2024,2024-10-29,2708,2024-10-02,"859 ",59989,,3,5,6,2708,0,0,0,,0,006,"SHERWOOD DR","EAST ROSSI ST",605.00,N,N,A,-,N,,,,,,,,,,Y,3,0,2,2,A,-,05,21460,A,N,A,C,A,A,H,-,A,D,0,,,,Y,Y,,A,01,0,1,1,0,0,0,0,0,0,"- ","- ",,,MONTEREY,SALINAS,-121.65027618408203,36.68182373046875
84448364,2024,2024-10-29,2708,2024-10-02,"915 ",58125,,3,5,6,2708,0,0,0,,0,002,"HARDEN PKWY","REGENCY CIR",0.00,,Y,A,-,N,,,,,,,,,,N,4,0,1,2,A,-,09,21802,A,N,D,C,A,A,H,-,A,B,0,,,,,Y,,A,07,0,0,1,0,0,0,0,0,0,"- ","- ",,,MONTEREY,SALINAS,-121.64926147460938,36.713466644287109
84448367,2024,2024-10-29,2708,2024-10-04,1349,59989,,5,5,6,2708,0,0,0,,0,009,"SOUTH MAIN ST","SAN MIGUEL AVE",8.00,S,N,A,-,N,,,,,,,,,,N,2,0,1,2,A,-,10,21950,C,N,G,B,D,A,H,-,A,D,0,Y,,,,Y,Y,A,01,1,0,0,0,1,0,0,0,0,"- ","- ",,,MONTEREY,SALINAS,-121.65876007080078,36.659709930419922
84450017,2024,2024-10-30,2708,2024-09-13,"948 ",59989,,5,5,6,2708,0,0,0,,0,006,"NORTH DAVIS RD","LARKIN ST",143.00,S,N,A,-,N,,,,,,,,,,N,4,0,1,2,A,-,21,22106,,N,C,C,A,A,H,-,A,A,0,,,,,Y,,D,22,0,0,1,0,0,0,0,0,0,"- ","- ",,,MONTEREY,SALINAS,-121.66851043701172,36.693359375
84450018,2024,2024-10-30,2708,2024-09-15,1302,56105,,7,5,6,2708,0,0,0,,0,011,"MOFFETT ST","LA GUARDIA ST",528.00,S,N,A,-,N,,,,,,,,,,Y,3,0,1,2,A,-,08,22107,,N,C,E,A,A,H,-,A,D,0,,,,,Y,,A,01,0,1,0,0,0,0,0,0,0,"- ","- ",36.660449981689453,-121.61522674560547,MONTEREY,SALINAS,-121.60916137695312,36.659873962402344
84450019,2024,2024-10-30,2708,2024-09-16,"807 ",30510,,1,5,6,2708,0,0,0,,0,011,"RIDER AVE","DEL MONTE AVE",0.00,,Y,B,C,N,,,,,,,,,,N,3,0,1,2,A,-,12,22450,A,N,D,G,A,B,H,-,A,A,0,,Y,,,Y,,A,07,0,1,0,0,0,0,1,0,0,"- ","- ",,,MONTEREY,SALINAS,-121.61351776123047,36.691802978515625
84450020,2024,2024-10-30,2708,2024-10-05,1102,77020,,6,5,6,2708,0,0,0,,0,001,"BORONDA RD","NORTH MAIN ST",0.00,,Y,A,-,N,,,,,,,,,,N,4,0,1,2,A,-,09,21800,A,N,D,C,A,A,H,-,A,B,0,,,,,Y,,A,01,0,0,1,0,0,0,0,0,0,"- ","- ",,,MONTEREY,SALINAS,-121.65623474121094,36.72161865234375
84450021,2024,2024-10-30,2708,2024-10-14,1427,77020,,1,5,6,2708,0,0,0,,0,002,"ADAMS ST","WEST LAUREL DR",242.00,N,N,A,-,N,,,,,,,,,,N,4,0,1,2,A,-,03,22350,,N,C,C,A,A,H,-,A,D,0,,,,,Y,,A,07,0,0,1,0,0,0,0,0,0,"- ","- ",,,MONTEREY,SALINAS,-121.66260528564453,36.698665618896484
84450022,2024,2024-10-30,2708,2024-10-13,1803,232,,7,5,6,2708,0,0,0,,0,011,"NORTH SANBORN RD","ELKINGTON AVE",137.00,S,N,F,-,N,,,,,,,,,,N,3,0,1,2,A,-,08,22107,,N,D,C,A,A,H,-,A,D,0,,,,,Y,,A,01,0,1,0,0,0,0,0,0,0,"- ","- ",,,MONTEREY,SALINAS,-121.60698699951172,36.690937042236328
84451819,2024,2024-10-31,2708,2024-09-03,1637,129,,2,5,6,2708,0,0,0,,0,009,"SOUTH MAIN ST","E SAN JOAQUIN ST",289.00,S,N,A,-,N,,,,,,,,,,N,3,0,2,2,A,-,03,22350,,N,C,C,A,A,H,-,A,A,0,,,,,Y,,A,01,0,1,1,0,0,0,0,0,0,"- ","- ",,,MONTEREY,SALINAS,-121.65927886962891,36.658107757568359
84451821,2024,2024-10-31,2708,2024-10-16,1047,07904,,3,5,6,2708,0,0,0,,0,010,"NORTH SANBORN RD","EAST LAUREL DR",6.00,S,N,A,-,N,,,,,,,,,,Y,4,0,1,2,A,-,09,21800,A,N,C,C,A,A,H,-,A,A,0,,,,,Y,,A,01,0,0,1,0,0,0,0,0,0,"- ","- ",,,MONTEREY,SALINAS,-121.62089538574219,36.682929992675781
84453262,2024,2024-11-01,2708,2024-10-17,1219,37663,,4,5,6,2708,0,0,0,,0,003,"BORONDA RD","EL DORADO DR",65.00,E,N,A,-,N,,,,,,,,,,Y,4,0,2,2,A,-,03,22350,,N,C,C,A,A,H,-,A,A,0,,,,,Y,,A,07,0,0,2,0,0,0,0,0,0,"- ","- ",,,MONTEREY,SALINAS,-121.63313293457031,36.715892791748047
84455655,2024,2024-11-04,2706,2024-10-07,2235,723,,1,5,4,2706,0,0,0,,0,002,"PEARL ST","FIGUEROA ST",10.00,W,N,A,-,N,,,,,,,,,,N,3,0,1,1,A,-,08,22107,,N,A,I,A,A,H,-,C,A,0,,Y,,,Y,,L,04,0,1,0,0,0,0,1,0,0,"- ","- ",36.597988128662109,-121.89057922363281,MONTEREY,MONTEREY,-121.89046478271484,36.598014831542969
8446220,2017,2017-09-18,2708,2017-05-14,1359,75635,,7,5,6,2708,0,0,0,,0,,"NORTH MAIN ST","MASSA ST",450.00,N,N,B,-,N,,,,,,,,,,Y,3,0,1,2,C,-,18,,,N,A,E,A,A,H,-,A,D,0,,,,,Y,,-,"- ",0,1,0,0,0,0,0,0,0,"- ","- ",,,MONTEREY,SALINAS,-121.65633893,36.726996
84462841,2024,2024-11-08,2708,2024-07-31,"545 ",228,,3,5,6,2708,0,0,0,,0,012,"WILLIAMS RD","QUILLA ST",0.00,,Y,A,-,N,,,,,,,,,,N,4,0,1,2,A,-,09,21801,A,N,D,C,A,A,H,-,A,D,0,,,,,Y,,A,07,0,0,1,0,0,0,0,0,0,"- ","- ",,,MONTEREY,SALINAS,-121.61807250976562,36.673351287841797
84462842,2024,2024-11-08,2708,2024-10-04,"500 ",85065,,5,5,6,2708,0,0,0,,0,011,"EAGLE DR","EAGLE WY",0.00,,Y,A,-,N,,,,,,,,,,Y,3,0,1,2,A,-,08,22107,,F,G,B,D,A,H,-,C,D,0,Y,,,,Y,,-,99,0,1,0,0,1,0,0,0,0,"- ","- ",,,MONTEREY,SALINAS,-121.59983062744141,36.690750122070312
84464351,2024,2024-11-11,2708,2024-08-21,"122 ",30425,,3,5,6,2708,0,0,0,,0,004,"INDEPENDENCE BLVD","EAST BORONDA RD",0.00,W,N,A,-,N,,,,,,,,,,Y,3,0,1,1,A,-,03,22350,,N,E,I,A,A,H,-,C,A,0,,,,,Y,Y,A,01,0,1,0,0,0,0,0,0,0,"- ","- ",,,MONTEREY,SALINAS,-121.61654663085938,36.714958190917969
84464352,2024,2024-11-11,2708,2024-10-14,"616 ",30425,,1,5,6,2708,0,0,0,,0,003,"NATIVIDAD RD","EAST BORONDA RD",20.00,N,N,E,-,N,,,,,,,,,,Y,4,0,1,2,A,-,03,22350,,N,D,D,A,B,H,-,B,A,0,,,,,Y,,D,22,0,0,1,0,0,0,0,0,0,"- ","- ",,,MONTEREY,SALINAS,-121.6236572265625,36.715549468994141
84464353,2024,2024-11-11,2708,2024-10-20,1449,175,,7,5,6,2708,0,0,0,,0,005,"EAST LAUREL DR","NATIVIDAD RD",200.00,E,N,A,-,N,,,,,,,,,,Y,4,0,2,3,A,-,03,22350,,N,C,C,A,A,H,-,A,D,0,,,,,Y,,A,01,0,0,2,0,0,0,0,0,0,"- ","- ",,,MONTEREY,SALINAS,-121.63764190673828,36.696163177490234
84464426,2024,2024-11-11,2706,2024-11-04,1415,103,,1,5,4,2706,0,0,0,,0,002,"MUNRAS AVE","ELDORADO ST",5.00,S,N,A,-,N,,,,,,,,,,N,3,0,1,2,A,-,11,21453,D,N,G,B,B,A,H,-,A,A,0,Y,,,,Y,,N,60,0,1,0,0,1,0,0,0,0,"- ","- ",36.592708587646484,-121.89349365234375,MONTEREY,MONTEREY,-121.89353179931641,36.592807769775391
84464740,2024,2024-11-11,2706,2024-11-06,1922,824,,3,5,4,2706,0,0,0,,0,002,"MUNRAS AVE","DEL MONTE CENTER (S)",33.00,S,N,A,-,N,,,,,,,,,,N,4,0,1,2,A,-,03,22350,,N,C,D,A,A,H,-,E,B,0,,,,,Y,,A,07,0,0,1,0,0,0,0,0,0,"- ","- ",36.584720611572266,-121.9007568359375,MONTEREY,MONTEREY,-121.90094757080078,36.584728240966797
8446490,2017,2018-05-08,2703,2017-08-26,0643,9221,2703,6,5,2,2703,0,0,0,,0,ALL,"5TH ST","RT 101",219.00,E,N,A,-,N,,,,,,,,,,N,4,0,1,2,A,-,09,21801,A,N,H,C,A,A,H,-,A,D,0,,,,,Y,,A,01,0,0,1,0,0,0,0,0,0,"- ","- ",,,MONTEREY,GONZALES,-121.43754,36.51332
84465182,2024,2024-11-14,2708,2024-10-16,1938,245,,3,5,6,2708,0,0,0,,0,010,"E ALISAL ST","N HEBBRON AVE",203.00,W,N,A,-,N,,,,,,,,,,N,2,0,1,2,A,-,11,21954,A,N,G,B,D,A,H,-,D,A,0,Y,,,,Y,Y,N,60,1,0,0,0,1,0,0,0,0,"- ","- ",,,MONTEREY,SALINAS,-121.6329345703125,36.673442840576172
84465184,2024,2024-11-14,2708,2024-10-16,1906,31945,,3,5,6,2708,0,0,0,,0,008,"JOHN ST","MONTEREY ST",0.00,,Y,A,-,N,,,,,,,,,,N,3,0,1,2,A,-,10,21950,A,N,G,B,B,A,H,-,C,A,0,Y,,,,Y,,A,07,0,1,0,0,1,0,0,0,0,"- ","- ",,,MONTEREY,SALINAS,-121.65314483642578,36.670696258544922
84465187,2024,2024-11-12,2708,2024-10-17,2335,90332,,4,5,6,2708,0,0,0,,0,012,"WILLIAMS RD","WIREN ST",85.00,S,N,A,-,N,,,,,,,,,,N,4,0,2,2,A,-,09,21801,A,N,D,C,A,A,H,-,C,D,0,,,,,Y,,A,01,0,0,2,0,0,0,0,0,0,"- ","- ",,,MONTEREY,SALINAS,-121.60536956787109,36.68060302734375
84465189,2024,2024-11-12,2708,2024-10-27,"930 ",54370,,7,5,6,2708,0,0,0,,0,012,"WILLIAMS RD","DEL MONTE AVE",0.00,,Y,A,-,N,,,,,,,,,,N,4,0,1,2,A,-,10,21950,A,N,G,B,B,A,H,-,A,A,0,Y,,,,Y,,A,01,0,0,1,0,1,0,0,0,0,"- ","- ",,,MONTEREY,SALINAS,-121.60430145263672,36.681201934814453
84465260,2024,2024-11-13,2706,2024-11-10,"737 ",542,,7,5,4,2706,0,0,0,,0,002,"FREMONT ST","MESA RD",75.00,E,N,A,-,N,,,,,,,,,,N,3,0,1,2,A,-,08,22107,,N,B,C,A,A,H,-,A,D,0,,,,,Y,,A,01,0,1,0,0,0,0,0,0,0,"- ","- ",36.595001220703125,-121.88887023925781,MONTEREY,MONTEREY,-121.88832092285156,36.594959259033203
84467262,2024,2024-11-13,2706,2024-10-25,1454,027,,5,5,4,2706,0,0,0,,0,002,"PACIFIC ST","COLTON ST",0.00,,Y,A,-,N,,,,,,,,,,Y,3,0,1,3,A,-,09,21804,A,N,B,C,A,A,H,-,A,D,0,,,,,Y,,A,01,0,1,0,0,0,0,0,0,0,"- ","- ",,,MONTEREY,MONTEREY,-121.89866638183594,36.592182159423828
84468818,2024,2024-11-14,2708,2024-08-04,1855,04113,,7,5,6,2708,0,0,0,,0,003,"NATIVIDAD RD","ARCADIA WY",0.00,,Y,A,-,N,,,,,,,,,,Y,4,0,1,2,A,-,06,21750,,N,D,C,A,A,H,-,A,A,0,,,,,Y,,A,01,0,0,1,0,0,0,0,0,0,"- ","- ",,,MONTEREY,SALINAS,-121.62432098388672,36.713539123535156
84468828,2024,2024-11-29,2708,2024-08-05,"24  ",77067,,1,5,6,2708,0,0,0,,0,012,"WILLIAMS RD","E ALISAL ST",0.00,,Y,A,-,N,,,,,,,,,,N,3,0,3,2,A,-,09,21801,A,F,D,C,A,A,H,-,C,A,0,,,,,Y,,-,99,0,1,2,0,0,0,0,0,0,"- ","- ",,,MONTEREY,SALINAS,-121.61989593505859,36.672157287597656
84468829,2024,2024-11-14,2708,2024-09-21,1419,31968,,6,5,6,2708,0,0,0,,0,012,"JOHN ST","N. SANBORN RD.",75.00,E,N,A,-,N,,,,,,,,,,N,3,0,1,2,A,-,09,21801,A,N,D,C,A,A,H,-,A,D,0,,,,,Y,,A,08,0,1,0,0,0,0,0,0,0,"- ","- ",,,MONTEREY,SALINAS,-121.62747192382812,36.669277191162109
84468830,2024,2024-11-14,2708,2024-09-29,"840 ",07903,,7,5,6,2708,0,0,0,,0,010,"JOHN ST","MARIGOLD WY",0.00,,Y,B,-,N,,,,,,,,,,Y,4,0,1,2,C,-,18,,,N,A,C,A,A,H,-,A,D,0,,,,,Y,,-,"- ",0,0,1,0,0,0,0,0,0,"- ","- ",,,MONTEREY,SALINAS,-121.63005828857422,36.669475555419922
84468831,2024,2024-11-14,2708,2024-10-06,2002,87,,7,5,6,2708,0,0,0,,0,010,"EAST MARKET ST","N MADEIRA AVE",0.00,,Y,A,-,N,,,,,,,,,,Y,4,0,1,2,A,-,09,21801,A,F,D,C,A,A,H,-,C,A,0,,,,,Y,,A,01,0,0,1,0,0,0,0,0,0,"- ","- ",,,MONTEREY,SALINAS,-121.63797760009766,36.677177429199219
84468832,2024,2024-11-14,2708,2024-10-10,1455,03778,,4,5,6,2708,0,0,0,,0,008,"EAST MARKET ST","FRONT ST (1)",0.00,,Y,A,-,N,,,,,,,,,,Y,4,0,1,2,A,-,12,21453,A,N,D,C,A,A,H,-,A,A,0,,,,,Y,,A,01,0,0,1,0,0,0,0,0,0,"- ","- ",,,MONTEREY,SALINAS,-121.65291595458984,36.677791595458984
84468833,2024,2024-11-14,2708,2024-10-13,1449,246,,7,5,6,2708,0,0,0,,0,002,"MCKINNON ST","MANHATTAN DR",0.00,,Y,B,-,N,,,,,,,,,,N,3,0,1,2,A,-,05,21202,A,N,D,G,A,A,H,-,A,D,0,,Y,,,Y,,L,04,0,1,0,0,0,0,1,0,0,"- ","- ",,,MONTEREY,SALINAS,-121.64409637451172,36.713691711425781
84468835,2024,2024-11-14,2708,2024-10-14,"731 ",246,,1,5,6,2708,0,0,0,,0,011,"BORONDA RD","RIDER AVE",0.00,,Y,A,B,N,,,,,,,,,,Y,4,0,1,2,A,-,09,21802,A,N,D,C,A,B,H,-,A,D,0,,,,,Y,,A,01,0,0,1,0,0,0,0,0,0,"- ","- ",,,MONTEREY,SALINAS,-121.60016632080078,36.700199127197266
84468840,2024,2024-11-14,2708,2024-10-19,"56  ",232,,6,5,6,2708,0,0,0,,0,008,"WEST MARKET ST","HAPP PL",0.00,,Y,A,-,N,,,,,,,,,,N,4,0,1,2,A,-,08,22107,,N,D,C,A,A,H,-,C,D,0,,,,,Y,,A,01,0,0,1,0,0,0,0,0,0,"- ","- ",,,MONTEREY,SALINAS,-121.66002655029297,36.679103851318359
84468844,2024,2024-11-14,2708,2024-10-26,2146,75370,,6,5,6,2708,0,0,0,,0,004,"BRADBURY ST","NANTUCKET BLVD",15.00,N,N,A,-,N,,,,,,,,,,Y,4,0,1,2,A,-,01,23152,A,N,A,C,A,A,H,-,C,D,0,,,,,Y,Y,A,01,0,0,1,0,0,0,0,0,0,"- ","- ",,,MONTEREY,SALINAS,-121.61226654052734,36.710170745849609
84468848,2024,2024-11-14,2708,2024-10-29,"830 ",117,,2,5,6,2708,0,0,0,,0,009,"ABBOTT ST","HARRIS RD",0.00,,Y,A,-,N,,,,,,,,,,Y,3,0,1,2,A,-,04,21703,,N,C,C,A,A,H,-,A,A,0,,,Y,,Y,,C,02,0,1,0,0,0,0,0,0,1,"- ","- ",,,MONTEREY,SALINAS,-121.61192321777344,36.644706726074219
84468850,2024,2024-11-14,2708,2024-10-30,"742 ",30510,,3,5,6,2708,0,0,0,,0,011,"RIDER AVE","GARNER AVE",528.00,N,N,A,-,N,,,,,,,,,,Y,3,0,1,3,A,-,09,21804,A,N,D,C,A,A,H,-,A,D,0,,,,,Y,,A,01,0,1,0,0,0,0,0,0,0,"- ","- ",36.696231842041016,-121.6163330078125,MONTEREY,SALINAS,-121.61636352539062,36.690204620361328
84468852,2024,2024-11-14,2708,2024-10-30,"900 ",30510,,3,5,6,2708,0,0,0,,0,011,"LAS CASITAS DR","RANCHERO DR",0.00,,Y,A,-,N,,,,,,,,,,Y,4,0,1,2,A,-,09,21802,A,N,D,C,A,A,H,-,A,A,0,,,,,Y,,A,07,0,0,1,0,0,0,0,0,0,"- ","- ",,,MONTEREY,SALINAS,-121.61379241943359,36.695125579833984
84468853,2024,2024-11-14,2708,2024-10-30,"930 ",77020,,3,5,6,2708,0,0,0,,0,,"NORTH MAIN ST","HARDEN PKWY",0.00,,Y,A,-,N,,,,,,,,,,Y,4,0,1,2,A,-,12,21453,A,N,D,C,A,A,H,-,A,A,0,,,,,Y,,A,01,0,0,1,0,0,0,0,0,0,"- ","- ",,,MONTEREY,SALINAS,-121.65453338623047,36.713287353515625
84468854,2024,2024-11-14,2708,2024-10-30,1145,77020,,3,5,6,2708,0,0,0,,0,,"NORTH MAIN ST","SAN JUAN GRADE RD",0.00,,Y,A,-,N,,,,,,,,,,N,4,0,1,1,C,-,18,,,N,E,I,A,A,H,-,A,D,0,,,,,Y,,-,"- ",0,0,1,0,0,0,0,0,0,"- ","- ",,,MONTEREY,SALINAS,-121.65525054931641,36.716957092285156
84469607,2024,2024-11-14,2712,2024-09-24,"813 ",1251,,2,5,3,2712,0,0,0,,0,,"CALIFORNIA AVE","CARMEL AVE",15.00,N,N,A,-,N,,,,,,,,,,N,4,0,1,2,A,-,08,22107,,N,B,C,A,A,H,-,A,A,0,,,,,Y,,A,01,0,0,1,0,0,0,0,0,0,"- ","- ",36.676990509033203,-121.78755950927734,MONTEREY,MARINA,-121.78748321533203,36.676994323730469
84469608,2024,2024-11-14,2712,2024-10-01,"846 ",1251,,2,5,3,2712,0,0,0,,0,03B,"IMJIN PKWY","ABRAMS DR (E)",0.00,,Y,A,-,N,,,,,,,,,,Y,4,0,2,2,A,-,08,22107,,N,D,C,A,A,C,D,A,A,0,,,,,Y,,A,01,0,0,2,0,0,0,0,0,0,"- ","- ",36.665088653564453,-121.77538299560547,MONTEREY,MARINA,-121.79363250732422,36.663688659667969
84469616,2024,2024-11-14,2712,2024-10-23,1303,1241,,3,5,3,2712,0,0,0,,0,04A,"IMJIN PKWY","3RD AVE (W)",23.00,E,N,A,-,N,,,,,,,,,,N,4,0,1,2,A,-,03,22350,,N,D,C,A,A,H,-,A,A,0,,,,,Y,,A,07,0,0,1,0,0,0,0,0,0,"- ","- ",36.662899017333984,-121.78395080566406,MONTEREY,MARINA,-121.80448150634766,36.666454315185547
84469617,2024,2024-11-14,2712,2024-10-23,"749 ",1252,,3,5,3,2712,0,0,0,,0,04B,"9TH ST","4TH AVE",71.00,E,N,A,-,N,,,,,,,,,,Y,4,0,1,3,A,-,08,22107,,N,C,E,A,A,H,-,A,D,0,,,,Y,Y,Y,A,01,0,0,1,0,0,0,0,0,0,"- ","- ",36.662300109863281,-121.80162811279297,MONTEREY,MARINA,-121.80142974853516,36.662368774414062
84469618,2024,2024-11-14,2712,2024-10-24,1536,1360,,4,5,3,2712,0,0,0,,0,04B,"IMJIN PKWY","MARINA HEIGHTS",15.00,E,Y,A,-,N,,,,,,,,,,Y,4,0,2,2,A,-,03,22350,,N,B,C,A,A,D,-,A,D,0,,,,,Y,Y,A,01,0,0,2,0,0,0,0,0,0,"- ","- ",,,MONTEREY,MARINA,-121.78394317626953,36.662853240966797
84471916,2024,2024-11-18,2705,2024-08-12,1647,24,,1,5,3,2705,0,0,0,,0,,"1ST ST","BROADWAY ST",18.00,N,N,A,-,N,,,,,,,,,,N,4,0,1,2,A,-,03,22350,,N,C,D,A,A,H,-,A,D,0,,,,,Y,,A,07,0,0,1,0,0,0,0,0,0,"- ","- ",,,MONTEREY,"KING CITY",-121.12372589111328,36.214401245117188
84471926,2024,2024-11-18,2705,2024-09-06,1515,19,,5,5,3,2705,0,0,0,,0,001,"KING ST","N RUSS ST",37.00,W,N,A,-,N,,,,,,,,,,N,3,0,1,2,A,-,12,22450,A,N,D,G,A,A,H,-,A,D,0,,Y,,,Y,,A,01,0,1,0,0,0,0,1,0,0,"- ","- ",,,MONTEREY,"KING CITY",-121.13318634033203,36.216388702392578