CASE_ID,ACCIDENT_YEAR,PROC_DATE,JURIS,COLLISION_DATE,COLLISION_TIME,OFFICER_ID,REPORTING_DISTRICT,DAY_OF_WEEK,CHP_SHIFT,POPULATION,CNTY_CITY_LOC,SPECIAL_COND,BEAT_TYPE,CHP_BEAT_TYPE,CITY_DIVISION_LAPD,CHP_BEAT_CLASS,BEAT_NUMBER,PRIMARY_RD,SECONDARY_RD,DISTANCE,DIRECTION,INTERSECTION,WEATHER_1,WEATHER_2,STATE_HWY_IND,CALTRANS_COUNTY,CALTRANS_DISTRICT,STATE_ROUTE,ROUTE_SUFFIX,POSTMILE_PREFIX,POSTMILE,LOCATION_TYPE,RAMP_INTERSECTION,SIDE_OF_HWY,TOW_AWAY,COLLISION_SEVERITY,NUMBER_KILLED,NUMBER_INJURED,PARTY_COUNT,PRIMARY_COLL_FACTOR,PCF_CODE_OF_VIOL,PCF_VIOL_CATEGORY,PCF_VIOLATION,PCF_VIOL_SUBSECTION,HIT_AND_RUN,TYPE_OF_COLLISION,MVIW,PED_ACTION,ROAD_SURFACE,ROAD_COND_1,ROAD_COND_2,LIGHTING,CONTROL_DEVICE,CHP_ROAD_TYPE,PEDESTRIAN_ACCIDENT,BICYCLE_ACCIDENT,MOTORCYCLE_ACCIDENT,TRUCK_ACCIDENT,NOT_PRIVATE_PROPERTY,ALCOHOL_INVOLVED,STWD_VEHTYPE_AT_FAULT,CHP_VEHTYPE_AT_FAULT,COUNT_SEVERE_INJ,COUNT_VISIBLE_INJ,COUNT_COMPLAINT_PAIN,COUNT_PED_KILLED,COUNT_PED_INJURED,COUNT_BICYCLIST_KILLED,COUNT_BICYCLIST_INJURED,COUNT_MC_KILLED,COUNT_MC_INJURED,PRIMARY_RAMP,SECONDARY_RAMP,LATITUDE,LONGITUDE,COUNTY,CITY,POINT_X,POINT_Y
8467401,2017,2017-10-31,2706,2017-10-05,1003,121,MPD,4,5,4,2706,0,0,0,,0,001,"LIGHTHOUSE AV","IRVING AV",214.00,S,N,A,-,N,,,,,,,,,,N,4,0,2,3,A,-,03,22350,,N,C,C,A,A,H,-,A,D,0,,,,Y,Y,,G,25,0,0,2,0,0,0,0,0,0,"- ","- ",,,MONTEREY,MONTEREY,-121.90321428999999,36.615341409999999
84674258,2025,2025-05-12,2706,2025-04-22,2023,143,,2,5,4,2706,0,0,0,,0,002,"MUNRAS AVE","SOLEDAD DR",0.00,,Y,A,-,N,,,,,,,,,,N,4,0,1,2,A,-,09,21453,C,N,D,C,A,A,H,-,C,A,0,,,,Y,Y,,F,26,0,0,1,0,0,0,0,0,0,"- ","- ",,,MONTEREY,MONTEREY,-121.90185546875,36.583362579345703
84674419,2025,2025-05-05,2712,2025-03-10,1540,1340,,1,5,3,2712,0,0,0,,0,03A,"RESERVATION RD","IMJIN PKWY",0.00,,Y,A,B,N,,,,,,,,,,Y,4,0,1,3,A,-,12,21453,A,N,D,C,A,A,H,-,A,A,0,,,,,Y,,A,01,0,0,1,0,0,0,0,0,0,"- ","- ",36.670558929443359,-121.76618194580078,MONTEREY,MARINA,-121.76644897460938,36.671607971191406
84676099,2025,2025-05-06,2708,2025-04-12,2122,75370,,6,5,6,2708,0,0,0,,0,010,"E ALISAL ST","HOLADAY AVE",65.00,S,N,A,-,N,,,,,,,,,,N,4,0,1,2,A,-,10,21950,A,F,G,B,B,A,H,-,A,D,0,Y,,,,Y,,A,01,0,0,1,0,1,0,0,0,0,"- ","- ",,,MONTEREY,SALINAS,-121.62885284423828,36.673046112060547
84676100,2025,2025-05-06,2708,2025-04-21,"47  ",74137,,1,5,6,2708,0,0,0,,0,010,"MEADOW DR","JOHN ST (E)",165.00,S,N,A,-,N,,,,,,,,,,Y,4,0,1,2,A,-,01,23152,A,N,A,E,A,A,H,-,C,D,0,,,,,Y,Y,A,01,0,0,1,0,0,0,0,0,0,"- ","- ",,,MONTEREY,SALINAS,-121.63524627685547,36.66986083984375
84676101,2025,2025-05-06,2708,2025-04-21,1534,92575,,1,5,6,2708,0,0,0,,0,010,"E ALISAL ST","NORTH SANBORN RD",10.00,W,N,A,-,N,,,,,,,,,,N,4,0,1,3,A,-,04,21703,,N,C,C,A,A,H,-,A,A,0,,,,,Y,,D,22,0,0,1,0,0,0,0,0,0,"- ","- ",,,MONTEREY,SALINAS,-121.62747192382812,36.67291259765625
84677784,2025,2025-05-07,2708,2025-04-21,1541,19003,,1,5,6,2708,0,0,0,,0,012,"SOUTH SANBORN RD","MCGOWAN DR",0.00,,Y,A,-,N,,,,,,,,,,N,3,0,1,2,A,-,09,21801,A,N,D,D,A,A,H,-,A,D,0,,,,,Y,,A,01,0,1,0,0,0,0,0,0,0,"- ","- ",,,MONTEREY,SALINAS,-121.62757873535156,36.670921325683594
84677785,2025,2025-05-07,2708,2025-04-21,1720,129,,1,5,6,2708,0,0,0,,0,009,"TERVEN AVE","VERTIN AVE",80.00,E,N,A,-,N,,,,,,,,,,N,4,0,1,2,A,-,09,21804,A,N,D,C,A,A,H,-,A,D,0,,,,,Y,,A,01,0,0,1,0,0,0,0,0,0,"- ","- ",,,MONTEREY,SALINAS,-121.62664794921875,36.662300109863281
84677786,2025,2025-05-07,2708,2025-04-22,1145,59989,,2,5,6,2708,0,0,0,,0,006,"WEST ROSSI ST","RICO ST",0.00,,Y,B,-,N,,,,,,,,,,N,3,0,1,2,A,-,09,21801,A,N,D,C,A,A,H,-,A,A,0,,,,,Y,,A,07,0,1,0,0,0,0,0,0,0,"- ","- ",,,MONTEREY,SALINAS,-121.66150665283203,36.683929443359375
8467818,2017,2017-11-27,2706,2017-10-05,1249,410,MPD,4,5,4,2706,0,0,0,,0,003,"DELMONTE AV","CASA VERDE WY",15.00,E,N,A,-,N,,,,,,,,,,N,4,0,1,2,A,-,03,22350,,F,C,C,A,A,H,-,A,A,0,,,,,Y,,A,07,0,0,1,0,0,0,0,0,0,"- ","- ",,,MONTEREY,MONTEREY,-121.86655537,36.60210008
8467822,2017,2017-11-21,2706,2017-10-02,1811,315,,1,5,4,2706,0,0,0,,0,003,"NORTH FREMONT",RAMONA,0.00,,Y,A,-,N,,,,,,,,,,N,4,0,1,2,A,-,04,21703,,N,C,C,A,A,H,-,-,A,0,,,,,Y,,A,07,0,0,1,0,0,0,0,0,0,"- ","- ",,,MONTEREY,MONTEREY,-121.85625992999999,36.597210019999999
84681121,2025,2025-05-09,2708,2025-04-07,"900 ",253,,1,5,6,2708,0,0,0,,0,005,"WEST LAUREL DR","TYLER ST",0.00,,Y,A,-,N,,,,,,,,,,Y,4,0,1,2,A,-,12,21453,A,N,D,C,A,A,H,-,A,A,0,,,,,Y,,D,22,0,0,1,0,0,0,0,0,0,"- ","- ",,,MONTEREY,SALINAS,-121.65943145751953,36.698383331298828
84681258,2025,2025-05-09,2706,2025-05-01,"818 ",107,,4,5,4,2706,0,0,0,,0,001,"FOAM ST","CANNERY ROW",128.00,S,N,A,-,Y,,,,,,,,,,N,3,0,1,2,A,-,17,22109,,N,C,C,A,A,H,-,A,D,0,,,,,Y,,A,07,0,1,0,0,0,0,0,0,0,"- ","- ",36.609081268310547,-121.89685821533203,MONTEREY,MONTEREY,-121.89651489257812,36.608863830566406
84681260,2025,2025-05-09,2706,2025-05-04,1621,103,,7,5,4,2706,0,0,0,,0,003,"CASA VERDE WAY","DEL MONTE AVE",126.00,N,N,B,-,N,,,,,,,,,,N,2,0,1,2,B,-,22,,,N,B,C,A,A,H,-,A,D,0,,,Y,,Y,,C,02,1,0,0,0,0,0,0,0,1,"- ","- ",,,MONTEREY,MONTEREY,-121.86675262451172,36.602405548095703
84682417,2025,2025-05-12,2712,2025-01-28,"814 ",1237,,2,5,3,2712,0,0,0,,0,03B,"RESERVATION RD","MBEST DR",365.00,W,N,A,-,N,,,,,,,,,,Y,3,0,2,3,A,-,03,22350,,N,C,C,A,A,H,-,A,D,0,,,,,Y,,A,01,0,1,1,0,0,0,0,0,0,"- ","- ",36.669029235839844,-121.76149749755859,MONTEREY,MARINA,-121.76232147216797,36.669692993164062
84682621,2025,2025-05-19,2706,2025-05-06,1639,824,,2,5,4,2706,0,0,0,,0,003,"CASA VERDE WAY","HWY 1 NB ONRAMP",10.00,W,N,A,-,N,,,,,,,,,,N,3,0,1,2,A,-,00,21760,D,N,D,G,A,A,H,-,A,D,0,,Y,,,Y,,A,07,0,1,0,0,0,0,1,0,0,"- ","- ",36.598739624023438,-121.86421966552734,MONTEREY,MONTEREY,-121.86421203613281,36.598709106445312
84682864,2025,2025-05-12,2706,2025-05-04,1522,627,,7,5,4,2706,0,0,0,,0,002,"CASS ST","MUNRAS AVE",457.00,N,N,A,-,N,,,,,,,,,,Y,3,0,1,3,A,-,01,23153,A,N,B,E,A,A,H,-,A,D,0,,,,,Y,Y,A,01,0,1,0,0,0,0,0,0,0,"- ","- ",36.588871002197266,-121.89790344238281,MONTEREY,MONTEREY,-121.89737701416016,36.590076446533203
84684645,2025,2025-05-13,2708,2025-03-27,1554,30424,,4,5,6,2708,0,0,0,,0,002,"OSAGE DR","N 1ST ST",704.00,W,N,A,-,N,,,,,,,,,,Y,4,0,1,2,A,-,21,22106,,N,C,C,A,A,H,-,A,D,0,,,,,Y,,A,01,0,0,1,0,0,0,0,0,0,"- ","- ",,,MONTEREY,SALINAS,-121.65824127197266,36.706428527832031
84684661,2025,2025-05-13,2708,2025-02-20,"858 ",75635,,4,5,6,2708,0,0,0,,0,,"NATIVIDAD RD","EAST BORONDA RD",1521.00,N,N,A,-,N,,,,,,,,,,N,4,0,1,2,A,-,03,22350,,F,C,C,A,A,H,-,A,D,0,,,,,Y,Y,A,01,0,0,1,0,0,0,0,0,0,"- ","- ",,,MONTEREY,SALINAS,-121.6236572265625,36.715549468994141
84684681,2025,2025-05-13,2708,2025-04-13,1818,74130,,7,5,6,2708,0,0,0,,0,005,"NORTH MAIN ST","EAST LAUREL",591.00,S,N,A,-,Y,,,,,,,,,,N,4,0,1,2,A,-,21,22106,,N,C,C,A,A,H,-,A,A,0,,,,,Y,,-,"- ",0,0,1,0,0,0,0,0,0,"- ","- ",,,MONTEREY,SALINAS,-121.65171813964844,36.697704315185547
84684682,2025,2025-05-13,2708,2025-04-15,1212,146,,2,5,6,2708,0,0,0,,0,001,"NORTH MAIN ST","THE NORTH PROLONGATION OF BORONDA RD",174.00,N,N,A,-,N,,,,,,,,,,N,4,0,2,2,A,-,09,21801,A,N,D,C,A,A,H,-,A,D,0,,,,,Y,,A,01,0,0,2,0,0,0,0,0,0,"- ","- ",,,MONTEREY,SALINAS,,
84684683,2025,2025-05-13,2708,2025-04-20,2029,98751,,7,5,6,2708,0,0,0,,0,009,"SOUTH MAIN ST","ORANGE DR",118.00,S,N,A,-,N,,,,,,,,,,Y,2,0,1,2,A,-,11,21954,A,N,G,B,D,A,H,-,C,D,0,Y,,,,Y,,N,60,1,0,0,0,1,0,0,0,0,"- ","- ",,,MONTEREY,SALINAS,-121.65857696533203,36.660247802734375
84684684,2025,2025-05-13,2708,2025-04-20,1725,246,,7,5,6,2708,0,0,0,,0,004,"CONSTITUTION BLVD","MANCHESTER CIR",0.00,,Y,A,-,N,,,,,,,,,,Y,3,0,2,3,A,-,01,23152,A,N,D,C,A,A,H,-,A,D,0,,,,,Y,Y,D,73,0,1,1,0,0,0,0,0,0,"- ","- ",,,MONTEREY,SALINAS,-121.62312316894531,36.699947357177734
84684685,2025,2025-05-13,2708,2025-04-24,"700 ",241,,4,5,6,2708,0,0,0,,0,,"MONTEREY ST","EAST GABILAN ST",0.00,,Y,A,-,N,,,,,,,,,,N,4,0,1,3,A,-,12,21453,A,N,D,C,A,A,H,-,A,A,0,,Y,,,Y,,A,01,0,0,1,0,0,0,1,0,0,"- ","- ",,,MONTEREY,SALINAS,-121.65409088134766,36.675811767578125
84686222,2024,2025-05-14,2712,2024-08-15,"356 ",1291,,4,5,3,2712,0,0,0,,0,CSUMB,"2ND AVE","DIVARTY ST",0.00,,N,A,-,N,,,,,,,,,,N,4,0,1,1,A,-,00,102,,N,H,J,A,-,H,-,D,D,0,,Y,,,Y,,-,"- ",0,0,1,0,0,0,1,0,0,"- ","- ",,,MONTEREY,MARINA,-121.80926599999999,36.652923999999999
84686224,2025,2025-05-19,2712,2025-03-08,1523,1237,,6,5,3,2712,0,0,0,,0,03B,"IMJIN PKWY","ABRAMS DR (E)",0.00,,Y,A,-,N,,,,,,,,,,Y,3,0,1,2,A,-,08,22107,,N,A,C,A,A,H,-,A,D,0,,,Y,,Y,,A,01,0,1,0,0,0,0,0,0,1,"- ","- ",36.665088653564453,-121.77538299560547,MONTEREY,MARINA,-121.79363250732422,36.663688659667969
84686227,2025,2025-05-14,2712,2025-04-30,"753 ",1237,,3,5,3,2712,0,0,0,,0,02B,"LYNSCOTT DR","ANDREW CIR",31.00,W,N,B,-,N,,,,,,,,,,N,4,0,1,2,A,-,08,22107,,N,D,C,A,A,H,-,A,D,0,,,,,Y,,A,08,0,0,1,0,0,0,0,0,0,"- ","- ",36.677940368652344,-121.78227996826172,MONTEREY,MARINA,-121.78233337402344,36.677986145019531
84686317,2025,2025-05-14,2708,2025-03-06,1450,31977,,4,5,6,2708,0,0,0,,0,005,"EAST LAUREL DR","LINWOOD DR",0.00,,Y,A,-,N,,,,,,,,,,Y,3,0,3,3,A,-,09,21801,A,N,D,C,A,A,H,-,A,A,0,,,,,Y,,A,01,0,1,2,0,0,0,0,0,0,"- ","- ",,,MONTEREY,SALINAS,-121.64405059814453,36.697582244873047
84687942,2025,2025-05-15,2708,2025-04-27,1917,245,,7,5,6,2708,0,0,0,,0,001,"NATIVIDAD RD","EAST BORONDA RD",1500.00,N,N,B,-,N,,,,,,,,,,N,4,0,2,2,A,-,03,22350,,F,C,C,A,A,H,-,B,D,0,,,,,Y,Y,A,01,0,0,2,0,0,0,0,0,0,"- ","- ",,,MONTEREY,SALINAS,-121.6236572265625,36.715549468994141
84687985,2025,2025-05-15,2708,2025-04-30,"709 ",53260,,3,5,6,2708,0,0,0,,0,011,"WILLIAMS RD","BARDIN RD",123.00,S,N,B,-,N,,,,,,,,,,N,4,0,1,2,A,-,03,22350,,N,C,C,A,A,H,-,A,D,0,,,,,Y,,A,01,0,0,1,0,0,0,0,0,0,"- ","- ",,,MONTEREY,SALINAS,-121.60736846923828,36.679454803466797
84690976,2024,2025-05-19,2712,2024-12-17,2046,1062,,2,5,3,2712,0,0,0,,0,01B,"RESERVATION RD","VISTA DEL CAMINO",0.00,,Y,A,-,N,,,,,,,,,,Y,4,0,2,2,A,-,09,21453,C,N,A,C,A,A,H,-,C,A,0,,,,,Y,,A,01,0,0,2,0,0,0,0,0,0,"- ","- ",36.686599731445312,-121.79759216308594,MONTEREY,MARINA,-121.79747772216797,36.686691284179688
84690982,2025,2025-05-19,2712,2025-04-28,"708 ",1237,,1,5,3,2712,0,0,0,,0,01A,"RESERVATION RD","HIGHWAY 1",50.00,E,N,A,-,N,,,,,,,,,,Y,2,0,2,2,A,-,01,23152,B,N,D,C,A,A,H,-,A,D,0,,,,,Y,Y,A,01,1,0,1,0,0,0,0,0,0,"- ","- ",,,MONTEREY,MARINA,-121.80461883544922,36.696678161621094
84691349,2025,2025-05-19,2708,2025-04-30,1402,59989,,3,5,6,2708,0,0,0,,0,005,"EAST ALVIN DR","LINWOOD DR",0.00,,Y,B,-,N,,,,,,,,,,N,3,0,1,2,A,-,12,21453,A,F,D,G,A,A,H,-,A,A,0,,Y,,,Y,,L,04,0,1,0,0,0,0,1,0,0,"- ","- ",,,MONTEREY,SALINAS,-121.64034271240234,36.705905914306641
84693169,2024,2025-06-20,2712,2024-09-10,"52  ",1237,,2,5,3,2712,0,0,0,,0,02A,"PALM AVE","SUNSET AVE",55.00,W,N,-,-,N,,,,,,,,,,Y,4,0,1,2,A,-,01,23152,A,N,C,E,A,A,H,-,C,D,0,,,,,Y,Y,A,01,0,0,1,0,0,0,0,0,0,"- ","- ",36.682098388671875,-121.80084228515625,MONTEREY,MARINA,-121.80110931396484,36.682174682617188
84693172,2024,2025-05-20,2712,2024-11-14,1841,1257,,4,5,3,2712,0,0,0,,0,03B,"CALIFORNIA AVE","IMJIN PARKWAY",0.00,,N,A,-,N,,,,,,,,,,N,2,0,1,1,D,-,00,,,N,E,I,A,A,H,-,D,D,0,,Y,,,Y,,-,"- ",1,0,0,0,0,0,1,0,0,"- ","- ",,,MONTEREY,MARINA,-121.79676818847656,36.666297912597656
84693175,2024,2025-05-20,2712,2024-12-16,"758 ",1214,,1,5,3,2712,0,0,0,,0,03B,"CALIFORNIA AVE","MARINA HEIGHTS DR",0.00,,Y,B,-,N,,,,,,,,,,Y,4,0,1,2,A,-,03,22350,,N,C,C,A,A,H,-,A,A,0,,,,,Y,,D,22,0,0,1,0,0,0,0,0,0,"- ","- ",,,MONTEREY,MARINA,-121.79343414306641,36.668636322021484
84693178,2024,2025-05-20,2712,2024-12-17,2105,1291,,2,5,3,2712,0,0,0,,0,02B,"RESERVATION RD","CALIFORNIA AVE",0.00,W,N,A,-,Y,,,,,,,,,,N,3,0,1,2,A,-,09,21801,A,N,A,C,A,A,H,-,C,D,0,,,,,Y,,A,01,0,1,0,0,0,0,0,0,0,"- ","- ",36.680568695068359,-121.7847900390625,MONTEREY,MARINA,-121.78488922119141,36.680599212646484
84693181,2025,2025-05-21,2712,2025-01-13,1052,1237,,1,5,3,2712,0,0,0,,0,01B,"RESERVATION RD","DEL MONTE BLVD",30.00,E,N,A,-,N,,,,,,,,,,Y,4,0,4,4,A,-,09,21453,B,N,B,C,A,A,H,-,A,A,0,,,,,Y,,A,01,0,0,4,0,0,0,0,0,0,"- ","- ",36.687431335449219,-121.79865264892578,MONTEREY,MARINA,-121.79962921142578,36.687679290771484
84693183,2025,2025-05-20,2712,2025-05-06,1618,1237,,2,5,3,2712,0,0,0,,0,02A,"DEL MONTE BLVD","CARMEL AVE",4.00,S,N,A,-,N,,,,,,,,,,N,4,0,1,2,A,-,21,22106,,N,A,G,A,A,H,-,A,D,0,,Y,,,Y,,A,01,0,0,1,0,0,0,1,0,0,"- ","- ",36.684131622314453,-121.80198669433594,MONTEREY,MARINA,-121.80287170410156,36.684291839599609
84693421,2025,2025-05-20,2706,2025-05-13,1557,209,,2,5,4,2706,0,0,0,,0,002,"SOUTHBORE TUNNEL","PACIFIC STREET",100.00,S,N,A,-,N,,,,,,,,,,N,3,0,2,2,A,-,21,22106,,N,C,C,A,A,H,-,A,D,0,,,,,Y,,A,01,0,2,0,0,0,0,0,0,0,"- ","- ",,,MONTEREY,MONTEREY,,
84693422,2025,2025-05-20,2706,2025-01-18,1453,626,,6,5,4,2706,0,0,0,,0,002,"MUNRAS AVE","SOLEDAD DR",31.00,N,N,A,-,N,,,,,,,,,,Y,3,0,4,2,A,-,21,22106,,N,C,C,A,A,H,-,A,A,0,,,,,Y,,A,01,0,4,0,0,0,0,0,0,0,"- ","- ",36.583259582519531,-121.90174102783203,MONTEREY,MONTEREY,-121.90180969238281,36.58343505859375
8469473,2018,2018-08-02,2708,2018-02-12,1528,28315,SALIN,1,5,6,2708,0,0,0,,0,006,"RT 183","CASSENTINE ST",450.00,N,N,A,-,Y,MON,5,183,-,-,0.130,H,-,N,N,3,0,1,2,A,-,08,22100,B,N,D,C,A,A,H,-,A,D,0,,,Y,,Y,,D,22,0,1,0,0,0,0,0,0,1,"- ","- ",,,MONTEREY,SALINAS,-121.65279388427734,36.685317993164062
8469477,2018,2018-08-02,2708,2018-02-15,1651,56793,,4,5,6,2708,0,0,0,,0,008,"EAST MARKET ST","MERCED ST",0.00,,Y,A,-,Y,MON,5,101,-,-,87.440,R,4,S,Y,3,0,1,2,A,-,09,21802,A,N,D,C,A,A,H,-,A,A,0,,,,,Y,,D,22,0,1,0,0,0,0,0,0,0,"- ","- ",,,MONTEREY,SALINAS,-121.64190673828125,36.679599761962891
8469484,2018,2018-07-06,2708,2018-02-20,0900,71507,,2,5,6,2708,0,0,0,,0,012,"ABBOTT ST","SPICER ST",25.00,,N,A,F,N,,,,,,,,,,N,4,0,1,2,A,-,05,21650,1,N,B,G,A,A,H,-,A,D,0,,Y,,,Y,,L,04,0,0,1,0,0,0,1,0,0,"- ","- ",,,MONTEREY,SALINAS,-121.64438629150391,36.666118621826172
84694864,2025,2025-05-21,2705,2025-02-26,1359,20,,3,5,3,2705,0,0,0,,0,,"COLLINS ST","RUSS ST",40.00,W,N,A,-,N,,,,,,,,,,N,4,0,1,3,A,-,03,22350,,N,C,C,A,A,H,-,A,D,0,,,,,Y,,A,01,0,0,1,0,0,0,0,0,0,"- ","- ",,,MONTEREY,"KING CITY",-121.13145446777344,36.214271545410156
84694867,2025,2025-05-21,2705,2025-03-19,"659 ",20,,3,5,3,2705,0,0,0,,0,001,"SAN ANTONIO DR","N MILDRED AVE",0.00,,Y,A,-,N,,,,,,,,,,N,3,0,1,2,A,-,10,21950,A,N,G,B,B,A,H,-,A,A,0,Y,,,,Y,,A,01,0,1,0,0,1,0,0,0,0,"- ","- ",,,MONTEREY,"KING CITY",-121.13794708251953,36.216205596923828
84694873,2025,2025-05-21,2705,2025-04-05,2338,11,,6,5,3,2705,0,0,0,,0,,"S MILDRED AVE","REICH ST",0.00,,Y,A,-,N,,,,,,,,,,N,3,0,1,2,A,-,01,23152,A,N,D,C,A,A,H,-,D,A,0,,,,,Y,Y,A,01,0,1,0,0,0,0,0,0,0,"- ","- ",,,MONTEREY,"KING CITY",-121.12981414794922,36.206928253173828
84694875,2025,2025-05-21,2705,2025-04-11,1530,8,,5,5,3,2705,0,0,0,,0,001,"N 3RD ST","ELLIS ST",0.00,,Y,A,-,N,,,,,,,,,,N,3,0,1,2,A,-,11,21954,A,N,G,B,D,A,H,-,A,D,0,Y,,,,Y,,N,60,0,1,0,0,1,0,0,0,0,"- ","- ",,,MONTEREY,"KING CITY",-121.12773132324219,36.214630126953125
8469497,2018,2018-08-02,2708,2018-02-17,1256,49532,SALIN,6,5,6,2708,0,0,0,,0,008,"RT 101","E MARKET",1.00,N,N,A,-,Y,MON,5,101,-,-,87.440,R,4,S,N,3,0,1,2,A,-,05,21650,1,N,-,G,A,A,H,-,A,A,0,,Y,,,Y,,L,04,0,1,0,0,0,0,1,0,0,"- ","- ",,,MONTEREY,SALINAS,-121.64190673828125,36.679599761962891
8469498,2018,2018-08-02,2708,2018-02-10,1730,31968,SALIN,6,5,6,2708,0,0,0,,0,010,"EAST MARKET ST","S RT 101",5.00,N,N,A,-,Y,MON,5,101,-,-,87.440,R,4,S,N,3,0,1,2,A,-,10,21950,A,F,G,B,C,A,H,-,B,D,0,Y,,,,Y,Y,A,01,0,1,0,0,1,0,0,0,0,"- ","- ",,,MONTEREY,SALINAS,-121.64190673828125,36.679599761962891
8469499,2018,2018-08-02,2708,2018-02-12,1715,74125,7,1,5,6,2708,0,0,0,,0,007,"RT 68","PINE ST",25.00,W,N,A,-,Y,MON,5,68,-,-,20.730,I,5,E,N,3,0,1,2,A,-,10,21950,A,N,-,B,B,A,H,-,A,A,0,Y,,,,Y,,D,22,0,1,0,0,1,0,0,0,0,"- ","- ",,,MONTEREY,SALINAS,-121.65650177001953,36.666229248046875
84695039,2025,2025-05-21,2706,2025-05-18,2210,635,,7,5,4,2706,0,0,0,,0,002,"TYLER ST","FRANKLIN ST",0.00,,Y,A,-,N,,,,,,,,,,N,4,0,3,2,A,-,12,21453,A,N,D,C,A,A,H,-,C,A,0,,,,,Y,,A,01,0,0,3,0,0,0,0,0,0,"- ","- ",36.599891662597656,-121.89350128173828,MONTEREY,MONTEREY,-121.89344787597656,36.599842071533203
84695040,2025,2025-05-21,2706,2025-05-19,1732,635,,1,5,4,2706,0,0,0,,0,002,"PACIFIC ST","MADISON ST",0.00,,Y,A,-,N,,,,,,,,,,Y,3,0,1,2,A,-,09,21801,A,N,D,C,A,A,H,-,A,A,0,,,,,Y,,A,01,0,1,0,0,0,0,0,0,0,"- ","- ",,,MONTEREY,MONTEREY,-121.8970947265625,36.596809387207031
84696503,2025,2025-05-22,2708,2025-04-15,1238,252,,2,5,6,2708,0,0,0,,0,,"EAST LAUREL DR","NATIVIDAD RD",37.00,E,N,A,-,N,,,,,,,,,,Y,4,0,1,3,A,-,08,22107,,N,A,C,A,A,H,-,A,A,0,,,,,Y,,A,07,0,0,1,0,0,0,0,0,0,"- ","- ",,,MONTEREY,SALINAS,-121.63816833496094,36.696296691894531
84696507,2025,2025-05-22,2708,2025-05-04,2131,254,,7,5,6,2708,0,0,0,,0,010,"EAST MARKET ST","NORTH PEARL ST",41.00,N,N,A,-,N,,,,,,,,,,Y,4,0,2,3,A,-,01,23153,B,F,C,C,A,A,H,-,C,D,0,,,,,Y,Y,A,01,0,0,2,0,0,0,0,0,0,"- ","- ",,,MONTEREY,SALINAS,-121.63333892822266,36.676712036132812
84696508,2025,2025-05-22,2708,2025-05-06,1139,91,,2,5,6,2708,0,0,0,,0,002,"EAST BORONDA RD","SAN JUAN GRADE RD",495.00,E,N,A,-,N,,,,,,,,,,Y,3,0,1,2,A,-,09,21802,A,N,B,C,A,A,H,-,A,D,0,,,Y,,Y,,A,01,0,1,0,0,0,0,0,0,1,"- ","- ",,,MONTEREY,SALINAS,-121.65005493164062,36.718776702880859
84696636,2025,2025-05-22,2706,2025-05-20,"2   ",635,,2,5,4,2706,0,0,0,,0,002,"SCENIC DR","SHEPHERDS KNOLL",1056.00,S,N,A,-,N,,,,,,,,,,Y,3,0,1,1,A,-,08,22107,,N,E,I,A,A,H,-,D,D,0,,,,,Y,,A,01,0,1,0,0,0,0,0,0,0,"- ","- ",36.580650329589844,-121.91325378417969,MONTEREY,MONTEREY,-121.91173553466797,36.578498840332031
84697987,2025,2025-07-08,2705,2025-04-26,1025,13,,6,5,3,2705,0,0,0,,0,001,"SPRECKELS RD","LEGACY DR",0.00,,Y,B,-,N,,,,,,,,,,N,2,0,3,3,A,-,03,22350,,N,D,E,A,A,H,-,A,A,0,,,Y,,Y,,C,02,1,1,1,0,0,0,0,0,1,"- ","- ",,,MONTEREY,"KING CITY",-121.13240051269531,36.220321655273438
84697989,2025,2025-05-23,2705,2025-05-09,2036,20,,5,5,3,2705,0,0,0,,0,001,"SECOND ST","KING ST",0.00,,Y,A,-,N,,,,,,,,,,N,3,0,1,3,A,-,08,22107,,N,A,C,A,A,H,-,C,A,0,,,,,Y,Y,A,01,0,1,0,0,0,0,0,0,0,"- ","- ",,,MONTEREY,"KING CITY",-121.12905883789062,36.218593597412109
84698063,2025,2025-05-23,2708,2025-05-07,2102,99504,,3,5,6,2708,0,0,0,,0,005,"LINWOOD DR","CHAPARRAL ST",0.00,,Y,A,-,N,,,,,,,,,,Y,4,0,2,2,A,-,01,23153,A,N,C,C,A,A,H,-,C,D,0,,,,,Y,Y,D,72,0,0,2,0,0,0,0,0,0,"- ","- ",,,MONTEREY,SALINAS,-121.64251708984375,36.702053070068359
84699541,2025,2025-05-26,2708,2025-05-08,2140,74137,,4,5,6,2708,0,0,0,,0,009,"SOUTH MAIN ST","JOHN ST",65.00,S,N,A,-,N,,,,,,,,,,N,4,0,2,2,A,-,03,22350,,N,C,C,A,A,H,-,C,A,0,,,,,Y,,A,01,0,0,2,0,0,0,0,0,0,"- ","- ",,,MONTEREY,SALINAS,-121.65482330322266,36.6708984375
84699631,2025,2025-05-26,2706,2025-05-21,1010,103,,3,5,4,2706,0,0,0,,0,002,"CAMINO EL ESTERO","PEARL ST",0.00,,Y,A,-,N,,,,,,,,,,Y,4,0,1,2,D,-,00,,,N,D,C,A,A,H,-,A,A,0,,,,,Y,,-,"- ",0,0,1,0,0,0,0,0,0,"- ","- ",36.597599029541016,-121.88815307617188,MONTEREY,MONTEREY,-121.88804626464844,36.597663879394531
84699875,2025,2025-05-26,2708,2025-05-09,1110,252,,5,5,6,2708,0,0,0,,0,008,"PAJARO ST","HARVEST ST",0.00,,Y,A,-,N,,,,,,,,,,N,4,0,1,2,A,-,09,21802,A,N,D,C,A,A,H,-,A,A,0,,,,,Y,,A,01,0,0,1,0,0,0,0,0,0,"- ","- ",,,MONTEREY,SALINAS,-121.65283203125,36.668754577636719