CASE_ID,ACCIDENT_YEAR,PROC_DATE,JURIS,COLLISION_DATE,COLLISION_TIME,OFFICER_ID,REPORTING_DISTRICT,DAY_OF_WEEK,CHP_SHIFT,POPULATION,CNTY_CITY_LOC,SPECIAL_COND,BEAT_TYPE,CHP_BEAT_TYPE,CITY_DIVISION_LAPD,CHP_BEAT_CLASS,BEAT_NUMBER,PRIMARY_RD,SECONDARY_RD,DISTANCE,DIRECTION,INTERSECTION,WEATHER_1,WEATHER_2,STATE_HWY_IND,CALTRANS_COUNTY,CALTRANS_DISTRICT,STATE_ROUTE,ROUTE_SUFFIX,POSTMILE_PREFIX,POSTMILE,LOCATION_TYPE,RAMP_INTERSECTION,SIDE_OF_HWY,TOW_AWAY,COLLISION_SEVERITY,NUMBER_KILLED,NUMBER_INJURED,PARTY_COUNT,PRIMARY_COLL_FACTOR,PCF_CODE_OF_VIOL,PCF_VIOL_CATEGORY,PCF_VIOLATION,PCF_VIOL_SUBSECTION,HIT_AND_RUN,TYPE_OF_COLLISION,MVIW,PED_ACTION,ROAD_SURFACE,ROAD_COND_1,ROAD_COND_2,LIGHTING,CONTROL_DEVICE,CHP_ROAD_TYPE,PEDESTRIAN_ACCIDENT,BICYCLE_ACCIDENT,MOTORCYCLE_ACCIDENT,TRUCK_ACCIDENT,NOT_PRIVATE_PROPERTY,ALCOHOL_INVOLVED,STWD_VEHTYPE_AT_FAULT,CHP_VEHTYPE_AT_FAULT,COUNT_SEVERE_INJ,COUNT_VISIBLE_INJ,COUNT_COMPLAINT_PAIN,COUNT_PED_KILLED,COUNT_PED_INJURED,COUNT_BICYCLIST_KILLED,COUNT_BICYCLIST_INJURED,COUNT_MC_KILLED,COUNT_MC_INJURED,PRIMARY_RAMP,SECONDARY_RAMP,LATITUDE,LONGITUDE,COUNTY,CITY,POINT_X,POINT_Y
8582509,2018,2018-03-26,2708,2018-02-22,1639,28315,SALIN,4,5,6,2708,0,0,0,,0,005,"NATIVIDAD RD","SORRENTINI DR",4.00,S,N,A,-,N,,,,,,,,,,N,2,0,1,2,A,-,10,21950,A,N,G,B,B,A,H,-,A,A,0,Y,,,,Y,,-,,1,0,0,0,1,0,0,0,0,"- ","- ",,,MONTEREY,SALINAS,-121.6405029296875,36.694454193115234
8582510,2018,2018-03-23,2708,2018-02-15,0907,19120,,4,5,6,2708,0,0,0,,0,007,"WEST ACACIA ST","RIKER ST",0.00,,Y,A,-,N,,,,,,,,,,N,4,0,1,2,A,-,10,21950,A,N,G,B,B,A,H,-,A,A,0,Y,,,,Y,,-,,0,0,1,0,1,0,0,0,0,"- ","- ",,,MONTEREY,SALINAS,-121.66139221191406,36.666259765625
8582513,2018,2018-03-26,2708,2018-02-25,1751,15945,,7,5,6,2708,0,0,0,,0,,"SHERWOOD DR","EAST ROSSI ST",964.00,N,N,A,-,N,,,,,,,,,,Y,4,0,1,3,A,-,03,22350,,F,C,C,A,A,H,-,B,D,0,,,,,Y,,-,,0,0,1,0,0,0,0,0,0,"- ","- ",,,MONTEREY,SALINAS,-121.64971923828125,36.682704925537109
8582514,2018,2018-03-23,2708,2018-02-06,1345,19943,,2,5,6,2708,0,0,0,,0,002,"N 1ST ST","CHEROKEE DR",150.00,S,N,A,-,N,,,,,,,,,,Y,3,0,2,3,A,-,08,22107,,N,C,E,A,A,H,-,A,D,0,,,,,Y,,A,07,0,1,1,0,0,0,0,0,0,"- ","- ",,,MONTEREY,SALINAS,-121.65610504150391,36.710739135742188
8582517,2018,2018-03-26,2708,2018-02-12,2208,28315,SALIN,1,5,6,2708,0,0,0,,0,006,"NORTH DAVIS RD","POST DR",15.00,S,N,A,-,N,,,,,,,,,,N,4,0,2,2,A,-,03,22350,,N,C,C,A,A,H,-,C,A,0,,,,,Y,,-,,0,0,2,0,0,0,0,0,0,"- ","- ",,,MONTEREY,SALINAS,-121.66875457763672,36.696029663085938
8582518,2018,2018-03-29,2708,2018-02-05,0924,19943,,1,5,6,2708,0,0,0,,0,005,"NORTH MAIN ST","NAVAJO DR",0.00,,Y,A,-,N,,,,,,,,,,N,4,0,1,2,A,-,00,21951,A,N,G,B,B,A,H,-,A,D,0,Y,,,,Y,,A,01,0,0,1,0,1,0,0,0,0,"- ","- ",,,MONTEREY,SALINAS,-121.65325164794922,36.705699920654297
8582521,2018,2018-03-26,2708,2018-02-22,1243,75635,,4,5,6,2708,0,0,0,,0,,"WEST ROSSI ST","MARTELLA ST",0.00,,Y,A,-,N,,,,,,,,,,Y,3,0,1,3,A,-,09,21802,A,N,D,C,A,A,H,-,A,D,0,,,,,Y,Y,-,,0,1,0,0,0,0,0,0,0,"- ","- ",,,MONTEREY,SALINAS,-121.65508270263672,36.6815185546875
8582522,2018,2018-03-23,2708,2018-02-09,1838,56793,,5,5,6,2708,0,0,0,,0,002,"NORTH MAIN ST","CHAPARRAL ST",0.00,,Y,A,-,N,,,,,,,,,,Y,3,0,3,2,A,-,03,22350,,N,C,C,A,A,H,-,C,D,0,,,,,Y,,-,,0,1,2,0,0,0,0,0,0,"- ","- ",,,MONTEREY,SALINAS,-121.65292358398438,36.704029083251953
8582525,2018,2018-03-26,2708,2018-02-23,0954,49532,SALIN,5,5,6,2708,0,0,0,,0,005,"EAST LAUREL DR","GRANADA AV",20.00,E,N,A,-,N,,,,,,,,,,N,4,0,1,2,A,-,07,21658,A,N,B,C,A,A,H,-,A,A,0,,,,,Y,,A,01,0,0,1,0,0,0,0,0,0,"- ","- ",,,MONTEREY,SALINAS,-121.64028167724609,36.696773529052734
8582526,2018,2018-03-23,2708,2018-02-15,0803,49986,,4,5,6,2708,0,0,0,,0,011,"NORTH SANBORN RD",GARNER,8.00,N,N,A,-,N,,,,,,,,,,N,3,0,2,3,A,-,10,21950,A,N,-,B,B,A,H,-,A,A,0,Y,,,,Y,,-,,0,1,1,0,2,0,0,0,0,"- ","- ",,,MONTEREY,SALINAS,-121.61511993408203,36.686222076416016
8582529,2018,2018-03-26,2708,2018-02-27,1314,98751,SALIN,2,5,6,2708,0,0,0,,0,004,"CONSTITUTION BL","EAST LAUREL DR",0.00,,Y,A,-,N,,,,,,,,,,Y,4,0,1,2,A,-,08,22107,,N,D,C,A,A,H,-,A,A,0,,,,,Y,,A,01,0,0,1,0,0,0,0,0,0,"- ","- ",,,MONTEREY,SALINAS,-121.63230895996094,36.694488525390625
8582530,2018,2018-03-23,2708,2018-02-01,1700,34273,,4,5,6,2708,0,0,0,,0,008,"CENTRAL AV","LINCOLN AV",15.00,W,N,A,-,N,,,,,,,,,,N,4,0,1,2,A,-,03,22350,,N,C,C,A,A,H,-,A,A,0,,,,,Y,,-,,0,0,1,0,0,0,0,0,0,"- ","- ",,,MONTEREY,SALINAS,-121.65760803222656,36.676631927490234
8582533,2018,2018-03-26,2708,2018-02-15,1624,04125,,4,5,6,2708,0,0,0,,0,011,"LAS CASITAS","CONSTITUTION BL",3.00,E,N,A,-,N,,,,,,,,,,N,2,0,1,2,A,-,12,22450,A,N,D,G,A,A,H,-,A,D,0,,Y,,,Y,,-,,1,0,0,0,0,0,1,0,0,"- ","- ",,,MONTEREY,SALINAS,-121.61258697509766,36.698772430419922
8582534,2018,2018-03-23,2708,2018-02-02,1824,31967,SALIN,5,5,6,2708,0,0,0,,0,012,"WILLIAMS RD",GRANDHAVEN,0.00,,Y,A,-,N,,,,,,,,,,Y,2,0,3,2,A,-,01,23152,A,F,D,C,A,A,H,-,D,D,0,,,,,Y,Y,-,,1,0,2,0,0,0,0,0,0,"- ","- ",,,MONTEREY,SALINAS,-121.61196899414062,36.676830291748047
8582537,2018,2018-03-26,2708,2018-02-16,1340,30510,,5,5,6,2708,0,0,0,,0,002,"CHEROKEE DR","N 1ST",90.00,W,N,A,-,N,,,,,,,,,,N,3,0,2,4,A,-,21,22106,,F,-,C,E,A,H,-,A,D,0,Y,,,,Y,,-,,0,1,1,0,2,0,0,0,0,"- ","- ",,,MONTEREY,SALINAS,-121.65662384033203,36.710952758789062
8582538,2018,2018-03-23,2708,2018-02-07,0730,82326,,3,5,6,2708,0,0,0,,0,002,"WEST LAUREL DR","TYLER ST",0.00,,Y,A,-,N,,,,,,,,,,Y,4,0,1,2,A,-,12,21453,A,N,D,C,A,A,H,-,A,A,0,,,,,Y,,-,,0,0,1,0,0,0,0,0,0,"- ","- ",,,MONTEREY,SALINAS,-121.65943145751953,36.698379516601562
8582541,2018,2018-03-26,2708,2018-02-13,0839,19003,,2,5,6,2708,0,0,0,,0,010,"JOHN ST",HEBBRON,0.00,,Y,A,-,N,,,,,,,,,,N,4,0,1,2,A,-,09,21800,B,M,D,D,A,A,H,-,A,D,0,,,,,Y,,-,,0,0,1,0,0,0,0,0,0,"- ","- ",,,MONTEREY,SALINAS,-121.6328125,36.669879913330078
8582542,2018,2018-03-23,2708,2018-02-03,1832,30425,,6,5,6,2708,0,0,0,,0,009,"ROMIE LN","SOUTH MAIN ST",0.00,,Y,A,-,N,,,,,,,,,,Y,3,0,1,2,A,-,11,21955,,N,G,B,D,A,H,-,C,A,0,Y,,,,Y,,N,60,0,1,0,0,1,0,0,0,0,"- ","- ",,,MONTEREY,SALINAS,-121.65773773193359,36.662631988525391
8582545,2018,2018-03-26,2708,2018-02-20,1649,92575,SALIN,2,5,6,2708,0,0,0,,0,010,"EAST MARKET ST","N FILICE",210.00,W,N,A,-,N,,,,,,,,,,N,4,0,2,2,A,-,09,21804,A,N,B,C,A,A,H,-,A,D,0,,,,,Y,,A,01,0,0,2,0,0,0,0,0,0,"- ","- ",,,MONTEREY,SALINAS,-121.63052368164062,36.676429748535156
8582549,2018,2018-03-26,2708,2018-02-16,1628,56793,,5,5,6,2708,0,0,0,,0,002,"NORTH MAIN ST","EAST ALVIN DR",100.00,S,N,A,-,N,,,,,,,,,,N,4,0,1,2,A,-,03,22350,,N,C,C,A,A,H,-,A,A,0,,,,,Y,,-,,0,0,1,0,0,0,0,0,0,"- ","- ",,,MONTEREY,SALINAS,-121.65341186523438,36.707630157470703
8582553,2018,2018-03-26,2708,2018-02-27,1749,28315,SALIN,2,5,6,2708,0,0,0,,0,007,"W ALISAL ST","HOMESTEAD AV",350.00,W,N,A,-,N,,,,,,,,,,Y,4,0,1,2,A,-,03,22350,,N,C,C,A,A,H,-,A,D,0,,,,,Y,,-,,0,0,1,0,0,0,0,0,0,"- ","- ",,,MONTEREY,SALINAS,-121.66555786132812,36.67236328125
8582557,2018,2018-03-26,2708,2018-02-15,1321,52823,,4,5,6,2708,0,0,0,,0,,"WEST ROSSI ST","POWELL ST",305.00,E,N,A,-,N,,,,,,,,,,,3,0,1,1,A,-,08,22107,,N,E,I,A,A,H,-,A,D,0,,,,,Y,,-,,0,1,0,0,0,0,0,0,0,"- ","- ",,,MONTEREY,SALINAS,-121.66315460205078,36.684486389160156
8582791,2018,2018-04-05,2710,2018-01-19,1856,40386,MARIN,5,5,4,2710,0,0,0,,0,002,"DEL MONTE BL","DEL MONTE BL 1350",0.00,,-,A,G,N,,,,,,,,,,Y,2,0,1,2,A,-,09,21801,A,F,D,C,A,A,H,-,C,D,0,,,Y,,Y,,D,22,1,0,0,0,0,0,0,0,1,"- ","- ",,,MONTEREY,SEASIDE,-121.84460878,36.614861670000003
8582893,2017,2018-03-28,2710,2017-01-23,1757,36059,MARTI,1,5,4,2710,0,0,0,,0,,"NOCHE BUENA ST","AMADOR AV",10.00,S,N,A,-,N,,,,,,,,,,,4,0,1,2,A,-,03,22350,,N,C,C,A,A,H,-,C,D,0,,,,,Y,,-,,0,0,1,0,0,0,0,0,0,"- ","- ",,,MONTEREY,SEASIDE,-121.83777075,36.606762529999997
8582897,2018,2018-03-28,2710,2018-01-19,1221,37346,,5,5,4,2710,0,0,0,,0,02B,"LA SALLE","VALLEJO ST",88.00,W,N,-,-,N,,,,,,,,,,Y,2,0,1,2,A,-,09,21804,A,N,D,B,A,A,H,-,A,D,0,,,Y,,Y,,A,01,1,0,0,0,0,0,0,0,1,"- ","- ",,,MONTEREY,SEASIDE,-121.83207702636719,36.61669921875
8582901,2018,2018-03-28,2710,2018-01-18,2239,40392,SALIN,4,5,4,2710,0,0,0,,0,01B,"FREMONT BL","HILBY AV",0.00,,Y,C,-,N,,,,,,,,,,Y,4,0,1,2,A,-,09,21453,C,N,A,C,A,B,H,-,C,A,0,,,,,Y,,A,01,0,0,1,0,0,0,0,0,0,"- ","- ",,,MONTEREY,SEASIDE,-121.84882354736328,36.602611541748047
8582905,2018,2018-03-28,2710,2018-01-12,0640,40392,,5,5,4,2710,0,0,0,,0,01A,"TERRACE ST","BROADWAY AV",0.00,,Y,A,-,N,,,,,,,,,,N,3,0,1,2,A,-,00,21951,A,N,G,B,B,A,H,-,E,A,0,Y,,,,Y,,A,01,0,1,0,0,1,0,0,0,0,"- ","- ",,,MONTEREY,SEASIDE,-121.8427734375,36.609119415283203
8582909,2018,2018-03-28,2710,2018-01-11,0619,40392,SALIN,4,5,4,2710,0,0,0,,0,01A,"FREMONT BL","CLEMENTINA AV",0.00,,Y,A,-,N,,,,,,,,,,Y,4,0,1,1,A,-,08,22107,,N,A,I,A,A,H,-,C,A,0,,,,,Y,,A,01,0,0,1,0,0,0,0,0,0,"- ","- ",,,MONTEREY,SEASIDE,-121.84462738037109,36.610870361328125
8582913,2018,2018-03-28,2710,2018-01-09,0841,32771,,2,5,4,2710,0,0,0,,0,002,"NOCHE BUENA","OLYMPIA AV",0.00,,Y,B,C,N,,,,,,,,,,Y,4,0,2,2,A,-,09,21802,A,N,D,C,A,B,H,-,A,A,0,,,,,Y,,A,01,0,0,2,0,0,0,0,0,0,"- ","- ",,,MONTEREY,SEASIDE,-121.83769989013672,36.610031127929688
8583269,2018,2018-03-27,2710,2018-01-11,0822,40392,SALIN,4,5,4,2710,0,0,0,,0,02A,"FREMONT BL","SONOMA AV",0.00,,Y,A,-,N,,,,,,,,,,N,4,0,1,2,A,-,12,21453,A,N,A,C,A,A,H,-,A,A,0,,,,,Y,,A,01,0,0,1,0,0,0,0,0,0,"- ","- ",,,MONTEREY,SEASIDE,-121.84709930419922,36.606250762939453
8583273,2018,2018-03-27,2710,2018-01-12,1558,40405,MARIN,5,5,4,2710,0,0,0,,0,02B,"DEL MONTE BL","PONDEROSA AV",126.00,S,N,A,-,N,,,,,,,,,,Y,4,0,1,2,C,-,18,,,N,B,E,A,A,H,-,A,D,0,,,,,Y,,-,"- ",0,0,1,0,0,0,0,0,0,"- ","- ",,,MONTEREY,SEASIDE,-121.85035705566406,36.610580444335938
8583384,2018,2018-07-06,2708,2018-02-14,1620,31968,SALIN,3,5,6,2708,0,0,0,,0,011,"EAST BORONDA RD","RIDER AV",14.00,N,-,A,-,N,,,,,,,,,,Y,2,0,4,3,A,-,01,23153,F,N,A,C,A,A,H,-,A,D,0,,,,,Y,Y,A,01,1,1,2,0,0,0,0,0,0,"- ","- ",,,MONTEREY,SALINAS,-121.60019683837891,36.700229644775391
8583404,2018,2018-07-27,2706,2018-03-08,1507,505,2706,4,5,4,2706,0,0,0,,0,003,"RT 68","YORK RD",0.00,,Y,A,-,Y,MON,5,68,-,-,8.130,H,-,E,Y,3,0,2,2,A,-,03,22350,,N,C,C,A,A,H,-,A,A,0,,,,,Y,,A,01,0,1,1,0,0,0,0,0,0,"- ","- ",,,MONTEREY,MONTEREY,-121.80867004394531,36.571578979492188
8586680,2018,2018-03-28,2708,2018-02-20,1529,59989,SALIN,2,5,6,2708,0,0,0,,0,008,"E ALISAL ST","FRONT ST",0.00,,Y,A,-,N,,,,,,,,,,Y,3,0,2,2,A,-,09,21806,A,N,D,C,A,A,H,-,A,A,0,,,,,Y,,-,,0,2,0,0,0,0,0,0,0,"- ","- ",,,MONTEREY,SALINAS,-121.64916229248047,36.674640655517578
8586805,2017,2018-04-02,2708,2017-02-09,0901,19702,SPD,4,5,6,2708,0,0,0,,0,012,"WILLIAMS RD","BARDIN CIR",270.00,N,N,B,-,N,,,,,,,,,,N,4,0,2,2,A,-,03,22350,,N,C,C,A,A,H,-,A,D,0,,,,,Y,,-,,0,0,2,0,0,0,0,0,0,"- ","- ",,,MONTEREY,SALINAS,-121.60627991,36.680080320000002
8587092,2018,2018-04-20,2708,2018-02-14,1534,35838,,3,5,6,2708,0,0,0,,0,011,"LAS CASITAS DR","CONSTITUTION BL",3.00,E,N,A,-,N,,,,,,,,,,N,4,0,1,2,A,-,05,21650,,N,D,G,A,A,H,-,A,D,0,,Y,,,Y,,L,04,0,0,1,0,0,0,1,0,0,"- ","- ",,,MONTEREY,SALINAS,-121.61258697509766,36.698772430419922
8587297,2018,2018-05-08,2710,2018-03-26,2040,40401,MARIN,1,5,4,2710,0,0,0,,0,,"BROADWAY AV","FREMONT BL",355.00,E,N,A,-,N,,,,,,,,,,N,3,0,1,2,A,-,11,21955,,N,G,B,D,A,H,-,D,D,0,Y,,,,Y,,N,60,0,1,0,0,1,0,0,0,0,"- ","- ",,,MONTEREY,SEASIDE,-121.84443664550781,36.609146118164062
8587374,2018,2018-05-15,2706,2018-05-04,2026,129,MPD,5,5,4,2706,0,0,0,,0,001,"FRANKLIN ST","HIGH ST",8.00,W,N,B,-,N,,,,,,,,,,N,4,0,1,2,A,-,11,21956,A,N,G,B,E,A,H,-,D,D,0,Y,,,,Y,,N,60,0,0,1,0,1,0,0,0,0,"- ","- ",,,MONTEREY,MONTEREY,-121.90452575683594,36.602264404296875
8587946,2018,2018-05-07,2708,2018-03-18,1337,75635,SALIN,7,5,6,2708,0,0,0,,0,,"N 1ST ST","WEST CURTIS ST",50.00,N,N,A,-,N,,,,,,,,,,N,2,0,1,2,A,-,09,21801,A,N,D,G,A,A,H,-,C,D,0,,Y,,,Y,,D,22,1,0,0,0,0,0,1,0,0,"- ","- ",,,MONTEREY,SALINAS,-121.65491485595703,36.701614379882812
8588069,2018,2018-05-02,2708,2018-03-13,0833,69054,,2,5,6,2708,0,0,0,,0,007,"W ALISAL ST",HOMESTEAD,0.00,,Y,C,-,N,,,,,,,,,,Y,4,0,1,2,A,-,12,21453,A,N,D,C,A,B,H,-,A,A,0,,,,,Y,,-,,0,0,1,0,0,0,0,0,0,"- ","- ",,,MONTEREY,SALINAS,-121.66438293457031,36.672519683837891
8588330,2018,2018-06-04,2712,2018-03-07,1236,1073,2712,3,5,3,2712,0,0,0,,0,001,"IMJIN PKWY","ABRAMS DR",329.00,S,N,A,-,N,,,,,,,,,,Y,4,0,2,3,A,-,03,22350,,N,C,C,A,A,H,-,A,B,0,,,,,Y,,A,01,0,0,2,0,0,0,0,0,0,"- ","- ",,,MONTEREY,MARINA,-121.79295349121094,36.662967681884766
8589433,2018,2018-04-05,2712,2018-03-16,1606,1127,2712,5,5,3,2712,0,0,0,,0,001,"DEL MONTE BL","RESERVATION RD",0.00,,Y,A,B,N,,,,,,,,,,N,4,0,1,2,A,-,10,21950,A,M,G,B,B,B,H,-,C,A,0,Y,,,,Y,,A,01,0,0,1,0,1,0,0,0,0,"- ","- ",,,MONTEREY,MARINA,-121.79972839355469,36.687698364257812
8589477,2018,2018-04-05,2706,2018-03-29,1658,121,MPD,4,5,4,2706,0,0,0,,0,002,"DEL MONTE AV","CALLE PRINCIPAL",0.00,,Y,A,-,N,,,,,,,,,,N,4,0,1,2,A,-,10,21950,A,F,G,B,B,A,H,-,A,A,0,Y,,,,Y,,-,99,0,0,1,0,1,0,0,0,0,"- ","- ",,,MONTEREY,MONTEREY,-121.89462280273438,36.601009368896484
8589481,2018,2018-04-05,2706,2018-03-21,2046,114,2706,3,5,4,2706,0,0,0,,0,002,"FRANKLIN ST","ALVARADO ST",13.00,E,N,C,-,N,,,,,,,,,,Y,4,0,1,2,A,-,12,21453,A,N,D,C,A,B,H,-,C,A,0,,,,,Y,,A,01,0,0,1,0,0,0,0,0,0,"- ","- ",,,MONTEREY,MONTEREY,-121.89431762695312,36.599971771240234
8589485,2018,2018-04-05,2706,2018-03-29,1301,851,,4,5,4,2706,0,0,0,,0,002,"CAMINO EL ESTERO","FREMONT ST",0.00,,Y,A,-,N,,,,,,,,,,N,4,0,1,2,A,-,10,21950,A,N,G,B,B,A,H,-,A,A,0,Y,,,,Y,Y,A,07,0,0,1,0,1,0,0,0,0,"- ","- ",,,MONTEREY,MONTEREY,-121.88925933837891,36.595130920410156
8589489,2018,2018-04-05,2706,2018-03-29,1432,851,,4,5,4,2706,0,0,0,,0,001,"SCOTT ST","PACIFIC ST",0.00,,Y,A,-,N,,,,,,,,,,N,4,0,1,2,A,-,10,21950,A,N,G,B,B,A,H,-,A,A,0,Y,,,,Y,,A,01,0,0,1,0,1,0,0,0,0,"- ","- ",,,MONTEREY,MONTEREY,-121.89537048339844,36.603179931640625
8589493,2018,2018-04-05,2706,2018-03-18,1720,635,MPD,7,5,4,2706,0,0,0,,0,003,"DEL MONTE AV","CASA VERDE WY",0.00,,Y,A,-,N,,,,,,,,,,N,2,0,1,2,A,-,08,22107,,F,D,G,A,A,H,-,A,A,0,,Y,,,Y,,-,99,1,0,0,0,0,0,1,0,0,"- ","- ",,,MONTEREY,MONTEREY,-121.86660003662109,36.602081298828125
8589497,2018,2018-04-05,2706,2018-03-26,0815,635,MPD,1,5,4,2706,0,0,0,,0,001,LIGHTHOUSE,PACIFIC,141.00,S,N,A,-,N,,,,,,,,,,Y,2,0,1,3,A,-,08,22107,,N,B,C,A,A,H,-,A,D,0,,,Y,,Y,,C,02,1,0,0,0,0,0,0,0,1,"- ","- ",,,MONTEREY,MONTEREY,-121.92230987548828,36.623245239257812
8594641,2018,2018-04-24,2707,2018-03-25,1411,2245,2707,7,5,3,2707,0,0,0,,0,002,"EARDLEY AV","SPRUCE AV",0.00,,Y,A,-,N,,,,,,,,,,Y,3,0,1,2,A,-,03,22350,,N,B,E,A,A,H,-,A,D,0,,,,,Y,,A,01,0,1,0,0,0,0,0,0,0,"- ","- ",,,MONTEREY,"PACIFIC GROVE",-121.91005706787109,36.615188598632812
8595043,2018,2018-04-24,2710,2018-02-11,0152,40386,MARIN,7,5,4,2710,0,0,0,,0,005,"SAN PABLO AV","KENNETH ST",16.00,E,N,A,-,N,,,,,,,,,,Y,4,0,2,3,A,-,01,23152,,N,A,E,A,A,H,-,C,D,0,,,,,Y,Y,A,01,0,0,2,0,0,0,0,0,0,"- ","- ",,,MONTEREY,SEASIDE,-121.83683776855469,36.614620208740234
8595047,2018,2018-04-24,2710,2018-02-02,1318,38145,,5,5,4,2710,0,0,0,,0,003,"1700 FREMONT BL","FREMONT BL",0.00,,Y,A,-,N,,,,,,,,,,N,3,0,1,2,D,-,00,,,N,B,G,A,A,H,-,A,D,0,,Y,,,Y,,-,"- ",0,1,0,0,0,0,1,0,0,"- ","- ",,,MONTEREY,SEASIDE,-121.8441449,36.611887879999998
8595072,2018,2018-04-25,2710,2018-02-20,1137,40392,SALIN,2,5,4,2710,0,0,0,,0,02A,"1065 CLEMENTINA AV","CLEMENTINA AV",0.00,,Y,A,-,N,,,,,,,,,,N,4,0,1,2,A,-,21,22106,,N,C,C,A,A,H,-,A,A,0,,,,,Y,,A,01,0,0,1,0,0,0,0,0,0,"- ","- ",,,MONTEREY,SEASIDE,-121.843577,36.610861999999997
8595076,2018,2018-04-25,2710,2018-02-17,0706,38145,,6,5,4,2710,0,0,0,,0,002,"BROADWAY AV","TERRACE ST",30.00,E,N,A,-,N,,,,,,,,,,N,4,0,1,2,A,-,03,22350,,N,C,C,A,A,H,-,A,A,0,,,,,Y,,-,,0,0,1,0,0,0,0,0,0,"- ","- ",,,MONTEREY,SEASIDE,-121.84266662597656,36.609119415283203
8595592,2018,2018-05-15,2712,2018-04-19,0748,1087,2712,4,5,3,2712,0,0,0,,0,001,"416 RESERVATION RD","RESERVATION RD",0.00,,Y,A,-,N,,,,,,,,,,N,4,0,1,2,A,-,09,21804,A,N,D,G,A,A,H,-,A,D,0,,Y,,,Y,,A,01,0,0,1,0,0,0,1,0,0,"- ","- ",,,MONTEREY,MARINA,-121.78468466,36.680425739999997
8595867,2018,2018-04-17,2704,2018-03-28,0745,0098,2704,3,5,3,2704,0,0,0,,0,002,"OAK AV","5TH ST",0.00,,Y,A,-,N,,,,,,,,,,N,3,0,1,2,B,-,22,,,N,G,B,B,A,H,-,B,A,0,Y,,,,Y,,-,"- ",0,1,0,0,1,0,0,0,0,"- ","- ",,,MONTEREY,GREENFIELD,-121.23918914794922,36.323200225830078
8596224,2018,2018-04-19,2703,2018-04-04,1715,8185,2703,3,5,2,2703,0,0,0,,0,ALL,"S BELDEN ST","C ST",135.00,S,N,A,-,N,,,,,,,,,,N,4,0,1,2,B,-,22,,,F,G,G,A,A,H,-,A,D,0,,Y,,,Y,,A,01,0,0,1,0,0,0,1,0,0,"- ","- ",,,MONTEREY,GONZALES,-121.43833160400391,36.502593994140625
8596422,2018,2018-04-26,2712,2018-04-01,0150,1073,2712,7,5,3,2712,0,0,0,,0,001,"MARINA DR","DEBBIE CIR",126.00,N,N,A,-,N,,,,,,,,,,Y,3,0,1,3,A,-,01,23153,A,N,G,B,F,A,H,-,C,D,0,Y,,,,Y,Y,A,01,0,1,0,0,1,0,0,0,0,"- ","- ",,,MONTEREY,MARINA,-121.80142974853516,36.686531066894531
8596437,2018,2018-04-19,2706,2018-04-05,1839,635,2706,4,5,4,2706,0,0,0,,0,002,"MUNRAS AV","DEL MONTE CTR",77.00,S,N,A,-,N,,,,,,,,,,Y,4,0,1,1,A,-,08,22107,,N,E,I,A,A,H,-,A,D,0,,,,,Y,,A,01,0,0,1,0,0,0,0,0,0,"- ","- ",,,MONTEREY,MONTEREY,-121.90101623535156,36.584621429443359
8596483,2018,2018-04-17,2706,2018-03-31,1914,826,2706,6,5,4,2706,0,0,0,,0,003,"DEL MONTE AV","DE LA VINA AV",0.00,,Y,A,-,N,,,,,,,,,,Y,4,0,1,2,A,-,09,21801,A,N,D,-,A,A,H,-,C,D,0,,,,,Y,,A,01,0,0,1,0,0,0,0,0,0,"- ","- ",,,MONTEREY,MONTEREY,-121.86579895019531,36.602439880371094
8596554,2018,2018-04-20,2706,2018-03-25,1006,505,2706,7,5,4,2706,0,0,0,,0,002,"PEARL ST","CORTES ST",9.00,W,N,C,-,N,,,,,,,,,,Y,3,0,3,2,A,-,08,22107,,N,A,C,A,B,H,-,A,D,0,,,,,Y,,A,01,0,1,2,0,0,0,0,0,0,"- ","- ",,,MONTEREY,MONTEREY,-121.88925933837891,36.597862243652344
8597341,2018,2018-04-20,2706,2018-04-06,2115,121,MPD,5,5,4,2706,0,0,0,,0,001,"PACIFIC ST","FRANKLIN ST",0.00,,Y,B,-,N,,,,,,,,,,Y,4,0,2,2,A,-,09,21801,A,F,D,C,A,A,H,-,C,A,0,,,,,Y,,D,22,0,0,2,0,0,0,0,0,0,"- ","- ",,,MONTEREY,MONTEREY,-121.89581298828125,36.600189208984375
8597345,2018,2018-04-20,2706,2018-04-08,0904,103,MPD,7,5,4,2706,0,0,0,,0,002,"FIGUEROA ST","FRANKLIN ST",0.00,,Y,A,-,N,,,,,,,,,,Y,3,0,4,2,A,-,12,21453,A,N,D,C,A,A,H,-,A,A,0,,,,,Y,,D,22,0,3,1,0,0,0,0,0,0,"- ","- ",,,MONTEREY,MONTEREY,-121.89019775390625,36.599288940429688
8597574,2018,2018-04-24,2706,2018-03-30,1247,538,MPD,5,5,4,2706,0,0,0,,0,003,"AGUAJITO RD","MARK THOMAS DR",0.00,,Y,A,-,N,,,,,,,,,,Y,3,0,1,2,A,-,09,21801,A,N,D,G,A,A,H,-,A,A,0,,Y,,,Y,,A,01,0,1,0,0,0,0,1,0,0,"- ","- ",,,MONTEREY,MONTEREY,-121.88011932373047,36.591098785400391
8597613,2018,2018-04-24,2706,2018-04-09,1241,103,MPD,1,5,4,2706,0,0,0,,0,002,"PACIFIC ST","MADISON ST",0.00,,Y,A,-,N,,,,,,,,,,Y,4,0,1,2,A,-,08,22102,,N,D,C,A,A,H,-,A,D,0,,,,,Y,,A,01,0,0,1,0,0,0,0,0,0,"- ","- ",,,MONTEREY,MONTEREY,-121.89710235595703,36.596809387207031
8599388,2018,2018-04-30,2706,2018-03-27,1939,816,MPD,2,5,4,2706,0,0,0,,0,003,"CASANOVA AV","TOYON AV",123.00,S,N,A,-,N,,,,,,,,,,Y,4,0,3,5,C,-,18,,,N,C,E,A,A,H,-,C,D,0,,,,,Y,,-,"- ",0,0,3,0,0,0,0,0,0,"- ","- ",,,MONTEREY,MONTEREY,-121.85607147216797,36.599945068359375