CASE_ID,ACCIDENT_YEAR,PROC_DATE,JURIS,COLLISION_DATE,COLLISION_TIME,OFFICER_ID,REPORTING_DISTRICT,DAY_OF_WEEK,CHP_SHIFT,POPULATION,CNTY_CITY_LOC,SPECIAL_COND,BEAT_TYPE,CHP_BEAT_TYPE,CITY_DIVISION_LAPD,CHP_BEAT_CLASS,BEAT_NUMBER,PRIMARY_RD,SECONDARY_RD,DISTANCE,DIRECTION,INTERSECTION,WEATHER_1,WEATHER_2,STATE_HWY_IND,CALTRANS_COUNTY,CALTRANS_DISTRICT,STATE_ROUTE,ROUTE_SUFFIX,POSTMILE_PREFIX,POSTMILE,LOCATION_TYPE,RAMP_INTERSECTION,SIDE_OF_HWY,TOW_AWAY,COLLISION_SEVERITY,NUMBER_KILLED,NUMBER_INJURED,PARTY_COUNT,PRIMARY_COLL_FACTOR,PCF_CODE_OF_VIOL,PCF_VIOL_CATEGORY,PCF_VIOLATION,PCF_VIOL_SUBSECTION,HIT_AND_RUN,TYPE_OF_COLLISION,MVIW,PED_ACTION,ROAD_SURFACE,ROAD_COND_1,ROAD_COND_2,LIGHTING,CONTROL_DEVICE,CHP_ROAD_TYPE,PEDESTRIAN_ACCIDENT,BICYCLE_ACCIDENT,MOTORCYCLE_ACCIDENT,TRUCK_ACCIDENT,NOT_PRIVATE_PROPERTY,ALCOHOL_INVOLVED,STWD_VEHTYPE_AT_FAULT,CHP_VEHTYPE_AT_FAULT,COUNT_SEVERE_INJ,COUNT_VISIBLE_INJ,COUNT_COMPLAINT_PAIN,COUNT_PED_KILLED,COUNT_PED_INJURED,COUNT_BICYCLIST_KILLED,COUNT_BICYCLIST_INJURED,COUNT_MC_KILLED,COUNT_MC_INJURED,PRIMARY_RAMP,SECONDARY_RAMP,LATITUDE,LONGITUDE,COUNTY,CITY,POINT_X,POINT_Y
8851536,2019,2019-05-21,2706,2019-04-18,1142,538,2706,4,5,4,2706,0,0,0,,0,001,"LIGHTHOUSE AV","REESIDE AV",250.00,N,N,A,-,N,,,,,,,,,,N,4,0,1,2,A,-,08,22107,,N,B,C,A,A,H,-,A,D,0,,,,,Y,,A,01,0,0,1,0,0,0,0,0,0,"- ","- ",,,MONTEREY,MONTEREY,-121.89888000488281,36.610206604003906
8851579,2019,2019-05-03,2706,2019-04-10,1346,851,,3,5,4,2706,0,0,0,,0,001,"LIGHTHOUSE AV","DAVID AV",242.00,S,N,A,-,N,,,,,,,,,,Y,4,0,3,3,A,-,17,21461,A,N,D,C,A,A,H,-,A,A,0,,,,,Y,,A,01,0,0,3,0,0,0,0,0,0,"- ","- ",,,MONTEREY,MONTEREY,-121.90399169921875,36.616249084472656
8851730,2019,2019-05-10,2710,2019-03-01,1541,38145,,5,5,4,2710,0,0,0,,0,003,"SONOMA AV","ALHAMBRA ST",93.00,E,N,A,-,N,,,,,,,,,,N,4,0,1,2,A,-,01,23152,A,N,C,E,A,A,H,-,A,D,0,,,,,Y,Y,-,,0,0,1,0,0,0,0,0,0,"- ","- ",,,MONTEREY,SEASIDE,-121.84881591796875,36.606277465820312
8851738,2019,2019-05-08,2710,2019-03-27,0640,40401,MARIN,3,5,4,2710,0,0,0,,0,02A,"FREMONT BL","BROADWAY AV",0.00,,Y,B,-,N,,,,,,,,,,Y,4,0,2,2,A,-,12,21453,A,N,-,C,A,A,-,-,A,A,0,,,,,Y,,A,01,0,0,2,0,0,0,0,0,0,"- ","- ",,,MONTEREY,SEASIDE,-121.84564971923828,36.609161376953125
8852202,2019,2019-05-06,2710,2019-03-01,1719,36057,,5,5,4,2710,0,0,0,,0,01B,"DEL MONTE BL","DEL MONTE BL 1400",10.00,N,N,A,-,N,,,,,,,,,,Y,4,0,1,2,A,-,09,21801,A,N,D,C,A,A,-,-,A,D,0,,,,,Y,,-,,0,0,1,0,0,0,0,0,0,"- ","- ",,,MONTEREY,SEASIDE,,
8852219,2019,2019-05-06,2707,2019-04-12,1835,2257,2707,5,5,3,2707,0,0,0,,0,002,"CENTRAL AV","EARDLEY AV",14.00,E,N,A,-,N,,,,,,,,,,N,3,0,2,3,A,-,10,21950,A,N,G,B,B,A,H,-,A,D,0,Y,,,,Y,,A,01,0,2,0,0,2,0,0,0,0,"- ","- ",,,MONTEREY,"PACIFIC GROVE",-121.90506744384766,36.617420196533203
8852340,2019,2019-06-03,2706,2019-04-23,1241,732,MPD,2,5,4,2706,0,0,0,,0,002,"SOLEDAD DR","SOLEDAD PL",22.00,N,N,A,-,N,,,,,,,,,,Y,4,0,1,2,A,-,05,21460,A,N,B,C,A,A,H,-,A,D,0,,,,,Y,,A,01,0,0,1,0,0,0,0,0,0,"- ","- ",,,MONTEREY,MONTEREY,-121.90785980224609,36.58587646484375
8852344,2019,2019-08-30,2706,2019-05-02,1506,181,,4,5,4,2706,0,0,0,,0,003,"DEL MONTE AV","HANNON AV",0.00,,Y,A,-,N,,,,,,,,,,Y,4,0,1,2,A,-,09,21801,A,N,D,C,A,A,H,-,A,D,0,,,,,Y,,A,08,0,0,1,0,0,0,0,0,0,"- ","- ",,,MONTEREY,MONTEREY,-121.86239624023438,36.603981018066406
8853809,2019,2019-05-13,2712,2019-04-07,1300,1057,2712,7,5,3,2712,0,0,0,,0,001,"ABRAMS DR",DENALIE,0.00,,Y,A,-,N,,,,,,,,,,Y,3,0,1,2,A,-,03,22350,,N,E,J,A,A,H,-,A,A,0,,,,Y,Y,Y,A,01,0,1,0,0,0,0,0,0,0,"- ","- ",,,MONTEREY,MARINA,-121.789957,36.663688
8853821,2019,2019-05-24,2712,2019-04-09,1342,2712,2712,2,5,3,2712,0,0,0,,0,001,"IMJIN PW","2ND AV",400.00,W,N,A,-,N,,,,,,,,,,Y,3,0,1,3,A,-,03,22350,,N,C,C,A,A,H,-,A,A,0,,,,,Y,,A,07,0,1,0,0,0,0,0,0,0,"- ","- ",,,MONTEREY,MARINA,-121.81002807617188,36.668285369873047
8853899,2019,2019-05-08,2706,2019-04-30,0956,707,2706,2,5,4,2706,0,0,0,,0,002,"SKYLINE DR","SHEPERDS PL",20.00,E,N,A,-,N,,,,,,,,,,N,4,0,2,2,A,-,03,22350,,N,C,C,A,A,H,-,A,D,0,,,,,Y,,A,01,0,0,2,0,0,0,0,0,0,"- ","- ",,,MONTEREY,MONTEREY,-121.91542816162109,36.583183288574219
8853944,2019,2019-05-08,2712,2019-04-21,1453,1180,2712,7,5,3,2712,0,0,0,,0,001,"IMJIN PKWY","RESERVATION RD",303.00,S,N,A,C,N,,,,,,,,,,Y,4,0,1,2,A,-,01,23152,B,N,D,C,A,A,H,-,A,D,0,,,,,Y,Y,A,08,0,0,1,0,0,0,0,0,0,"- ","- ",,,MONTEREY,MARINA,-121.76718139648438,36.670742034912109
8854009,2019,2019-05-23,2706,2019-04-18,1256,538,2706,4,5,4,2706,0,0,0,,0,001,"WAVE ST","PRESCOTT AV",175.00,N,N,A,-,N,,,,,,,,,,N,2,0,2,2,A,-,08,22107,,N,B,E,A,A,H,-,A,D,0,,,Y,Y,Y,Y,C,06,1,1,0,0,0,0,0,0,2,"- ","- ",,,MONTEREY,MONTEREY,-121.90138244628906,36.615989685058594
8855195,2019,2019-05-23,2706,2019-04-28,1639,123,2706,7,5,4,2706,0,0,0,,0,001,"PRESCOTT AV","OAK ST",0.00,,Y,A,-,N,,,,,,,,,,Y,4,0,1,2,A,-,09,21802,A,F,D,C,A,A,H,-,A,A,0,,,,,Y,Y,A,01,0,0,1,0,0,0,0,0,0,"- ","- ",,,MONTEREY,MONTEREY,-121.90837860107422,36.611549377441406
8855199,2019,2019-05-10,2706,2019-04-19,0803,191,2706,5,5,4,2706,0,0,0,,0,001,"HAWTHORNE ST","REESIDE AV",0.00,,Y,A,-,N,,,,,,,,,,N,4,0,1,2,A,-,12,22450,A,N,D,C,A,A,H,-,A,A,0,,,,,Y,,A,01,0,0,1,0,0,0,0,0,0,"- ","- ",,,MONTEREY,MONTEREY,-121.89923858642578,36.60919189453125
8856406,2019,2019-06-03,2703,2019-04-17,1106,6608,2703,3,5,2,2703,0,0,0,,0,ALL,"HEROLD PKY","HEREFORD DR",281.00,N,N,A,-,N,,,,,,,,,,Y,4,0,1,1,A,-,08,22107,,N,E,J,A,B,H,-,A,D,0,,,,,Y,Y,D,22,0,0,1,0,0,0,0,0,0,"- ","- ",,,MONTEREY,GONZALES,-121.43126678466797,36.510517120361328
8857323,2019,2019-05-10,2706,2019-05-01,1513,103,2706,3,5,4,2706,0,0,0,,0,002,"CAMINO EL ESTERO","FRANKLIN ST",0.00,,Y,A,-,N,,,,,,,,,,N,4,0,1,2,A,-,03,22350,,N,C,C,A,A,H,-,A,A,0,,,,,Y,,A,08,0,0,1,0,0,0,0,0,0,"- ","- ",,,MONTEREY,MONTEREY,-121.88749694824219,36.598888397216797
8857701,2019,2019-05-20,2706,2019-04-30,0824,732,,2,5,4,2706,0,0,0,,0,003,"NORTH FREMONT ST","CASANOVA AV",0.00,,Y,A,-,N,,,,,,,,,,Y,4,0,1,4,A,-,03,22350,,N,C,C,A,A,D,-,A,D,0,,,,,Y,,A,08,0,0,1,0,0,0,0,0,0,"- ","- ",,,MONTEREY,MONTEREY,-121.85323333740234,36.597671508789062
8858097,2019,2019-06-04,2701,2019-04-04,1533,194,2701,4,5,2,2701,0,0,0,,0,ALL,"OCEAN AV","MONTE VERDE",110.00,E,N,B,-,N,,,,,,,,,,N,4,0,1,1,A,-,08,22107,,M,H,A,A,A,H,-,A,D,0,,Y,,,Y,,L,04,0,0,1,0,0,0,1,0,0,"- ","- ",,,MONTEREY,CARMEL,-121.92405700683594,36.555091857910156
8858865,2019,2019-05-21,2708,2019-05-06,2009,54440,,1,5,6,2708,0,0,0,,0,003,"NATIVIDAD RD","ARCADIA WY",0.00,,Y,A,-,N,,,,,,,,,,Y,3,0,1,2,A,-,01,23152,A,N,C,C,A,B,H,-,C,A,0,,,,,Y,Y,-,,0,1,0,0,0,0,0,0,0,"- ","- ",,,MONTEREY,SALINAS,-121.62432098388672,36.713539123535156
8858963,2019,2019-05-21,2708,2019-04-14,1524,10264,SALIN,7,5,6,2708,0,0,0,,0,005,"EAST BERNAL DR","ROSARITA DR",50.00,E,N,A,-,N,,,,,,,,,,Y,4,0,2,2,A,-,09,21804,A,N,-,D,A,A,H,-,A,D,0,,,,,Y,,A,01,0,0,2,0,0,0,0,0,0,"- ","- ",,,MONTEREY,SALINAS,-121.64549255371094,36.691230773925781
8858964,2019,2019-05-22,2708,2019-04-13,1235,54370,,6,5,6,2708,0,0,0,,0,012,"GARNER AV","TOWT ST",0.00,,Y,A,-,N,,,,,,,,,,Y,3,0,2,2,A,-,09,21802,A,N,D,C,A,A,H,-,A,D,0,,,,,Y,,-,,0,2,0,0,0,0,0,0,0,"- ","- ",,,MONTEREY,SALINAS,-121.61186218261719,36.682491302490234
8858967,2019,2019-05-21,2708,2019-04-26,0720,49986,2708,5,5,6,2708,0,0,0,,0,005,"WEST LAUREL DR",ADAMS,40.00,E,N,A,-,N,,,,,,,,,,,4,0,1,2,A,-,03,22350,A,N,C,C,A,A,H,-,A,A,0,,,,,Y,,-,,0,0,1,0,0,0,0,0,0,"- ","- ",,,MONTEREY,SALINAS,-121.66232299804688,36.698028564453125
8858968,2019,2019-05-22,2708,2019-04-12,1023,92575,SALIN,5,5,6,2708,0,0,0,,0,008,"GRIFFIN ST","EAST MARKET ST",0.00,,Y,A,-,N,,,,,,,,,,N,3,0,1,2,A,-,10,21950,A,F,G,B,B,A,H,-,A,A,0,Y,,,,Y,,A,01,0,1,0,0,1,0,0,0,0,"- ","- ",,,MONTEREY,SALINAS,-121.64494323730469,36.678958892822266
8858971,2019,2019-05-21,2708,2019-04-28,1958,49021,SALIN,7,5,6,2708,0,0,0,,0,007,"W ALISAL ST","HOMESTEAD AV",0.00,,Y,A,-,N,,,,,,,,,,N,3,0,1,2,A,-,12,21453,A,N,D,C,A,A,H,-,C,A,0,,,,,Y,,-,,0,1,0,0,0,0,0,0,0,"- ","- ",,,MONTEREY,SALINAS,-121.66438293457031,36.672519683837891
8858975,2019,2019-05-21,2708,2019-04-28,2026,80368,SALIN,7,5,6,2708,0,0,0,,0,,"W ALISAL ST","LINCOLN AV",50.00,W,N,A,-,N,,,,,,,,,,N,4,0,1,2,A,-,03,22350,,F,C,C,A,A,H,-,C,A,0,,,,,Y,,-,,0,0,1,0,0,0,0,0,0,"- ","- ",,,MONTEREY,SALINAS,-121.65702056884766,36.673500061035156
8858976,2019,2019-05-22,2708,2019-04-09,0908,75635,SALIN,2,5,6,2708,0,0,0,,0,,"ATHERTON WY","LOS ALTOS WY",0.00,,Y,A,-,N,,,,,,,,,,Y,3,0,1,2,A,-,03,22350,,N,D,-,A,A,H,-,A,D,0,,,,,Y,,-,,0,1,0,0,0,0,0,0,0,"- ","- ",,,MONTEREY,SALINAS,-121.62979125976562,36.701709747314453
8858979,2019,2019-05-21,2708,2019-04-22,1747,54440,,1,5,6,2708,0,0,0,,0,002,"HARDEN PKWY","MCKINNON ST",0.00,,Y,A,-,N,,,,,,,,,,N,3,0,2,2,A,-,03,22350,,N,C,C,A,A,H,-,A,A,0,,,,,Y,,-,,0,1,1,0,0,0,0,0,0,"- ","- ",,,MONTEREY,SALINAS,-121.64408111572266,36.712089538574219
8858980,2019,2019-06-17,2708,2019-04-16,1524,56793,,2,5,6,2708,0,0,0,,0,008,"W ALISAL",LINCOLN,0.00,,Y,A,-,N,,,,,,,,,,Y,4,0,2,2,A,-,12,21453,A,N,D,C,A,A,H,-,A,A,0,,,,,Y,,-,"- ",0,0,2,0,0,0,0,0,0,"- ","- ",,,MONTEREY,SALINAS,-121.65685272216797,36.673519134521484
8858983,2019,2019-05-21,2708,2019-04-22,1759,08775,,1,5,6,2708,0,0,0,,0,005,"EAST LAUREL DR","MARYAL DR",0.00,,Y,A,-,N,,,,,,,,,,Y,3,0,1,2,A,-,09,21801,A,N,-,C,A,A,H,-,A,A,0,,,,,Y,,A,01,0,1,0,0,0,0,0,0,0,"- ","- ",,,MONTEREY,SALINAS,-121.64688110351562,36.698230743408203
8858984,2019,2019-05-22,2708,2019-04-12,1350,19943,,5,5,6,2708,0,0,0,,0,004,"EAST LAUREL DR","NATIVIDAD RD",0.00,E,N,A,-,N,,,,,,,,,,N,4,0,1,3,A,-,06,21755,,N,B,C,A,A,H,-,A,D,0,,,,,Y,,-,,0,0,1,0,0,0,0,0,0,"- ","- ",,,MONTEREY,SALINAS,-121.63829040527344,36.696331024169922
8858987,2019,2019-05-21,2708,2019-04-24,0738,51385,SALIN,3,5,6,2708,0,0,0,,0,004,"EAST BORONDA RD","NATIVIDAD RD",700.00,E,N,A,-,N,,,,,,,,,,Y,3,0,2,4,A,-,03,22350,,N,C,C,A,A,H,-,A,A,0,,,,,Y,,A,07,0,2,0,0,0,0,0,0,0,"- ","- ",,,MONTEREY,SALINAS,-121.62113952636719,36.715370178222656
8858988,2019,2019-05-22,2708,2019-04-02,1221,12507,,2,5,6,2708,0,0,0,,0,008,"ALISAL ST","PAJARO ST",0.00,,Y,A,-,N,,,,,,,,,,Y,3,0,1,2,A,-,12,21453,A,N,D,C,A,A,H,-,A,A,0,,,,,Y,,-,,0,1,0,0,0,0,0,0,0,"- ","- ",,,MONTEREY,SALINAS,-121.65255737304688,36.674121856689453
8858991,2019,2019-05-21,2708,2019-04-11,0742,53260,,4,5,6,2708,0,0,0,,0,010,"SAN BENITO ST","SMITH ST",0.00,,Y,A,-,N,,,,,,,,,,Y,3,0,2,2,A,-,09,21800,A,F,D,C,A,A,H,-,A,D,0,,,,,Y,,-,,0,2,0,0,0,0,0,0,0,"- ","- ",,,MONTEREY,SALINAS,-121.63687133789062,36.672988891601562
8858992,2019,2019-05-22,2708,2019-04-11,0635,31968,SALIN,4,5,6,2708,0,0,0,,0,012,"EAST LAUREL DR","TOWT ST",0.00,,Y,A,-,N,,,,,,,,,,N,3,0,1,2,A,-,09,21801,A,N,A,C,A,A,H,-,A,A,0,,,,,Y,,-,,0,1,0,0,0,0,0,0,0,"- ","- ",,,MONTEREY,SALINAS,-121.61766815185547,36.67919921875
8858994,2019,2019-05-23,2708,2019-04-07,1645,54215,,7,5,6,2708,0,0,0,,0,008,"EAST ALISAL ST","SOLEDAD ST",65.00,E,N,A,-,N,,,,,,,,,,N,3,0,1,2,A,-,21,22106,,N,D,C,A,A,H,-,A,D,0,,,,,Y,,D,22,0,1,0,0,0,0,0,0,0,"- ","- ",,,MONTEREY,SALINAS,-121.65119934082031,36.67431640625
8858995,2019,2019-05-21,2708,2019-04-02,2350,73185,,2,5,6,2708,0,0,0,,0,006,"NORTH MAIN ST","CASSENTINI ST",0.00,,Y,A,-,N,,,,,,,,,,Y,4,0,1,2,A,-,01,23152,A,N,D,C,A,A,H,-,C,A,0,,,,,Y,Y,-,,0,0,1,0,0,0,0,0,0,"- ","- ",,,MONTEREY,SALINAS,-121.65283203125,36.684291839599609
8858996,2019,2019-05-23,2708,2019-04-05,1649,50883,SALIN,5,5,6,2708,0,0,0,,0,002,"EAST BORONDA RD","MCKINNON ST",0.00,,Y,A,-,N,,,,,,,,,,N,4,0,1,2,A,-,03,22350,,F,C,C,A,A,H,-,A,A,0,,,,,Y,,-,,0,0,1,0,0,0,0,0,0,"- ","- ",,,MONTEREY,SALINAS,-121.64366149902344,36.717071533203125
8858999,2019,2019-05-21,2708,2019-04-01,1656,18925,,1,5,6,2708,0,0,0,,0,007,"WEST ST","PARK ST",155.00,S,N,A,-,N,,,,,,,,,,Y,3,0,2,3,A,-,09,21804,A,N,D,C,A,A,H,-,A,D,0,,,,,Y,,-,,0,1,1,0,0,0,0,0,0,"- ","- ",,,MONTEREY,SALINAS,-121.66316223144531,36.677238464355469
8859000,2019,2019-05-23,2708,2019-04-16,1236,73315,,2,5,6,2708,0,0,0,,0,006,"NORTH DAVIS RD","LARKIN ST",76.00,S,N,A,-,N,,,,,,,,,,Y,3,0,2,1,A,-,03,22350,,N,H,J,A,A,H,-,A,A,0,,,,,Y,,-,,0,2,0,0,0,0,0,0,0,"- ","- ",,,MONTEREY,SALINAS,-121.66842651367188,36.693534851074219
8859003,2019,2019-05-21,2708,2019-04-11,0122,54353,,4,5,6,2708,0,0,0,,0,007,"WEST MARKET ST","CLARK ST",242.00,W,N,A,-,N,,,,,,,,,,Y,2,0,2,2,A,-,01,23153,A,F,D,C,A,A,H,-,D,D,0,,,,,Y,Y,-,,1,0,1,0,0,0,0,0,0,"- ","- ",,,MONTEREY,SALINAS,-121.67160034179688,36.683609008789062
8859004,2019,2019-05-23,2708,2019-04-14,0640,87875,,7,5,6,2708,0,0,0,,0,,"EAST BORONDA RD","MESQUITE DR",0.00,,Y,A,-,N,,,,,,,,,,N,4,0,1,2,A,-,09,21802,A,N,A,G,A,A,H,-,A,A,0,,Y,,,Y,,L,04,0,0,1,0,0,0,1,0,0,"- ","- ",,,MONTEREY,SALINAS,-121.59761810302734,36.697181701660156
8859007,2019,2019-05-21,2708,2019-04-02,0730,53268,,2,5,6,2708,0,0,0,,0,010,"E ALISAL ST","HEBBRON AV",9.00,W,N,A,-,N,,,,,,,,,,Y,2,0,1,2,A,-,12,21453,A,N,G,B,B,A,H,-,A,A,0,Y,,,,Y,,A,01,1,0,0,0,1,0,0,0,0,"- ","- ",,,MONTEREY,SALINAS,-121.63227844238281,36.673381805419922
8859008,2019,2019-05-23,2708,2019-04-13,0808,34725,,6,5,6,2708,0,0,0,,0,003,"EAST BORONDA RD","NATIVIDAD RD",0.00,,Y,B,-,N,,,,,,,,,,N,3,0,1,2,A,-,12,21453,A,N,A,C,A,A,H,-,A,A,0,,,,,Y,,A,01,0,1,0,0,0,0,0,0,0,"- ","- ",,,MONTEREY,SALINAS,-121.62351989746094,36.715541839599609
8859010,2019,2019-05-23,2708,2019-04-15,1113,35838,SALIN,1,5,6,2708,0,0,0,,0,012,"NORTH SANBORN RD","MOHAR ST",0.00,,Y,A,-,N,,,,,,,,,,N,4,0,1,2,A,-,08,22100,A,N,B,C,A,A,H,-,A,D,0,,,,,Y,,A,01,0,0,1,0,0,0,0,0,0,"- ","- ",,,MONTEREY,SALINAS,-121.61894226074219,36.684051513671875
8859012,2019,2019-05-23,2708,2019-04-16,1352,51385,SALIN,2,5,6,2708,0,0,0,,0,007,"CENTRAL AV","CYPRESS ST",0.00,,Y,A,-,N,,,,,,,,,,Y,3,0,2,2,A,-,09,21802,A,N,D,C,A,A,H,-,A,A,0,,,,,Y,,-,,0,2,0,0,0,0,0,0,0,"- ","- ",,,MONTEREY,SALINAS,-121.66822814941406,36.675128936767578
8859016,2019,2019-05-22,2708,2019-04-30,1730,85123,SALIN,2,5,6,2708,0,0,0,,0,012,"WILLIAMS RD","EAST MARKET ST",430.00,S,N,A,-,N,,,,,,,,,,N,3,0,1,3,A,-,03,22350,,F,C,C,A,A,H,-,A,A,0,,,,,Y,,-,,0,1,0,0,0,0,0,0,0,"- ","- ",,,MONTEREY,SALINAS,-121.61625671386719,36.674392700195312
8859019,2019,2019-05-21,2708,2019-04-08,1749,56525,SALIN,1,5,6,2708,0,0,0,,0,011,"NORTH SANBORN RD","BUCKHORN RD",0.00,,Y,A,-,N,,,,,,,,,,N,4,0,1,2,A,-,09,21802,A,N,D,C,A,A,H,-,A,D,0,,,,,Y,,-,,0,0,1,0,0,0,0,0,0,"- ","- ",,,MONTEREY,SALINAS,-121.5985107421875,36.693199157714844
8859020,2019,2019-05-23,2708,2019-04-25,1415,80673,SALIN,4,5,6,2708,0,0,0,,0,008,"E ALISAL","CALIFORNIA ALY",30.00,S,N,A,-,N,,,,,,,,,,N,3,0,4,2,A,-,09,21804,A,F,D,C,A,A,H,-,A,D,0,,,,,Y,,A,01,0,4,0,0,0,0,0,0,0,"- ","- ",,,MONTEREY,SALINAS,-121.64981842041016,36.674541473388672
8859024,2019,2019-05-23,2708,2019-04-20,1219,53260,,6,5,6,2708,0,0,0,,0,010,"E ALISAL ST","WOOD ST",41.00,E,N,B,-,N,,,,,,,,,,N,4,0,1,2,A,-,03,22350,,N,C,C,A,A,H,-,A,A,0,,,,,Y,,-,,0,0,1,0,0,0,0,0,0,"- ","- ",,,MONTEREY,SALINAS,-121.63526153564453,36.673683166503906
8859028,2019,2019-05-22,2708,2019-04-21,1300,35838,SALIN,7,5,6,2708,0,0,0,,0,003,"BORONDA RD","NATIVIDAD RD",500.00,W,N,A,-,N,,,,,,,,,,N,4,0,2,3,A,-,03,22350,,N,C,C,A,A,-,-,A,D,0,,,,,Y,,-,,0,0,2,0,0,0,0,0,0,"- ","- ",,,MONTEREY,SALINAS,-121.62520599365234,36.715744018554688
8859032,2019,2019-05-23,2708,2019-04-12,1517,10264,SALIN,5,5,6,2708,0,0,0,,0,001,"SAN JUAN GRADE RD","VAN BUREN AV",53.00,N,N,A,-,N,,,,,,,,,,Y,4,0,2,2,A,-,03,22350,,N,C,C,A,A,H,-,A,D,0,,,,,Y,,A,01,0,0,2,0,0,0,0,0,0,"- ","- ",,,MONTEREY,SALINAS,-121.64647674560547,36.723968505859375
8859036,2019,2019-05-24,2708,2019-04-29,1257,53260,,1,5,6,2708,0,0,0,,0,010,"KERN ST","RT 101",252.00,S,N,B,-,N,,,,,,,,,,Y,3,0,2,2,A,-,09,21801,A,N,D,C,A,A,H,-,A,D,0,,,,,Y,,-,,0,1,1,0,0,0,0,0,0,"- ","- ",,,MONTEREY,SALINAS,-121.64046478271484,36.677497863769531
8859040,2019,2019-05-23,2708,2019-04-01,1720,54215,,1,5,6,2708,0,0,0,,0,012,"FAIRHAVEN ST","WILLIAMS RD",123.00,W,N,B,-,N,,,,,,,,,,N,3,0,1,2,A,-,21,22106,,N,C,C,A,A,H,-,B,D,0,,,,,Y,Y,A,01,0,1,0,0,0,0,0,0,0,"- ","- ",,,MONTEREY,SALINAS,-121.61305236816406,36.676631927490234
8859448,2019,2019-05-22,2706,2019-05-14,2316,328,,2,5,4,2706,0,0,0,,0,002,"IRIS CANYON RD","DON DAHVEE LN",94.00,S,N,B,-,N,,,,,,,,,,N,3,0,1,1,A,-,01,23152,A,N,F,I,A,A,H,-,D,A,0,,,,,Y,Y,A,01,0,1,0,0,0,0,0,0,0,"- ","- ",,,MONTEREY,MONTEREY,-121.891845703125,36.585498809814453
8859480,2019,2019-05-22,2706,2019-05-15,0902,732,MPD,3,5,4,2706,0,0,0,,0,002,"FREMONT ST","ABREGO ST",20.00,E,N,B,-,N,,,,,,,,,,N,4,0,1,2,A,-,03,22350,,N,C,C,A,A,H,-,A,A,0,,,,,Y,,A,01,0,0,1,0,0,0,0,0,0,"- ","- ",,,MONTEREY,MONTEREY,-121.89211273193359,36.595245361328125
8859488,2019,2019-05-22,2706,2019-05-13,1458,826,2706,1,5,4,2706,0,0,0,,0,002,"FREMONT ST","CAMINO AGUAJITO",148.00,W,N,A,-,N,,,,,,,,,,N,4,0,1,2,A,-,03,22350,,N,C,C,A,A,H,-,A,D,0,,,,,Y,,A,07,0,0,1,0,0,0,0,0,0,"- ","- ",,,MONTEREY,MONTEREY,-121.88298797607422,36.593860626220703
8859889,2019,2019-06-19,2707,2019-05-08,1225,1622,2707,3,5,3,2707,0,0,0,,0,002,"LIGHTHOUSE AV","18TH ST",19.00,W,N,A,-,N,,,,,,,,,,Y,4,0,1,2,A,-,03,22350,,N,G,B,F,A,H,-,A,D,0,Y,,,,Y,,A,01,0,0,1,0,1,0,0,0,0,"- ","- ",,,MONTEREY,"PACIFIC GROVE",-121.91932678222656,36.621726989746094
8859902,2019,2019-05-24,2710,2019-04-01,1751,33466,,1,5,4,2710,0,0,0,,0,,"CANYON DEL REY BL","FREMONT BL",0.00,,Y,A,-,N,,,,,,,,,,N,4,0,1,2,A,-,05,21202,A,N,D,C,A,A,H,-,A,A,0,,Y,,,Y,,L,04,0,0,1,0,0,0,1,0,0,"- ","- ",,,MONTEREY,SEASIDE,-121.85088348388672,36.598968505859375
8859906,2019,2019-05-24,2710,2019-04-01,0747,33466,,1,5,4,2710,0,0,0,,0,,"LA SALLE AV","YOSEMITE ST",0.00,,Y,A,-,N,,,,,,,,,,N,4,0,2,2,A,-,09,21802,A,N,D,C,A,A,H,-,A,-,0,,,,,Y,,-,,0,0,2,0,0,0,0,0,0,"- ","- ",,,MONTEREY,SEASIDE,-121.82810974121094,36.616649627685547
8860231,2019,2019-06-03,2712,2019-05-01,1152,1017,,3,5,3,2712,0,0,0,,0,001,"IMJIN PW","3RD ST",94.00,W,N,A,-,N,,,,,,,,,,Y,2,0,1,2,A,-,03,22350,,N,C,C,A,A,H,-,A,A,0,,,,Y,Y,,A,01,1,0,0,0,0,0,0,0,0,"- ","- ",,,MONTEREY,MARINA,-121.80486297607422,36.666542053222656
8860888,2019,2019-05-20,2706,2019-05-12,0050,222,2706,7,5,4,2706,0,0,0,,0,001,"LIGHTHOUSE AV","WASHINGTON ST",96.00,N,N,A,-,N,,,,,,,,,,Y,4,0,1,1,A,-,08,22107,,N,E,I,A,A,H,-,C,D,0,,,,,Y,,A,01,0,0,1,0,0,0,0,0,0,"- ","- ",,,MONTEREY,MONTEREY,-121.89260864257812,36.601280212402344
8860892,2019,2019-05-20,2706,2019-05-09,1740,121,MPD,4,5,4,2706,0,0,0,,0,003,"DEL MONTE AV","CASA VERDE WY",163.00,W,N,A,-,N,,,,,,,,,,Y,4,0,1,2,A,-,03,22350,,N,C,C,A,A,H,-,A,D,0,,,,,Y,,A,07,0,0,1,0,0,0,0,0,0,"- ","- ",,,MONTEREY,MONTEREY,-121.86708831787109,36.601863861083984
8860896,2019,2019-05-20,2706,2019-05-03,1136,851,,5,5,4,2706,0,0,0,,0,003,"CASA VERDE WY","HELVIC AV",31.00,S,N,A,-,N,,,,,,,,,,N,4,0,1,2,A,-,03,22350,,N,C,C,A,A,H,-,A,D,0,,,,,Y,,A,01,0,0,1,0,0,0,0,0,0,"- ","- ",,,MONTEREY,MONTEREY,-121.86590576171875,36.600460052490234
8861763,2019,2019-06-05,2708,2019-03-31,1417,19735,SPD,7,5,6,2708,0,0,0,,0,001,"SAN JUAN GRADE RD","NORTHRIDGE RD",10.00,W,N,A,-,N,,,,,,,,,,N,4,0,1,2,A,-,07,21658,A,F,-,C,A,A,H,-,A,-,0,,,,,Y,,A,01,0,0,1,0,0,0,0,0,0,"- ","- ",,,MONTEREY,SALINAS,-121.64968109130859,36.721050262451172