CASE_ID,ACCIDENT_YEAR,PROC_DATE,JURIS,COLLISION_DATE,COLLISION_TIME,OFFICER_ID,REPORTING_DISTRICT,DAY_OF_WEEK,CHP_SHIFT,POPULATION,CNTY_CITY_LOC,SPECIAL_COND,BEAT_TYPE,CHP_BEAT_TYPE,CITY_DIVISION_LAPD,CHP_BEAT_CLASS,BEAT_NUMBER,PRIMARY_RD,SECONDARY_RD,DISTANCE,DIRECTION,INTERSECTION,WEATHER_1,WEATHER_2,STATE_HWY_IND,CALTRANS_COUNTY,CALTRANS_DISTRICT,STATE_ROUTE,ROUTE_SUFFIX,POSTMILE_PREFIX,POSTMILE,LOCATION_TYPE,RAMP_INTERSECTION,SIDE_OF_HWY,TOW_AWAY,COLLISION_SEVERITY,NUMBER_KILLED,NUMBER_INJURED,PARTY_COUNT,PRIMARY_COLL_FACTOR,PCF_CODE_OF_VIOL,PCF_VIOL_CATEGORY,PCF_VIOLATION,PCF_VIOL_SUBSECTION,HIT_AND_RUN,TYPE_OF_COLLISION,MVIW,PED_ACTION,ROAD_SURFACE,ROAD_COND_1,ROAD_COND_2,LIGHTING,CONTROL_DEVICE,CHP_ROAD_TYPE,PEDESTRIAN_ACCIDENT,BICYCLE_ACCIDENT,MOTORCYCLE_ACCIDENT,TRUCK_ACCIDENT,NOT_PRIVATE_PROPERTY,ALCOHOL_INVOLVED,STWD_VEHTYPE_AT_FAULT,CHP_VEHTYPE_AT_FAULT,COUNT_SEVERE_INJ,COUNT_VISIBLE_INJ,COUNT_COMPLAINT_PAIN,COUNT_PED_KILLED,COUNT_PED_INJURED,COUNT_BICYCLIST_KILLED,COUNT_BICYCLIST_INJURED,COUNT_MC_KILLED,COUNT_MC_INJURED,PRIMARY_RAMP,SECONDARY_RAMP,LATITUDE,LONGITUDE,COUNTY,CITY,POINT_X,POINT_Y
9001755,2019,2019-12-23,2708,2019-08-09,0603,31968,,5,5,6,2708,0,0,0,,0,012,"EAST MARKET ST","WILLIAMS RD",30.00,E,N,A,-,N,,,,,,,,,,N,4,0,1,2,A,-,11,21954,A,N,G,B,D,A,H,-,D,D,0,Y,,,,Y,,N,60,0,0,1,0,1,0,0,0,0,"- ","- ",,,MONTEREY,SALINAS,-121.61499786376953,36.675014495849609
90017697,2015,2015-10-19,9730,2015-08-28,1040,018543,,5,1,9,2700,0,1,3,,1,066,SR-183,"SAN JON ROAD",10.00,N,N,A,-,Y,,,,,,,,,,Y,4,0,2,3,A,-,03,22350,,F,C,C,A,A,H,-,A,D,0,,,,Y,Y,,F,26,0,0,2,0,0,0,0,0,0,"- ","- ",,,MONTEREY,UNINCORPORATED,-121.707381,36.703459000000002
90017737,2015,2015-10-19,9730,2015-08-29,0615,018543,,6,1,9,2700,0,3,5,,2,007,"JENSEN ROAD","HILLTOP ROAD",1056.00,W,N,A,-,N,,,,,,,,,,Y,3,0,1,2,A,-,05,21650,,N,B,C,A,A,H,-,D,D,0,,,,,Y,,A,01,0,1,0,0,0,0,0,0,0,"- ","- ",,,MONTEREY,UNINCORPORATED,-121.77546266,36.853782610000003
90018267,2015,2015-10-19,9730,2015-08-31,0915,019569,,1,1,9,2700,0,1,3,,1,014,SR-1,"ROCKY CREEK",528.00,S,N,A,-,Y,,,1,,,,,,,Y,3,0,1,2,A,-,08,22107,,N,F,A,A,A,H,-,A,D,0,,,Y,,Y,,C,02,0,1,0,0,0,0,0,0,1,"- ","- ",36.375489999999999,-121.90483,MONTEREY,UNINCORPORATED,-121.90480149,36.375484649999997
90018269,2015,2015-10-19,9730,2015-09-03,1705,020208,,4,2,9,2700,0,1,3,,1,022,SR-1,"PETER PAN ROAD",0.00,,N,B,-,Y,,,1,,,,,,,Y,3,0,1,1,A,-,03,22350,,N,E,I,A,A,H,-,A,A,0,,,,,Y,,A,01,0,1,0,0,0,0,0,0,0,"- ","- ",36.498399999999997,-121.93559999999999,MONTEREY,UNINCORPORATED,-121.93566113,36.498399999999997
90018614,2015,2015-10-19,9735,2015-09-14,0020,019263,,1,3,3,2704,0,1,2,,1,040,"US-101 NORTHBOUND","THORNE RD",1584.00,S,N,A,-,Y,,,101,,,,,,N,Y,4,0,1,1,A,-,08,22107,,N,E,I,A,A,H,-,D,D,0,,,,,Y,,A,01,0,0,1,0,0,0,0,0,0,"- ","- ",36.336669999999998,-121.25203,MONTEREY,GREENFIELD,-121.25207208,36.336628679999997
90018622,2015,2015-10-19,9735,2015-09-15,0000,020057,,2,3,9,2700,0,1,2,,2,044,"US-101 S/B TO JOLON RD.","US-101 S/B FROM JOLON RD.",25.00,S,N,A,-,Y,,,101,,,,R,,S,Y,3,0,1,1,A,-,03,22350,,N,E,I,A,A,H,-,D,D,0,,,,,Y,,A,01,0,1,0,0,0,0,0,0,0,"- ","- ",35.87321,-120.83719000000001,MONTEREY,UNINCORPORATED,-120.83719000000001,35.87321
90018754,2015,2015-10-19,9730,2015-09-06,1035,018179,,7,1,9,2700,0,2,4,,1,073,"ECHO VALLEY ROAD","SAN MIGUEL CANYON ROAD",0.00,,Y,A,-,N,,,,,,,,,,Y,4,0,1,3,A,-,09,21802,A,N,D,C,A,A,H,-,A,D,0,,,,Y,Y,,A,01,0,0,1,0,0,0,0,0,0,"- ","- ",,,MONTEREY,UNINCORPORATED,-121.67346996000001,36.821660080000001
90019117,2015,2015-10-19,9730,2015-09-06,1458,020933,,7,2,9,2700,0,1,3,,1,074,SR-1,"POTRERO RD",1056.00,S,N,A,-,Y,,,1,,,,,,,Y,3,0,2,2,A,-,06,21755,,N,A,C,A,A,H,-,A,D,0,,,Y,,Y,,C,02,0,1,1,0,0,0,0,0,2,"- ","- ",36.789610000000003,-121.78305,MONTEREY,UNINCORPORATED,-121.7830483,36.789610690000004
90019118,2015,2015-10-19,9730,2015-09-06,1830,020896,,7,2,9,2700,0,1,3,,1,022,SR-1,"AURORA DEL MAR",10560.00,S,N,A,-,Y,,,1,,,,,,,N,2,0,1,2,A,-,06,21755,,N,B,C,A,A,H,-,A,D,0,,,Y,,Y,Y,C,02,1,0,0,0,0,0,0,0,1,"- ","- ",36.456650000000003,-121.92400000000001,MONTEREY,UNINCORPORATED,-121.92399524,36.456650449999998
90019128,2015,2015-10-19,9730,2015-09-09,1420,015297,,3,2,9,2700,0,1,3,,1,074,SR-1,"STRUVE SOUTH ROAD",528.00,N,N,A,-,Y,,,1,,,,,,,Y,4,0,3,2,A,-,08,22107,,N,C,C,A,A,H,-,A,D,0,,,,,Y,,A,07,0,0,3,0,0,0,0,0,0,"- ","- ",36.823860000000003,-121.77896,MONTEREY,UNINCORPORATED,-121.77894904999999,36.823834519999998
90019129,2015,2015-10-19,9730,2015-09-09,2050,017785,,3,2,9,2700,0,1,3,,1,014,SR-1,"GRIMES CANYON",3696.00,N,N,A,-,Y,,,1,,,,,,,Y,4,0,2,2,A,-,03,22350,,N,A,C,A,A,H,-,D,D,0,,,,,Y,,A,07,0,0,2,0,0,0,0,0,0,"- ","- ",36.200859999999999,-121.72508999999999,MONTEREY,UNINCORPORATED,-121.72509109000001,36.200858420000003
90019136,2015,2015-10-19,9730,2015-09-09,1605,015297,,3,2,9,2700,0,2,4,,2,063,"RESERVATION ROAD","DAVIS ROAD",61.00,E,N,A,-,Y,,,,,,,,,,Y,3,0,1,2,A,-,03,22350,,N,C,C,A,A,H,-,A,A,0,,,,,Y,,D,22,0,1,0,0,0,0,0,0,0,"- ","- ",36.641559999999998,-121.70614,MONTEREY,UNINCORPORATED,-121.70636329,36.64165165
90019138,2015,2015-10-19,9730,2015-09-09,1630,020419,,3,2,9,2700,0,1,3,,1,066,SR-183,"SR-156 W/B TO SR-183",30.00,S,N,A,-,Y,,,,,,,,,,N,4,0,1,2,A,-,03,22350,,N,C,C,A,A,H,-,A,A,0,,,,,Y,,A,01,0,0,1,0,0,0,0,0,0,"- ","- ",36.760939999999998,-121.75391999999999,MONTEREY,UNINCORPORATED,-121.75268800000001,36.761758999999998
90019152,2015,2015-10-19,9730,2015-09-11,0130,020233,,5,3,9,2700,0,1,2,,1,030,"US-101 SOUTHBOUND","OLD STAGE ROAD",6336.00,N,N,A,-,Y,,,101,,,,,,S,Y,3,0,1,2,A,-,01,23152,A,N,D,C,A,A,H,-,D,D,0,,,,,Y,Y,A,01,0,1,0,0,0,0,0,0,0,"- ","- ",36.535530000000001,-121.48025,MONTEREY,UNINCORPORATED,-121.48028973,36.535481529999998
90019154,2015,2015-10-19,9730,2015-09-11,1959,020896,,5,2,9,2700,0,1,3,,1,068,SR-68,"YORK RD",3168.00,E,N,A,-,Y,,,68,,,,,,,Y,2,0,1,1,A,-,01,23152,A,N,F,A,A,A,H,-,D,D,0,,,Y,,Y,Y,C,02,1,0,0,0,0,0,0,0,1,"- ","- ",36.571080000000002,-121.80591,MONTEREY,UNINCORPORATED,-121.80592013,36.57102725
90019155,2015,2015-10-19,9730,2015-09-12,0930,020576,,6,1,9,2700,0,1,3,,1,022,SR-1,"FLANDERS DRIVE",50.00,S,N,B,-,Y,,,1,,,,,,,N,4,0,1,4,A,-,03,22350,,N,C,C,A,A,H,-,A,D,0,,,,,Y,,A,01,0,0,1,0,0,0,0,0,0,"- ","- ",36.557560000000002,-121.91137999999999,MONTEREY,UNINCORPORATED,-121.9113804,36.557559949999998
90019163,2015,2015-10-19,9730,2015-09-13,1935,020233,,7,2,9,2700,0,1,2,,1,050,"US-101 S/B FROM E/B LAUREL DRIVE","LAUREL DRIVE",150.00,S,N,B,-,Y,,,,,,,,,,N,4,0,1,3,A,-,03,22350,,N,C,C,A,A,H,-,C,D,0,,,,,Y,,D,22,0,0,1,0,0,0,0,0,0,"- ","- ",36.696939999999998,-121.66453,MONTEREY,UNINCORPORATED,-121.6644335,36.697403199999997
90019173,2015,2015-10-19,9730,2015-09-14,0650,014584,,1,1,9,2700,0,3,5,,2,004,"ENCINAL RD","OLD STAGE RD",75.00,S,N,A,-,N,,,,,,,,,,Y,4,0,2,2,A,-,09,21804,A,N,D,C,A,A,H,-,A,D,0,,,,,Y,,A,07,0,0,2,0,0,0,0,0,0,"- ","- ",36.626519999999999,-121.52996,MONTEREY,UNINCORPORATED,-121.52997433,36.626440189999997
90019177,2015,2015-10-19,9730,2015-09-15,1710,019529,,2,2,9,2700,0,3,5,,2,007,"SAN JON ROAD","BORONDA ROAD",800.00,W,N,A,-,N,,,,,,,,,,Y,3,0,1,1,A,-,01,23152,A,N,F,A,A,A,H,-,A,D,0,,,Y,,Y,Y,C,02,0,1,0,0,0,0,0,0,1,"- ","- ",,,MONTEREY,UNINCORPORATED,-121.68579977,36.717876660000002
90019180,2015,2015-10-19,9730,2015-09-16,1710,015297,,3,2,9,2700,0,3,5,,2,007,"BLACKIE ROAD","CASTRO STREET",0.00,,Y,A,-,Y,,,,,,,,,,N,4,0,1,2,A,-,09,21801,A,N,D,C,A,A,H,-,A,A,0,,,,,Y,,A,01,0,0,1,0,0,0,0,0,0,"- ","- ",36.757809999999999,-121.74578,MONTEREY,UNINCORPORATED,-121.74563989000001,36.757660110000003
90019187,2015,2015-10-19,9730,2015-09-16,1739,019239,,3,2,6,2708,0,1,2,,1,050,"US-101 N/B","JOHN ST O.C.",1200.00,S,N,A,-,Y,,,,,,,,,,N,4,0,2,2,A,-,03,22350,,N,C,C,A,A,H,-,A,D,0,,,,,Y,,A,01,0,0,2,0,0,0,0,0,0,"- ","- ",,,MONTEREY,SALINAS,,
90019450,2015,2015-10-19,9730,2015-09-15,1635,020419,,2,2,9,2700,0,3,5,,2,003,"RIVER ROAD","MAESTRI RD",3000.00,S,N,A,-,N,,,,,,,,,,Y,3,0,1,1,A,-,08,22107,,N,E,I,A,A,H,-,A,D,0,,,,,Y,,A,01,0,1,0,0,0,0,0,0,0,"- ","- ",36.435519999999997,-121.42400000000001,MONTEREY,UNINCORPORATED,-121.42405749,36.43546886
90019801,2015,2015-10-19,9735,2015-09-01,2500,020168,,2,4,9,2700,0,1,2,,2,045,"US-101 N/B","ALVARADO RD",15840.00,S,N,A,-,Y,,,101,,,,,,N,N,3,0,1,1,A,-,01,23152,A,N,E,I,A,A,H,-,D,D,0,,,,,Y,Y,A,08,0,1,0,0,0,0,0,0,0,"- ","- ",35.911799999999999,-120.84988,MONTEREY,UNINCORPORATED,-120.84990151,35.911763710000002
90020404,2015,2015-10-19,9730,2015-09-12,2348,019512,,6,3,9,2700,0,3,5,,2,001,"SALINAS ROAD","BISHOP STREET",110.00,S,N,B,-,N,,,,,,,,,,Y,3,0,1,2,A,-,01,23152,A,F,G,B,F,A,H,-,C,D,0,Y,,,,Y,,A,07,0,1,0,0,1,0,0,0,0,"- ","- ",36.905110000000001,-121.74834,MONTEREY,UNINCORPORATED,-121.74821949,36.901548259999998
90020458,2015,2015-10-19,9730,2015-09-01,0600,013024,,2,1,9,2700,0,3,5,,2,004,"OLD STAGE ROAD","ESPERANZA ROAD",1584.00,S,N,A,-,N,,,,,,,,,,Y,4,0,6,2,A,-,09,21804,A,N,D,C,A,A,H,-,A,D,0,,,,,Y,,D,22,0,0,6,0,0,0,0,0,0,"- ","- ",,,MONTEREY,UNINCORPORATED,-121.51064015999999,36.600929800000003
90020585,2015,2015-10-19,9730,2015-09-11,1110,016537,,5,1,9,2700,0,1,2,,1,030,"US-101 S/B","OLD STAGE RD.",10560.00,N,N,A,-,Y,,,101,,,,,,S,Y,4,0,1,2,A,-,07,21658,A,N,B,C,A,A,H,-,A,D,0,,,,Y,Y,,G,25,0,0,1,0,0,0,0,0,0,"- ","- ",36.547429999999999,-121.49453,MONTEREY,UNINCORPORATED,-121.49459904,36.547346310000002
90020664,2015,2015-10-19,9730,2015-09-16,1830,020981,,3,2,9,2700,0,2,S,,2,904,"A ROAD LAGUNA SECA",SR-68,44.00,N,N,A,-,N,,,,,,,,,,Y,4,0,1,1,A,-,03,22350,,F,E,I,A,A,H,-,A,D,0,,,,,Y,,A,08,0,0,1,0,0,0,0,0,0,"- ","- ",36.570529999999998,-121.16039000000001,MONTEREY,UNINCORPORATED,-121.75450552,36.569547120000003
90020737,2015,2015-10-19,9730,2015-09-17,1405,020419,,4,2,9,2700,0,1,2,,1,050,"US-101 SB","MAIN ST",750.00,N,N,A,-,Y,,,,,,,,,,Y,4,0,1,1,A,-,08,22107,,N,E,I,A,A,H,-,A,D,0,,,,,Y,,A,01,0,0,1,0,0,0,0,0,0,"- ","- ",36.688949999999998,-121.65615,MONTEREY,UNINCORPORATED,-121.51970396999999,36.570923720000003
90020749,2015,2015-10-19,9730,2015-09-17,1630,019239,,4,2,9,2700,0,3,5,,2,003,"SPRECKELS BLVD","HATTON AVE",220.00,W,N,A,-,N,,,,,,,,,,Y,4,0,1,2,A,-,08,22107,,N,D,E,A,A,H,-,A,D,0,,,,,Y,,A,01,0,0,1,0,0,0,0,0,0,"- ","- ",36.622819999999997,-121.64807,MONTEREY,UNINCORPORATED,-121.64790807999999,36.622657969999999
90020761,2015,2015-10-19,9730,2015-09-17,1750,020419,,4,2,9,2700,0,3,5,,2,006,"ESPINOSA RD","FOXWOOD LN",337.00,E,N,A,-,N,,,,,,,,,,Y,4,0,2,3,A,-,08,22107,,N,B,C,A,A,H,-,A,D,0,,,,,Y,,A,07,0,0,2,0,0,0,0,0,0,"- ","- ",36.743450000000003,-121.68848,MONTEREY,UNINCORPORATED,-121.68863274,36.743537500000002
90021236,2015,2015-10-19,9730,2015-09-08,1325,014584,,2,1,9,2700,0,1,2,,1,030,US-101,"CHUALAR-MAIN ST.",528.00,N,N,A,-,Y,,,101,,,,,,,Y,3,0,3,1,C,-,18,,,N,F,I,A,A,H,-,A,D,0,,,,,Y,,-,"- ",0,1,2,0,0,0,0,0,0,"- ","- ",36.57329,-121.52238,MONTEREY,UNINCORPORATED,-121.52233337,36.573348609999996
90021238,2015,2015-12-09,9730,2015-09-13,0640,020680,,7,1,9,2700,0,3,5,,2,006,"RESERVATION RD.","E. GARRISON RD.",75.00,W,N,B,-,N,,,,,,,,,,N,4,0,1,1,D,-,00,,,N,H,G,A,A,H,-,A,D,0,,Y,,,Y,,-,"- ",0,0,1,0,0,0,1,0,0,"- ","- ",36.655900000000003,-121.7329,MONTEREY,UNINCORPORATED,-121.73290412,36.65587
90021248,2015,2015-10-19,9730,2015-09-08,1257,013024,,2,1,9,2700,0,1,2,,1,030,US-101,"CAMPHORA-GLORIA O/C",528.00,S,N,A,-,Y,,,,,,,,,,Y,4,0,3,3,A,-,07,21658,A,N,B,C,A,A,H,-,A,D,0,,,,,Y,,A,07,0,0,3,0,0,0,0,0,0,"- ","- ",,,MONTEREY,UNINCORPORATED,-121.36174058,36.447873219999998
90022756,2015,2016-01-04,9730,2015-09-07,1425,020514,,1,2,9,2700,0,1,2,,1,070,"US-101 N/B","MESSICK RD",40.00,S,N,A,-,Y,,,101,,,,,,N,N,3,0,2,2,A,-,03,22350,,N,C,C,A,A,H,-,A,D,0,,,Y,,Y,,C,02,0,1,1,0,0,0,0,0,2,"- ","- ",36.801299999999998,-121.66098,MONTEREY,UNINCORPORATED,-121.66098651,36.801316309999997
90022998,2015,2015-10-19,9730,2015-09-25,1715,018820,,5,2,9,2700,0,1,2,,1,070,"US-101 S/B","PRUNEDALE S. RD.",528.00,S,N,A,-,Y,,,101,,,,,,S,N,3,0,1,2,A,-,03,22350,,N,C,C,A,A,H,-,A,D,0,,,,,Y,,A,01,0,1,0,0,0,0,0,0,0,"- ","- ",36.786470000000001,-121.66837,MONTEREY,UNINCORPORATED,-121.6682912,36.786453010000002
90023107,2015,2015-10-19,9730,2015-09-13,0515,016537,,7,3,9,2700,0,1,2,,1,030,"US-101 N/B","MAIN ST. O/C",6336.00,S,N,A,-,Y,,,101,,,,,,N,Y,2,0,2,1,A,-,01,23152,A,N,A,I,A,A,H,-,D,D,0,,,,,Y,Y,A,07,1,0,1,0,0,0,0,0,0,"- ","- ",36.547429999999999,-121.49453,MONTEREY,UNINCORPORATED,-121.49445928999999,36.54751675
90023213,2015,2015-10-19,9730,2015-09-15,1840,018650,,2,2,9,2700,0,1,3,,1,022,SR-1,"MOSS LANDING STATE BEACH",200.00,S,N,A,-,Y,,,1,,,,,,,N,4,0,1,3,A,-,04,21703,,M,C,C,A,A,H,-,A,D,0,,,,,Y,,A,07,0,0,1,0,0,0,0,0,0,"- ","- ",36.80292,-121.78361,MONTEREY,UNINCORPORATED,-121.78376434,36.802892440000001
90023364,2015,2015-10-19,9730,2015-09-20,1515,020514,,7,2,9,2700,0,3,5,,2,006,"BLANCO RD","DAVIS RD",2000.00,W,N,A,-,N,,,,,,,,,,Y,4,0,1,2,A,-,03,22350,,N,C,C,A,A,H,-,A,D,0,,,,,Y,,A,01,0,0,1,0,0,0,0,0,0,"- ","- ",36.669179999999997,-121.68953999999999,MONTEREY,UNINCORPORATED,-121.69074196,36.669891710000002
90023378,2015,2015-10-19,9730,2015-09-20,1930,020896,,7,2,6,2708,0,1,2,,1,070,"US-101 NORTHBOUND","SR-156 OVERCROSSING",300.00,S,N,A,-,Y,,,,,,,,,,Y,4,0,2,3,A,-,03,22350,,N,C,C,A,A,H,-,D,D,0,,,,,Y,,A,01,0,0,2,0,0,0,0,0,0,"- ","- ",36.789479999999998,-121.66748,MONTEREY,SALINAS,-121.66766009,36.788786160000001
90023398,2015,2015-10-19,9730,2015-09-19,2227,020933,,6,3,9,2700,0,3,5,,2,004,"ALISAL ROAD","HARTNELL ROAD",4224.00,N,N,A,-,N,,,,,,,,,,Y,2,0,2,2,A,-,01,23152,A,N,A,C,A,A,H,-,D,D,0,,,,,Y,Y,A,01,1,0,1,0,0,0,0,0,0,"- ","- ",36.656010000000002,-121.58615,MONTEREY,UNINCORPORATED,-121.58516215,36.654810269999999
90023542,2015,2015-10-19,9730,2015-09-08,1500,020514,,2,2,9,2700,0,1,3,,2,062,"SR-1 S/B","LIGHTFIGHTER DR",1000.00,S,N,A,-,Y,,,,,,,,,,Y,4,0,2,2,A,-,07,21658,A,N,C,C,A,A,H,-,A,D,0,,,,,Y,,A,01,0,0,2,0,0,0,0,0,0,"- ","- ",36.633920000000003,-121.82902,MONTEREY,UNINCORPORATED,-121.8177914,36.645400629999997
9002356,2019,2020-01-08,2708,2019-11-04,1521,58583,,1,5,6,2708,0,0,0,,0,011,"WILLIAMS RD","MONTE BELLA BL",441.00,N,N,A,-,N,,,,,,,,,,Y,4,0,1,2,A,-,03,22350,,N,C,C,A,A,H,-,A,D,0,,,,,Y,,-,,0,0,1,0,0,0,0,0,0,"- ","- ",,,MONTEREY,SALINAS,-121.5992431640625,36.684112548828125
90023572,2015,2015-10-19,9730,2015-09-18,0145,019934,,5,3,9,2700,0,3,5,,2,007,"ESPINOSA ROAD",SR-183,105.00,E,N,A,-,N,,,,,,,,,,Y,4,0,1,1,A,-,08,22107,,N,H,I,A,A,H,-,D,D,0,,,,,Y,,A,01,0,0,1,0,0,0,0,0,0,"- ","- ",36.745089999999998,-121.73954999999999,MONTEREY,UNINCORPORATED,-121.73957831,36.745067149999997
9002364,2019,2020-01-08,2708,2019-11-11,0214,98282,,1,5,6,2708,0,0,0,,0,012,"WILLIAMS RD","EAST MARKET ST",280.00,S,N,E,-,N,,,,,,,,,,N,3,0,1,3,A,-,01,23152,A,N,C,E,A,A,H,-,C,D,0,,,,,Y,Y,-,,0,1,0,0,0,0,0,0,0,"- ","- ",,,MONTEREY,SALINAS,-121.61583709716797,36.674633026123047
90023924,2015,2015-10-19,9730,2015-09-07,1540,019529,,1,2,9,2700,0,1,3,,1,012,"STATE ROUTE 1","RIVER INN",500.00,S,N,A,-,Y,,,,,,,,,,N,4,0,1,2,A,-,09,21804,A,N,D,C,A,A,H,-,A,D,0,,,Y,,Y,,A,07,0,0,1,0,0,0,0,0,1,"- ","- ",,,MONTEREY,UNINCORPORATED,,
90023940,2015,2015-10-19,9730,2015-09-09,1740,019529,,3,2,9,2700,0,3,5,,2,007,"MERIDIAN ROAD","DYER ROAD",700.00,W,N,A,-,N,,,,,,,,,,Y,4,0,1,2,A,-,09,21801,A,N,A,C,A,A,H,-,A,D,0,,,,,Y,,A,01,0,0,1,0,0,0,0,0,0,"- ","- ",36.788379999999997,-121.6859,MONTEREY,UNINCORPORATED,-121.68589772999999,36.788416959999999
90023954,2015,2015-10-19,9730,2015-09-21,1805,019745,,1,2,9,2700,0,3,5,,2,007,"ELKTHORN RD (1500 BLOCK)","PARADISE VALLEY RD",733.00,N,N,A,-,N,,,,,,,,,,Y,3,0,2,2,A,-,03,22350,,N,A,C,A,A,H,-,A,D,0,,,,,Y,,D,22,0,1,1,0,0,0,0,0,0,"- ","- ",36.821469999999998,-121.73002,MONTEREY,UNINCORPORATED,-121.73002,36.821469999999998
90023965,2015,2015-10-19,9730,2015-09-21,0830,014584,,1,1,9,2700,0,3,5,,2,003,"RIVER RD","PARKER RD",3168.00,S,N,A,-,N,,,,,,,,,,Y,3,0,1,2,A,-,03,22350,,N,C,C,A,A,H,-,A,D,0,,,,,Y,,A,07,0,1,0,0,0,0,0,0,0,"- ","- ",36.574309999999997,-121.58338999999999,MONTEREY,UNINCORPORATED,-121.59690541000001,36.582723680000001
90024308,2015,2015-10-19,9730,2015-09-15,1005,015638,,2,1,4,2710,0,1,3,,2,062,"SR-1 (N/B)","LIGHTFIGHTER DRIVE",600.00,N,N,A,-,Y,,,1,,,,,,,Y,4,0,2,2,A,-,07,21658,A,N,B,C,A,A,H,-,A,D,0,,,,,Y,,A,01,0,0,2,0,0,0,0,0,0,"- ","- ",36.6511,-121.8147,MONTEREY,SEASIDE,-121.81478441,36.651073400000001
90024312,2015,2015-10-19,9730,2015-09-18,1225,020391,,5,1,9,2700,0,2,4,,1,073,"SAN MIGUEL CANYON RD","1370 SAN MIGUEL CANYON RD",735.00,S,N,A,-,N,,,,,,,,,,Y,3,0,1,1,A,-,01,23152,A,N,E,I,A,A,H,-,A,D,0,,,,,Y,Y,A,01,0,1,0,0,0,0,0,0,0,"- ","- ",36.84196,-121.68814999999999,MONTEREY,UNINCORPORATED,-121.68828867000001,36.842125230000001
90024489,2015,2015-10-19,9730,2015-09-22,1700,018350,,2,2,9,2700,0,1,3,,2,062,"SR-1 N/B","SR-68 W/B",2640.00,N,N,A,-,Y,,,,,,,,,,N,4,0,1,3,A,-,03,22350,,N,C,C,A,A,H,-,A,D,0,,,,,Y,,D,22,0,0,1,0,0,0,0,0,0,"- ","- ",,,MONTEREY,UNINCORPORATED,,
90024540,2015,2015-10-19,9730,2015-09-22,0045,019127,,2,3,9,2700,0,3,5,,2,005,"OLD STAGE RD","CRAZY HORSE CANYON RD",3696.00,N,N,A,-,N,,,,,,,,,,Y,3,0,3,1,A,-,08,22107,,N,F,A,A,A,H,-,D,D,0,,,,,Y,,A,01,0,2,1,0,0,0,0,0,0,"- ","- ",36.773870000000002,-121.58873,MONTEREY,UNINCORPORATED,-121.58924955000001,36.773477210000003
90024604,2015,2015-10-19,9730,2015-09-23,1855,015297,,3,2,9,2700,0,2,4,,1,073,"HALL ROAD","PINI ROAD",0.00,,Y,A,-,N,,,,,,,,,,Y,4,0,1,2,A,-,09,21801,A,N,A,C,A,A,H,-,B,A,0,,,,,Y,,A,07,0,0,1,0,0,0,0,0,0,"- ","- ",36.864240000000002,-121.71666999999999,MONTEREY,UNINCORPORATED,-121.71673986,36.864120079999999
90025053,2015,2015-10-19,9735,2015-09-25,1505,017681,,5,2,9,2700,0,1,2,,1,041,"US-101 NORTHBOUND","CENTRAL AVENUE",2640.00,S,N,A,-,Y,,,101,,,,,,N,Y,4,0,1,1,A,-,08,22107,,N,F,A,A,A,H,-,A,D,0,,,,,Y,,A,01,0,0,1,0,0,0,0,0,0,"- ","- ",36.224910000000001,-121.17071,MONTEREY,UNINCORPORATED,-121.1707646,36.224874909999997
90025133,2015,2015-10-19,9735,2015-09-28,1610,018069,,1,2,3,2704,0,1,2,,1,040,"US-101 S/B","WALNUT STREET O/C",1584.00,N,N,A,-,Y,,,101,,,,,,S,Y,3,0,1,1,A,-,08,22107,,N,E,I,A,A,H,-,A,D,0,,,,,Y,,A,01,0,1,0,0,0,0,0,0,0,"- ","- ",36.332920000000001,-121.24782999999999,MONTEREY,GREENFIELD,-121.24802922000001,36.332682560000002
90025362,2015,2015-10-19,9735,2015-09-26,2330,019330,,6,3,9,2700,0,3,5,,2,003,"CATTLEMEN RD",SR-198,5280.00,N,N,A,-,N,,,,,,,,,,Y,4,0,1,1,A,-,08,22107,,N,E,I,A,A,H,-,E,D,0,,,,,Y,,A,01,0,0,1,0,0,0,0,0,0,"- ","- ",36.134070000000001,-121.03117,MONTEREY,UNINCORPORATED,-121.03075127,36.133470799999998
9002560,2019,2020-01-06,2701,2019-10-23,1047,195,CRML,3,5,2,2701,0,0,0,,0,ALL,"MISSION ST",OCEAN,0.00,,Y,A,-,N,,,,,,,,,,N,4,0,1,2,A,-,10,21950,A,N,G,B,B,A,H,-,A,A,0,Y,,,,Y,,A,07,0,0,1,0,1,0,0,0,0,"- ","- ",,,MONTEREY,CARMEL,-121.92092132568359,36.555091857910156
90025687,2015,2015-10-19,9730,2015-09-08,1807,019239,,2,2,9,2700,0,1,2,,1,050,US-101,"HARTNELL RD",0.00,,Y,A,-,Y,,,,,,,,,,Y,3,0,1,2,A,-,09,21801,A,N,D,C,A,A,H,-,A,D,0,,,,Y,Y,,G,25,0,1,0,0,0,0,0,0,0,"- ","- ",,,MONTEREY,UNINCORPORATED,-121.58065987000001,36.62256009