CASE_ID,ACCIDENT_YEAR,PROC_DATE,JURIS,COLLISION_DATE,COLLISION_TIME,OFFICER_ID,REPORTING_DISTRICT,DAY_OF_WEEK,CHP_SHIFT,POPULATION,CNTY_CITY_LOC,SPECIAL_COND,BEAT_TYPE,CHP_BEAT_TYPE,CITY_DIVISION_LAPD,CHP_BEAT_CLASS,BEAT_NUMBER,PRIMARY_RD,SECONDARY_RD,DISTANCE,DIRECTION,INTERSECTION,WEATHER_1,WEATHER_2,STATE_HWY_IND,CALTRANS_COUNTY,CALTRANS_DISTRICT,STATE_ROUTE,ROUTE_SUFFIX,POSTMILE_PREFIX,POSTMILE,LOCATION_TYPE,RAMP_INTERSECTION,SIDE_OF_HWY,TOW_AWAY,COLLISION_SEVERITY,NUMBER_KILLED,NUMBER_INJURED,PARTY_COUNT,PRIMARY_COLL_FACTOR,PCF_CODE_OF_VIOL,PCF_VIOL_CATEGORY,PCF_VIOLATION,PCF_VIOL_SUBSECTION,HIT_AND_RUN,TYPE_OF_COLLISION,MVIW,PED_ACTION,ROAD_SURFACE,ROAD_COND_1,ROAD_COND_2,LIGHTING,CONTROL_DEVICE,CHP_ROAD_TYPE,PEDESTRIAN_ACCIDENT,BICYCLE_ACCIDENT,MOTORCYCLE_ACCIDENT,TRUCK_ACCIDENT,NOT_PRIVATE_PROPERTY,ALCOHOL_INVOLVED,STWD_VEHTYPE_AT_FAULT,CHP_VEHTYPE_AT_FAULT,COUNT_SEVERE_INJ,COUNT_VISIBLE_INJ,COUNT_COMPLAINT_PAIN,COUNT_PED_KILLED,COUNT_PED_INJURED,COUNT_BICYCLIST_KILLED,COUNT_BICYCLIST_INJURED,COUNT_MC_KILLED,COUNT_MC_INJURED,PRIMARY_RAMP,SECONDARY_RAMP,LATITUDE,LONGITUDE,COUNTY,CITY,POINT_X,POINT_Y
90431940,2017,2017-04-11,9730,2017-04-07,0203,019956,,5,3,9,2700,0,1,3,,1,074,"SR-1 S/B","TRAFTON RD",100.00,N,N,B,C,Y,,,1,,,,,,S,Y,4,0,1,1,A,-,03,22350,,N,E,I,A,B,H,-,D,D,0,,,,,Y,,A,01,0,0,1,0,0,0,0,0,0,"- ","- ",36.8767,-121.77123,MONTEREY,UNINCORPORATED,-121.77121033,36.876704240000002
90432018,2017,2017-04-11,9730,2017-04-05,1807,018312,,3,2,9,2700,0,1,2,,1,030,"US 101 (NORTHBOUND)","SOLEDAD PRISON ROAD",7920.00,N,N,A,-,Y,,,,,,,,,,Y,3,0,2,2,A,-,01,23152,A,N,C,C,A,A,H,-,A,D,0,,,,,Y,Y,A,01,0,2,0,0,0,0,0,0,0,"- ","- ",36.4788,-121.40974,MONTEREY,UNINCORPORATED,-121.40917293,36.478070860000003
90432317,2017,2017-04-12,9730,2017-04-05,1822,018810,,3,2,9,2700,0,1,3,,1,074,SR-1,"STRUVE ROAD",500.00,N,N,B,-,Y,,,1,,,,,,,Y,4,0,1,3,A,-,05,21460,A,N,A,C,A,A,H,-,A,D,0,,,,,Y,,A,01,0,0,1,0,0,0,0,0,0,"- ","- ",36.835009999999997,-121.77101,MONTEREY,UNINCORPORATED,-121.77100634999999,36.835010019999999
90432320,2017,2017-04-12,9730,2017-04-07,0753,019956,,5,1,9,2700,0,1,2,,1,070,"US-101 S/B","PRUNEDALE SOUTH RD",4752.00,S,N,B,C,Y,,,101,,,,,,S,Y,4,0,2,2,A,-,03,22350,,N,C,C,A,B,H,-,A,D,0,,,,,Y,,A,01,0,0,2,0,0,0,0,0,0,"- ","- ",36.757530000000003,-121.66556,MONTEREY,UNINCORPORATED,-121.66556706999999,36.757527809999999
90432349,2017,2017-04-12,9730,2017-04-08,1539,020584,,6,2,9,2700,0,1,3,,1,024,"SR-68 (HOLMAN HIGHWAY)","SKYLINE FOREST DR.",1320.00,E,N,A,-,Y,,,68,,,,,,,Y,4,0,1,2,A,-,05,21460,A,N,B,C,A,A,H,-,A,D,0,,,,,Y,,E,22,0,0,1,0,0,0,0,0,0,"- ","- ",36.582030000000003,-121.91794,MONTEREY,UNINCORPORATED,-121.91790036,36.582033860000003
90432486,2017,2017-04-12,9730,2017-04-09,1525,020841,,7,2,9,2700,0,3,5,,2,007,"DOLAN ROAD","VIA TANQUES ROAD",0.00,,Y,A,-,N,,,,,,,,,,Y,4,0,1,2,A,-,09,21802,A,N,A,C,A,A,H,-,A,A,0,,,,,Y,,D,22,0,0,1,0,0,0,0,0,0,"- ","- ",36.797690000000003,-121.75697,MONTEREY,UNINCORPORATED,-121.75698149999999,36.797660999999998
90432585,2017,2017-04-12,9730,2017-04-09,1050,019818,,7,1,9,2700,0,1,3,,1,066,"MERRIT ST (SR-183)","SR-156 WB",0.00,,Y,A,-,Y,,,183,,,,,,,N,4,0,1,2,A,-,09,21802,A,N,D,C,A,A,H,-,A,A,0,,,,,Y,,A,01,0,0,1,0,0,0,0,0,0,"- ","- ",36.761850000000003,-121.7526,MONTEREY,UNINCORPORATED,-121.75267218,36.761751789999998
90433503,2017,2017-04-13,9730,2017-04-07,1030,017502,,5,1,9,2700,0,2,4,,1,023,"CARMEL VALLEY ROAD","SCARLETT ROAD",1056.00,W,N,C,-,N,,,,,,,,,,Y,3,0,2,2,A,-,05,21460,A,N,E,I,A,B,H,-,A,D,0,,,,,Y,,A,01,0,1,1,0,0,0,0,0,0,"- ","- ",36.524799999999999,-121.79649999999999,MONTEREY,UNINCORPORATED,-121.79693114,36.524711539999998
90433935,2017,2017-04-13,9730,2017-04-10,1530,019981,,1,2,9,2700,0,3,5,,2,002,"PALO COLORADO ROAD",SR-1,10560.00,E,N,A,-,N,,,,,,,,,,Y,2,0,1,1,A,-,08,22107,,N,E,I,A,A,H,-,A,D,0,,,,,Y,,A,07,1,0,0,0,0,0,0,0,0,"- ","- ",36.389789999999998,-121.87161999999999,MONTEREY,UNINCORPORATED,-121.87161999999999,36.389789999999998
90433959,2017,2017-04-13,9735,2017-04-04,1510,016816,,2,2,9,2700,0,3,5,,2,002,"NACIMIENTO LAKE DR.","JOLON RD.",2640.00,S,N,A,-,Y,,,,,,,,,,Y,2,0,1,2,A,-,05,21651,A,N,B,C,A,A,H,-,A,D,0,,,Y,,Y,,C,02,1,0,0,0,0,0,0,0,1,"- ","- ",35.869929999999997,-120.82746,MONTEREY,UNINCORPORATED,-120.8382939,35.866693040000001
90434030,2017,2017-04-13,9730,2017-04-11,1513,019981,,2,2,9,2700,0,1,3,,1,014,SR-1,"PALO COLRADO ROAD",0.00,,Y,A,-,Y,,,1,,,,,,,Y,4,0,3,2,A,-,09,21801,A,N,D,C,A,A,H,-,A,D,0,,,,,Y,,A,01,0,0,3,0,0,0,0,0,0,"- ","- ",36.39931,-121.90455,MONTEREY,UNINCORPORATED,-121.90456786,36.399295950000003
90434239,2017,2017-04-14,9730,2017-04-08,1940,020677,,6,2,9,2700,0,1,3,,1,066,SR-183,"SAN JON RD.",30.00,S,N,A,-,N,,,183,,,,,,,Y,3,0,4,2,A,-,01,23152,A,N,C,C,A,A,H,-,D,D,0,,,,,Y,Y,A,07,0,3,1,0,0,0,0,0,0,"- ","- ",36.703629999999997,-121.70735000000001,MONTEREY,UNINCORPORATED,-121.70744974999999,36.703533620000002
90434404,2017,2017-04-14,9735,2017-03-31,0105,020417,,5,3,9,2700,0,1,2,,2,042,"US-101 S/B","PARIS VALLEY O/C",2930.00,S,N,B,-,Y,,,101,,,,,,S,Y,3,0,1,2,A,-,08,22107,,N,B,D,A,A,H,-,D,D,0,,,,Y,Y,,A,01,0,1,0,0,0,0,0,0,0,"- ","- ",36.071309999999997,-120.99052,MONTEREY,UNINCORPORATED,-120.99052929,36.07129922
9043457,2020,2020-09-25,2708,2020-01-10,1738,74686,,5,5,6,2708,0,0,0,,0,,"BLANCO RD","RT 68",0.00,,Y,A,-,Y,MON,5,68,-,-,19.971,I,6,W,N,3,0,1,2,A,-,10,21950,A,M,-,B,B,A,H,-,C,A,0,Y,,,,Y,,D,22,0,1,0,0,1,0,0,0,0,"- ","- ",,,MONTEREY,SALINAS,-121.66033935546875,36.655601501464844
9043461,2020,2020-02-26,2708,2020-01-19,1302,58583,,7,5,6,2708,0,0,0,,0,011,"WILLIAMS RD","GARNER AV",0.00,,Y,B,-,N,,,,,,,,,,Y,3,0,1,2,A,-,09,21801,A,N,A,C,A,A,H,-,A,D,0,,,Y,Y,Y,,F,26,0,1,0,0,0,0,0,0,1,"- ","- ",,,MONTEREY,SALINAS,-121.60859680175781,36.678760528564453
9043465,2020,2020-03-10,2708,2020-01-13,1209,07904,,1,5,6,2708,0,0,0,,0,009,"SOUTH SANBORN RD","ABBOTT ST",100.00,N,N,-,-,N,,,,,,,,,,N,4,0,1,2,A,-,03,22350,,N,C,C,A,A,H,-,A,D,0,,,,,Y,,D,22,0,0,1,0,0,0,0,0,0,"- ","- ",,,MONTEREY,SALINAS,-121.63568115234375,36.657493591308594
9043473,2020,2020-02-25,2708,2020-01-28,1723,18925,,2,5,6,2708,0,0,0,,0,006,"WESTRIDGE PKWY","NORTH DAVIS RD",885.00,W,N,A,-,N,,,,,,,,,,Y,3,0,2,2,A,-,07,21658,A,N,B,C,A,A,H,-,A,D,0,,,,,Y,,D,22,0,1,1,0,0,0,0,0,0,"- ","- ",,,MONTEREY,SALINAS,-121.66969299316406,36.704959869384766
90435458,2017,2017-04-17,9730,2017-04-09,2305,020896,,7,3,9,2700,0,1,3,,1,022,SR-1,"OCEAN AVE",100.00,N,N,A,-,Y,,,1,,,,,,,Y,3,0,1,1,A,-,08,22107,,N,E,I,A,A,H,-,C,D,0,,,,,Y,,A,07,0,1,0,0,0,0,0,0,0,"- ","- ",36.556550000000001,-121.91137000000001,MONTEREY,UNINCORPORATED,-121.91124751,36.55656638
90435487,2017,2017-04-17,9730,2017-04-10,1601,019239,,1,2,9,2700,0,3,5,,2,003,"FOLETTA RD","BROOME RD",1056.00,N,N,A,-,N,,,,,,,,,,Y,4,0,1,1,A,-,08,22107,,N,F,A,A,A,H,-,A,D,0,,,,,Y,,A,01,0,0,1,0,0,0,0,0,0,"- ","- ",36.556980000000003,-121.50644,MONTEREY,UNINCORPORATED,-121.5054919,36.556010389999997
90435493,2017,2017-04-17,9730,2017-04-10,1739,019239,,1,2,6,2708,0,1,2,,1,050,"US-101 NB","MARKET ST U/C",100.00,S,N,A,-,Y,,,101,,,,,,N,N,4,0,2,2,A,-,03,22350,,N,C,C,A,A,H,-,A,D,0,,,,,Y,,A,01,0,0,2,0,0,0,0,0,0,"- ","- ",36.675710000000002,-121.64093,MONTEREY,SALINAS,-121.64088317,36.675718019999998
9043562,2020,2020-05-28,2708,2020-02-01,0807,19943,,6,5,6,2708,0,0,0,,0,004,"CONSTITUTION BL","EAST LAUREL DR",0.00,,Y,A,-,N,,,,,,,,,,Y,3,0,1,1,A,-,01,23152,A,N,F,J,A,A,H,-,A,A,0,,,,,Y,Y,A,01,0,1,0,0,0,0,0,0,0,"- ","- ",,,MONTEREY,SALINAS,-121.63230895996094,36.694488525390625
90435742,2017,2017-04-17,9730,2017-04-15,2130,021407,,6,2,9,2700,0,1,2,,1,030,"US-101 SOUTHBOUND","CHUALAR ROAD",7920.00,S,N,A,-,Y,,,101,,,,,,S,Y,3,0,1,1,A,-,03,22350,,N,E,I,A,A,H,-,C,D,0,,,,,Y,,D,22,0,1,0,0,0,0,0,0,0,"- ","- ",36.556480000000001,-121.50536,MONTEREY,UNINCORPORATED,-121.50532521,36.556516189999996
90435914,2017,2017-04-17,9730,2017-04-06,1524,020899,,4,2,9,2700,0,3,5,,2,004,"GRANT STREET","MAIN STREET",191.00,S,N,B,-,N,,,,,,,,,,N,3,0,1,2,A,-,09,21804,A,N,D,G,A,A,H,-,A,D,0,,Y,,,Y,,L,04,0,1,0,0,0,0,1,0,0,"- ","- ",36.569200000000002,-121.51727,MONTEREY,UNINCORPORATED,-121.51726341,36.569186999999999
90436058,2017,2017-04-17,9730,2017-04-12,0640,015160,,3,1,9,2700,0,1,3,,1,074,SR-1,"STRUVE ROAD (SOUTH)",528.00,N,N,C,-,Y,,,1,,,,,,,N,4,0,2,3,A,-,03,22350,,N,C,C,A,B,H,-,A,D,0,,,,,Y,,A,01,0,0,2,0,0,0,0,0,0,"- ","- ",36.826160000000002,-121.77527000000001,MONTEREY,UNINCORPORATED,-121.77529042,36.826184179999998
90436381,2017,2017-04-18,9730,2017-04-11,1750,018543,,2,2,9,2700,0,1,3,,1,066,"MERRITT STREET","RICO STREET",50.00,N,N,A,-,Y,,,,,,,,,,N,3,0,1,2,A,-,08,22107,,N,B,G,A,A,H,-,A,D,0,,Y,,,Y,,A,01,0,1,0,0,0,0,1,0,0,"- ","- ",36.764710000000001,-121.75677,MONTEREY,UNINCORPORATED,-121.75657428,36.764624189999999
9043682,2020,2020-02-25,2708,2020-01-06,1913,16258,SALIN,1,5,6,2708,0,0,0,,0,011,"WILLIAMS RD","ALMA AV",88.00,S,N,A,-,N,,,,,,,,,,N,2,0,1,2,A,-,11,21954,A,N,G,B,D,A,H,-,C,D,0,Y,,,,Y,Y,N,60,1,0,0,0,1,0,0,0,0,"- ","- ",,,MONTEREY,SALINAS,-121.60970306396484,36.678131103515625
9043686,2020,2020-02-25,2708,2020-01-10,2217,57533,,5,5,6,2708,0,0,0,,0,011,"WILLIAMS RD","OLD STAGE RD",0.00,,Y,A,-,N,,,,,,,,,,Y,3,0,1,2,A,-,08,22107,,N,D,C,A,A,H,-,C,A,0,,,,,Y,,-,,0,1,0,0,0,0,0,0,0,"- ","- ",,,MONTEREY,SALINAS,-121.57421112060547,36.698440551757812
9043690,2020,2020-03-20,2708,2020-01-24,1738,77195,,5,5,6,2708,0,0,0,,0,005,"NORTH MAIN ST","EAST LAUREL DR",440.00,S,N,A,-,N,,,,,,,,,,N,4,0,3,2,A,-,04,21703,,N,C,C,A,A,H,-,B,A,0,,,,,Y,,A,01,0,0,3,0,0,0,0,0,0,"- ","- ",,,MONTEREY,SALINAS,-121.65167999267578,36.698116302490234
9043694,2020,2020-02-25,2708,2020-01-25,1801,79945,,6,5,6,2708,0,0,0,,0,002,"WEST LAUREL DR","ADAMS ST",0.00,,Y,A,-,N,,,,,,,,,,Y,4,0,1,3,A,-,09,21801,A,N,D,C,A,A,H,-,C,A,0,,,,,Y,,A,07,0,0,1,0,0,0,0,0,0,"- ","- ",,,MONTEREY,SALINAS,-121.66246032714844,36.698009490966797
90436956,2017,2017-04-18,9730,2017-04-14,1750,020621,,5,2,9,2700,0,1,2,,1,070,"S/B US-101","SAN MIGUEL CANYON ROAD O/C",100.00,S,N,A,-,Y,,,101,,,,,,,Y,4,0,1,2,A,-,03,22350,,N,C,C,A,A,H,-,A,D,0,,,,Y,Y,,G,25,0,0,1,0,0,0,0,0,0,"- ","- ",36.799019999999999,-121.66464999999999,MONTEREY,UNINCORPORATED,-121.66466306,36.799030639999998
90436975,2017,2017-04-18,9730,2017-04-12,0008,019934,,3,3,9,2700,0,3,5,,2,007,"VEGA ROAD","MARLIN LN",1056.00,W,N,B,-,N,,,,,,,,,,Y,3,0,1,1,A,-,01,23152,A,M,E,I,A,B,H,-,D,D,0,,,,,Y,Y,D,22,0,1,0,0,0,0,0,0,0,"- ","- ",36.893369999999997,-121.70407,MONTEREY,UNINCORPORATED,-121.7049562,36.893392550000002
9043698,2020,2020-02-25,2708,2020-01-04,0948,37663,,6,5,6,2708,0,0,0,,0,011,"CONSTITUTION BL","LAS CASITAS DR",0.00,,Y,A,-,N,,,,,,,,,,N,2,0,1,2,A,-,09,21801,A,N,D,G,A,A,H,-,A,D,0,,Y,,,Y,,L,04,1,0,0,0,0,0,1,0,0,"- ","- ",,,MONTEREY,SALINAS,-121.61258697509766,36.698780059814453
9043702,2020,2020-02-25,2708,2020-01-09,1402,53260,,4,5,6,2708,0,0,0,,0,010,"E ALISAL ST","NORTH SANBORN RD",6.00,W,N,A,-,N,,,,,,,,,,N,4,0,1,2,A,-,10,21950,A,N,A,B,B,A,H,-,A,A,0,Y,,,,Y,,-,,0,0,1,0,1,0,0,0,0,"- ","- ",,,MONTEREY,SALINAS,-121.62745666503906,36.67291259765625
9043703,2020,2020-03-02,2708,2020-01-09,1643,18925,,4,5,6,2708,0,0,0,,0,008,"E ALISAL ST","FRONT ST",0.00,,N,A,-,N,,,,,,,,,,N,4,0,1,2,A,-,09,21804,A,N,D,C,A,A,H,-,A,D,0,,,,,Y,,A,01,0,0,1,0,0,0,0,0,0,"- ","- ",,,MONTEREY,SALINAS,-121.64916229248047,36.674640655517578
90437046,2017,2017-04-18,9730,2017-04-16,1420,020621,,7,2,6,2708,0,1,2,,1,050,"N/B US-101","SHERWOOD DRIVE O/C",75.00,N,N,B,C,Y,,,101,,,,,,,Y,4,0,1,2,A,-,03,22350,,N,C,C,A,B,H,-,A,D,0,,,,,Y,,A,01,0,0,1,0,0,0,0,0,0,"- ","- ",36.684980000000003,-121.64861999999999,MONTEREY,SALINAS,-121.64860091,36.685016179999998
9043706,2020,2020-02-25,2708,2020-01-05,1546,56525,SALIN,7,5,6,2708,0,0,0,,0,011,"NORTH SANBORN RD","DEL MONTE AV",700.00,S,N,A,-,N,,,,,,,,,,Y,4,0,2,2,A,-,09,21804,A,N,D,C,A,A,H,-,A,D,0,,,,,Y,,A,01,0,0,2,0,0,0,0,0,0,"- ","- ",,,MONTEREY,SALINAS,-121.61276245117188,36.687541961669922
90437072,2017,2017-04-18,9730,2017-04-16,1453,020621,,7,2,6,2708,0,1,2,,1,050,"S/B US-101","BORONDA ROAD",1056.00,S,N,B,C,Y,,,101,,,,,,,Y,4,0,1,1,A,-,03,22350,,N,E,I,A,B,H,-,A,D,0,,,,,Y,,A,01,0,0,1,0,0,0,0,0,0,"- ","- ",36.714590000000001,-121.66184,MONTEREY,SALINAS,-121.66195879999999,36.714625650000002
90437075,2017,2017-04-18,9735,2017-04-15,1050,019965,,6,1,9,2700,0,3,5,,2,004,"INDIAN VALLEY RD","CROSS COUNTRY RD",15840.00,W,N,A,-,N,,,,,,,,,,N,4,0,1,1,C,-,18,,,N,E,H,A,A,H,-,A,D,0,,,Y,,Y,,-,"- ",0,0,1,0,0,0,0,0,1,"- ","- ",35.884909999999998,-120.78147,MONTEREY,UNINCORPORATED,-120.70471422999999,35.830129130000003
90437083,2017,2017-04-18,9730,2017-04-16,1502,020621,,7,2,6,2708,0,1,2,,1,050,"S/B US-101","BORONDA ROAD",1100.00,S,N,B,C,Y,,,101,,,,,,,Y,4,0,1,2,A,-,03,22350,,N,C,C,A,B,H,-,A,D,0,,,,,Y,,A,01,0,0,1,0,0,0,0,0,0,"- ","- ",36.714590000000001,-121.66184,MONTEREY,SALINAS,-121.66195879999999,36.714625650000002
9043710,2020,2020-02-25,2708,2020-01-05,0738,57533,,7,5,6,2708,0,0,0,,0,008,"SHERWOOD DR","MARKET WY",0.00,,Y,A,-,N,,,,,,,,,,Y,4,0,1,2,A,-,12,21453,A,N,D,C,A,A,H,-,A,A,0,,,,,Y,,-,,0,0,1,0,0,0,0,0,0,"- ","- ",,,MONTEREY,SALINAS,-121.65001678466797,36.678348541259766
90437107,2017,2017-04-18,9730,2017-04-12,0014,020233,,3,3,9,2700,0,2,4,,1,073,"PORTER DRIVE","SALINAS ROAD",150.00,W,N,B,-,N,,,,,,,,,,Y,2,0,2,2,A,-,01,23152,A,F,D,E,A,B,H,-,C,D,0,,,,,Y,Y,A,01,1,1,0,0,0,0,0,0,0,"- ","- ",36.902749999999997,-121.74879,MONTEREY,UNINCORPORATED,-121.74877646,36.902844379999998
9043714,2020,2020-03-03,2708,2020-01-20,0549,87875,2708,1,5,6,2708,0,0,0,,0,009,"HARRIS RD","ABBOTT ST",1.00,S,N,A,-,N,,,,,,,,,,N,3,0,1,1,A,-,03,22350,,N,H,A,A,A,B,-,C,A,0,,,,,Y,,A,01,0,1,0,0,0,0,0,0,0,"- ","- ",,,MONTEREY,SALINAS,-121.61195373535156,36.644706726074219
9043718,2020,2020-03-03,2708,2020-01-04,1206,6905,,6,5,6,2708,0,0,0,,0,007,NACIONAL,"CLARK ST",100.00,E,N,-,-,N,,,,,,,,,,Y,4,0,1,3,A,-,08,22107,,M,A,E,-,A,H,-,A,D,0,Y,,,,Y,,A,01,0,0,1,0,1,0,0,0,0,"- ","- ",,,MONTEREY,SALINAS,-121.67356872558594,36.680271148681641
9043722,2020,2020-02-25,2708,2020-01-14,2129,25182,,2,5,6,2708,0,0,0,,0,010,"NORTH SANBORN RD","CIRCLE DR",500.00,N,N,A,-,N,,,,,,,,,,Y,3,0,1,2,A,-,01,23152,A,N,C,C,A,A,H,-,C,D,0,,,,,Y,Y,-,,0,1,0,0,0,0,0,0,0,"- ","- ",,,MONTEREY,SALINAS,-121.62440490722656,36.680198669433594
9043726,2020,2020-02-25,2708,2020-01-16,1934,98282,,4,5,6,2708,0,0,0,,0,005,"NORTH MAIN ST","EAST ALVIN DR",0.00,,Y,C,-,N,,,,,,,,,,Y,4,0,1,4,A,-,01,23153,A,N,C,C,A,B,H,-,C,A,0,,,,,Y,Y,A,08,0,0,1,0,0,0,0,0,0,"- ","- ",,,MONTEREY,SALINAS,-121.65347290039062,36.707901000976562
9043730,2020,2020-02-25,2708,2020-01-13,0931,35826,,1,5,6,2708,0,0,0,,0,008,"STONE ST","WEST MARKET ST",330.00,S,N,A,-,N,,,,,,,,,,N,2,0,2,3,A,-,10,21954,B,F,G,B,D,A,H,-,A,D,0,Y,,,,Y,,A,07,2,0,0,0,2,0,0,0,0,"- ","- ",,,MONTEREY,SALINAS,-121.65884399414062,36.677665710449219
9043734,2020,2020-02-25,2708,2020-01-14,0826,30424,,2,5,6,2708,0,0,0,,0,011,"NORTH SANBORN RD","GARNER AV",290.00,N,N,A,-,N,,,,,,,,,,Y,2,0,2,4,A,-,08,22107,,N,B,C,A,A,H,-,A,D,0,,,,,Y,,A,01,1,1,0,0,0,0,0,0,0,"- ","- ",,,MONTEREY,SALINAS,-121.61432647705078,36.686664581298828
90437349,2017,2017-04-19,9730,2017-04-11,1419,018312,,2,2,9,2700,0,2,4,,2,063,"BLANCO ROAD","HITCHCOCK ROAD",2640.00,E,N,A,-,N,,,,,,,,,,Y,3,0,2,3,A,-,03,22350,,N,C,C,A,A,H,-,A,D,0,,,,,Y,,A,01,0,1,1,0,0,0,0,0,0,"- ","- ",36.671669999999999,-121.69398,MONTEREY,UNINCORPORATED,-121.69437670000001,36.671936889999998
9043738,2020,2020-03-23,2708,2020-01-15,0649,87875,2708,3,5,6,2708,0,0,0,,0,008,"EAST MARKET ST","PAJARO ST",3.00,W,N,A,-,N,,,,,,,,,,N,3,0,1,2,A,-,10,21950,A,F,G,B,B,A,H,-,A,D,0,Y,,,,Y,,A,01,0,1,0,0,1,0,0,0,0,"- ","- ",,,MONTEREY,SALINAS,-121.65335845947266,36.677829742431641
9043742,2020,2020-03-03,2708,2020-01-14,1615,98282,,2,5,6,2708,0,0,0,,0,005,"NORTH MAIN ST","W BERNAL DR",95.00,S,N,A,-,N,,,,,,,,,,Y,4,0,1,3,A,-,09,21800,A,N,B,C,A,A,H,-,B,A,0,,,,,Y,,A,01,0,0,1,0,0,0,0,0,0,"- ","- ",,,MONTEREY,SALINAS,-121.6524658203125,36.689708709716797
9043744,2019,2020-02-26,2708,2019-12-19,2015,31968,,4,5,6,2708,0,0,0,,0,002,"NORTH MAIN ST","EAST ALVIN DR",50.00,N,N,A,-,N,,,,,,,,,,N,3,0,1,2,A,-,03,22350,,N,C,C,A,A,H,-,D,A,0,,,,,Y,,-,,0,1,0,0,0,0,0,0,0,"- ","- ",,,MONTEREY,SALINAS,-121.65349578857422,36.708034515380859
9043746,2020,2020-02-25,2708,2020-01-23,1600,77195,,4,5,6,2708,0,0,0,,0,004,"INDEPENDENCE BL","CONSTITUTION BL",0.00,,Y,B,-,N,,,,,,,,,,Y,3,0,1,2,A,-,09,21801,A,N,D,C,A,A,H,-,A,A,0,,,,,Y,,A,01,0,1,0,0,0,0,0,0,0,"- ","- ",,,MONTEREY,SALINAS,-121.62148284912109,36.700408935546875
9043748,2019,2020-02-26,2708,2019-12-31,1039,75635,SALIN,2,5,6,2708,0,0,0,,0,,"TYLER ST","HARDING ST",0.00,,Y,A,-,N,,,,,,,,,,N,4,0,1,2,A,-,17,22517,,N,B,E,A,A,H,-,C,D,0,,,,,Y,,-,,0,0,1,0,0,0,0,0,0,"- ","- ",,,MONTEREY,SALINAS,-121.65897369384766,36.697399139404297
9043750,2020,2020-03-04,2708,2020-01-21,1837,08775,SALIN,2,5,6,2708,0,0,0,,0,003,"NATIVIDAD RD","E ALLEN DR",0.00,,Y,A,-,N,,,,,,,,,,Y,4,0,2,2,A,-,08,22107,,N,D,C,A,A,H,-,C,A,0,,,,,Y,,A,01,0,0,2,0,0,0,0,0,0,"- ","- ",,,MONTEREY,SALINAS,,
90437516,2017,2017-04-19,9730,2017-04-16,0325,020990,,7,3,9,2700,0,2,4,,1,023,"CARMEL VALLEY ROAD","SAN CLEMENTE DRIVE",200.00,E,N,B,-,N,,,,,,,,,,Y,3,0,1,1,A,-,01,23152,F,N,E,I,A,A,H,-,D,D,0,,,,,Y,,A,01,0,1,0,0,0,0,0,0,0,"- ","- ",36.457650000000001,-121.70699999999999,MONTEREY,UNINCORPORATED,-121.70613,36.458399999999997
9043752,2019,2020-02-26,2708,2019-12-18,1731,31968,,3,5,6,2708,0,0,0,,0,005,"EAST LAUREL DR","MARYAL DR",0.00,,Y,A,-,N,,,,,,,,,,Y,4,0,2,2,A,-,09,21801,A,N,D,C,A,A,H,-,B,A,0,,,,,Y,,-,,0,0,2,0,0,0,0,0,0,"- ","- ",,,MONTEREY,SALINAS,-121.64688110351562,36.698230743408203
9043754,2020,2020-02-25,2708,2020-01-25,1919,74122,,6,5,6,2708,0,0,0,,0,,"SOUTH SANBORN RD","JOHN ST",0.00,,Y,B,-,N,,,,,,,,,,Y,3,0,1,2,A,-,01,23152,A,N,C,C,A,A,H,-,C,A,0,,,,,Y,Y,A,01,0,1,0,0,0,0,0,0,0,"- ","- ",,,MONTEREY,SALINAS,-121.62773132324219,36.669300079345703
9043756,2019,2020-02-26,2708,2019-12-13,1800,79945,,5,5,6,2708,0,0,0,,0,002,"NORTH MAIN ST","MADRID ST",580.00,N,N,A,-,N,,,,,,,,,,Y,2,0,2,3,A,-,09,21801,A,N,D,C,A,A,H,-,C,D,0,,,,,Y,,-,,2,0,0,0,0,0,0,0,0,"- ","- ",,,MONTEREY,SALINAS,-121.65499877929688,36.71484375
9043758,2020,2020-02-25,2708,2020-01-16,1629,80368,,4,5,6,2708,0,0,0,,0,001,"SAN JUAN GRADE RD","RUSSELL RD",5.00,S,N,C,-,N,,,,,,,,,,Y,2,0,2,3,A,-,08,22107,,N,A,C,A,B,H,-,A,D,0,,,,,Y,,A,01,1,0,1,0,0,0,0,0,0,"- ","- ",,,MONTEREY,SALINAS,-121.64109802246094,36.730148315429688
90437700,2017,2017-04-19,9730,2017-04-17,2108,019934,,1,2,9,2700,0,3,5,,2,005,"HARRISON RD.","BORGES LN.",90.00,N,N,B,-,N,,,,,,,,,,Y,3,0,1,1,A,-,08,22107,,N,E,I,A,B,H,-,D,D,0,,,,,Y,,A,01,0,1,0,0,0,0,0,0,0,"- ","- ",36.755400000000002,-121.65575,MONTEREY,UNINCORPORATED,-121.65589213,36.75553146
90437949,2017,2017-04-19,9730,2017-04-14,1110,016537,,5,1,9,2700,0,1,2,,1,030,"US-101 N/B","SILLMAN RD.",528.00,N,N,A,-,Y,,,101,,,,,,N,Y,4,0,2,2,A,-,03,22350,,N,C,C,A,A,H,-,A,D,0,,,,,Y,,A,07,0,0,2,0,0,0,0,0,0,"- ","- ",36.452030000000001,-121.36729,MONTEREY,UNINCORPORATED,-121.36727166999999,36.452058630000003