CASE_ID,ACCIDENT_YEAR,PROC_DATE,JURIS,COLLISION_DATE,COLLISION_TIME,OFFICER_ID,REPORTING_DISTRICT,DAY_OF_WEEK,CHP_SHIFT,POPULATION,CNTY_CITY_LOC,SPECIAL_COND,BEAT_TYPE,CHP_BEAT_TYPE,CITY_DIVISION_LAPD,CHP_BEAT_CLASS,BEAT_NUMBER,PRIMARY_RD,SECONDARY_RD,DISTANCE,DIRECTION,INTERSECTION,WEATHER_1,WEATHER_2,STATE_HWY_IND,CALTRANS_COUNTY,CALTRANS_DISTRICT,STATE_ROUTE,ROUTE_SUFFIX,POSTMILE_PREFIX,POSTMILE,LOCATION_TYPE,RAMP_INTERSECTION,SIDE_OF_HWY,TOW_AWAY,COLLISION_SEVERITY,NUMBER_KILLED,NUMBER_INJURED,PARTY_COUNT,PRIMARY_COLL_FACTOR,PCF_CODE_OF_VIOL,PCF_VIOL_CATEGORY,PCF_VIOLATION,PCF_VIOL_SUBSECTION,HIT_AND_RUN,TYPE_OF_COLLISION,MVIW,PED_ACTION,ROAD_SURFACE,ROAD_COND_1,ROAD_COND_2,LIGHTING,CONTROL_DEVICE,CHP_ROAD_TYPE,PEDESTRIAN_ACCIDENT,BICYCLE_ACCIDENT,MOTORCYCLE_ACCIDENT,TRUCK_ACCIDENT,NOT_PRIVATE_PROPERTY,ALCOHOL_INVOLVED,STWD_VEHTYPE_AT_FAULT,CHP_VEHTYPE_AT_FAULT,COUNT_SEVERE_INJ,COUNT_VISIBLE_INJ,COUNT_COMPLAINT_PAIN,COUNT_PED_KILLED,COUNT_PED_INJURED,COUNT_BICYCLIST_KILLED,COUNT_BICYCLIST_INJURED,COUNT_MC_KILLED,COUNT_MC_INJURED,PRIMARY_RAMP,SECONDARY_RAMP,LATITUDE,LONGITUDE,COUNTY,CITY,POINT_X,POINT_Y
90501838,2017,2017-07-17,9730,2017-07-10,1317,019745,,1,1,9,2700,0,2,4,,1,073,"ELKHORN RD","WERNER RD",5.00,S,N,A,-,N,,,,,,,,,,N,4,0,1,2,A,-,03,22350,,N,C,C,A,A,H,-,A,D,0,,,,,Y,,A,01,0,0,1,0,0,0,0,0,0,"- ","- ",36.878900000000002,-121.7444,MONTEREY,UNINCORPORATED,-121.74723197,36.87896636
90501849,2017,2017-08-01,9730,2017-05-31,1524,019981,,3,2,9,2700,0,1,3,,1,014,"STATE ROUTE 1","CAPTAIN COOPER ROAD",198.00,S,N,A,-,Y,,,1,,,,,,,Y,1,1,5,1,A,-,08,22107,,N,E,I,A,A,H,-,A,D,0,,,,,Y,,A,08,0,1,4,0,0,0,0,0,0,"- ","- ",36.274799999999999,-121.81898,MONTEREY,UNINCORPORATED,-121.81899098,36.274789319999996
90501863,2017,2017-07-17,9730,2017-07-07,1728,021707,,5,2,9,2700,0,3,5,,2,002,"LAURELES GRADE N/B","SOUTHVIEW LN",2112.00,S,N,A,-,N,,,,,,,,,,Y,3,0,3,2,A,-,03,22350,,N,C,C,A,A,H,-,A,D,0,,,,,Y,,A,01,0,1,2,0,0,0,0,0,0,"- ","- ",36.51361,-121.75622,MONTEREY,UNINCORPORATED,-121.75603456,36.513167469999999
90501908,2017,2017-07-17,9730,2017-07-09,1045,018543,,7,1,9,2700,0,1,3,,1,066,"MERRITT STREET","WOOD STREET",80.00,S,N,A,-,N,,,,,,,,,,Y,3,0,2,3,A,-,03,22350,,N,C,C,A,A,H,-,A,A,0,,,,,Y,,A,01,0,1,1,0,0,0,0,0,0,"- ","- ",36.760390000000001,-121.75078999999999,MONTEREY,UNINCORPORATED,-121.75105736,36.760562620000002
90501938,2017,2017-07-17,9730,2017-07-07,1758,020899,,5,2,9,2700,0,2,4,,1,073,"SAN MIGUEL CANYON ROAD","MARK RYAN ESTATES",11.00,N,N,A,-,N,,,,,,,,,,Y,3,0,1,2,A,-,09,21804,A,N,D,C,A,A,H,-,A,A,0,,,,,Y,,D,22,0,1,0,0,0,0,0,0,0,"- ","- ",36.840789999999998,-121.68687,MONTEREY,UNINCORPORATED,,
90501977,2017,2017-07-17,9730,2017-07-09,0845,019569,,7,1,9,2700,0,3,5,,2,003,"CORRAL DE TIERRA RD",SR-68,1056.00,S,N,A,-,N,,,,,,,,,,Y,3,0,2,2,A,-,03,22350,,N,C,C,A,A,H,-,A,D,0,,,,,Y,,D,22,0,1,1,0,0,0,0,0,0,"- ","- ",36.574210000000001,-121.72678999999999,MONTEREY,UNINCORPORATED,-121.72842891000001,36.575833920000001
90502006,2017,2017-07-17,9730,2017-07-09,1304,019569,,7,1,9,2700,0,1,3,,1,066,"S. DAVIS RD.",SR-183,12.00,S,N,A,-,Y,,,,,,,,,,Y,4,0,1,2,A,-,08,22107,,N,D,C,A,A,H,-,A,A,0,,,,,Y,,A,01,0,0,1,0,0,0,0,0,0,"- ","- ",36.684959999999997,-121.67614,MONTEREY,UNINCORPORATED,-121.67614,36.684959999999997
90503034,2017,2017-07-18,9730,2017-07-13,1313,019569,,4,1,9,2700,0,1,3,,1,022,SR-1,"ATHERTON DR",528.00,N,N,A,-,Y,,,1,,,,,,,N,4,0,1,2,A,-,03,22350,,N,C,C,A,A,H,-,A,D,0,,,,,Y,,A,01,0,0,1,0,0,0,0,0,0,"- ","- ",36.547020000000003,-121.90975,MONTEREY,UNINCORPORATED,-121.90974413000001,36.547020920000001
90503593,2017,2017-07-19,9730,2017-07-11,1630,020621,,2,2,6,2708,0,1,2,,1,050,"S/B US-101","E. ALISAL STREET",25.00,N,N,A,-,Y,,,101,,,,,,,Y,3,0,3,1,A,-,08,22107,,N,E,I,A,A,H,-,A,D,0,,,,,Y,,A,07,0,1,2,0,0,0,0,0,0,"- ","- ",36.674370000000003,-121.6409,MONTEREY,SALINAS,-121.64086067,36.674377110000002
90503649,2017,2017-07-19,9730,2017-07-11,1528,018312,,2,2,9,2700,0,2,4,,1,023,"CARMEL VALEY ROAD","BORONDA ROAD",0.00,,Y,A,-,N,,,,,,,,,,Y,3,0,2,3,A,-,03,22350,,N,C,C,A,A,H,-,A,D,0,,,,,Y,,A,01,0,1,1,0,0,0,0,0,0,"- ","- ",36.494070000000001,-121.74681,MONTEREY,UNINCORPORATED,-121.74671988999999,36.494310059999997
90503681,2017,2017-07-19,9730,2017-07-11,0600,018350,,2,1,9,2700,0,2,4,,1,073,"SALINAS ROAD","PAJARO SCHOOL",173.00,N,N,B,-,N,,,,,,,,,,Y,4,0,2,3,A,-,03,22350,,N,C,C,A,A,H,-,A,A,0,,,,,Y,,A,01,0,0,2,0,0,0,0,0,0,"- ","- ",36.899410000000003,-121.74811,MONTEREY,UNINCORPORATED,-121.74809424,36.899812429999997
90503737,2017,2017-07-19,9730,2017-07-11,0732,019745,,2,1,9,2700,0,1,3,,1,072,"SR-156 (W/B)","CASTROVILLE BLVD",150.00,E,N,A,-,Y,,,156,,,,,,,Y,4,0,1,2,A,-,07,21658,A,N,C,C,A,A,H,-,A,A,0,,,,Y,Y,,F,26,0,0,1,0,0,0,0,0,0,"- ","- ",36.768700000000003,-121.7424,MONTEREY,UNINCORPORATED,-121.74240021999999,36.768700729999999
90504599,2017,2017-07-20,9730,2017-07-11,0642,021776,,2,1,9,2700,0,3,5,,2,007,"SAN MIGUEL CANYON ROAD",LEWIS,2640.00,S,N,B,-,N,,,,,,,,,,Y,3,0,1,1,A,-,08,22107,,N,E,I,A,A,H,-,A,D,0,,,,,Y,,D,22,0,1,0,0,0,0,0,0,0,"- ","- ",36.88306,-121.68127,MONTEREY,UNINCORPORATED,-121.69020677,36.870737689999999
90505912,2017,2017-07-21,9730,2017-07-12,1617,019818,,3,2,9,2700,0,1,3,,1,074,SR-1,"STRUVE RD N",1584.00,S,N,B,-,Y,,,1,,,,,,,Y,3,0,2,2,A,-,08,22107,,N,A,C,A,A,H,-,A,D,0,,,,,Y,,D,22,0,2,0,0,0,0,0,0,0,"- ","- ",36.826540000000001,-121.77485,MONTEREY,UNINCORPORATED,-121.77485797999999,36.826549450000002
90505922,2017,2017-07-21,9730,2017-07-13,1122,016730,,4,1,4,2706,0,1,3,,2,062,"SR-1 S/B","SLOAT AVE.",740.00,N,N,A,-,Y,,,1,,,,,,S,Y,4,0,4,3,A,-,03,22350,,N,C,C,A,A,H,-,A,D,0,,,,,Y,,A,01,0,0,4,0,0,0,0,0,0,"- ","- ",36.59384,-121.87437,MONTEREY,MONTEREY,-121.87437928,36.593896139999998
90505946,2017,2017-07-21,9730,2017-07-13,1733,019818,,4,2,9,2700,0,2,4,,1,073,"SAN MIGUEL CANYON RD","CASTROVILLE BLVD",528.00,N,N,B,-,N,,,,,,,,,,Y,2,0,1,2,A,-,09,21804,A,N,D,C,A,A,H,-,A,D,0,,,,,Y,,A,01,1,0,0,0,0,0,0,0,0,"- ","- ",36.80986,-121.67305,MONTEREY,UNINCORPORATED,-121.67295958,36.809570800000003
90505975,2017,2017-07-24,9730,2017-07-16,1737,020245,,7,2,9,2700,0,1,3,,1,074,"STATE ROUTE 1","JENSEN ROAD",300.00,S,N,A,-,Y,,,1,,,,,,,Y,2,0,1,2,A,-,11,21954,A,N,B,C,E,A,H,-,A,D,0,Y,,,,Y,,N,60,1,0,0,0,1,0,0,0,0,"- ","- ",36.85304,-121.77113,MONTEREY,UNINCORPORATED,-121.77112205,36.853039959999997
90505989,2017,2017-07-24,9730,2017-07-16,0802,019745,,7,1,9,2700,0,3,5,,2,004,"OLD STAGE RD","CHUALAR RD",528.00,S,N,A,-,N,,,,,,,,,,Y,2,0,1,1,A,-,01,23152,A,N,E,I,A,A,H,-,A,D,0,,,,,Y,Y,A,01,1,0,0,0,0,0,0,0,0,"- ","- ",36.579900000000002,-121.49679999999999,MONTEREY,UNINCORPORATED,-121.49733675,36.580430980000003
90505997,2017,2017-07-24,9730,2017-07-16,0221,021407,,7,3,9,2700,0,1,3,,1,074,SR-1,"DOLAN ROAD",2640.00,N,N,A,-,Y,,,1,,,,,,,Y,4,0,2,2,A,-,16,24002,A,N,A,C,A,A,H,-,C,D,0,,,,Y,Y,,G,27,0,0,2,0,0,0,0,0,0,"- ","- ",36.808109999999999,-121.78408,MONTEREY,UNINCORPORATED,-121.7840489,36.80811679
90506096,2017,2017-07-24,9730,2017-07-17,1716,018810,,1,2,9,2700,0,1,3,,1,074,SR-1,"JETTY ROAD",1056.00,S,N,A,-,Y,,,1,,,,,,,Y,4,0,1,3,A,-,03,22350,,N,C,C,A,A,H,-,A,D,0,,,,,Y,,D,22,0,0,1,0,0,0,0,0,0,"- ","- ",36.813389999999998,-121.78555,MONTEREY,UNINCORPORATED,-121.78560905000001,36.813385019999998
90506098,2017,2017-07-24,9730,2017-07-18,0730,016730,,2,1,4,2710,0,1,3,,2,062,"SR-1 S/B","FREMONT BLVD.",2640.00,N,N,B,-,Y,,,1,,,,,,S,Y,4,0,2,3,A,-,03,22350,,N,C,C,A,A,H,-,A,D,0,,,,,Y,,A,01,0,0,2,0,0,0,0,0,0,"- ","- ",36.635339999999999,-121.83172,MONTEREY,SEASIDE,-121.83181064,36.635417619999998
90506160,2017,2017-07-24,9730,2017-07-16,1315,018543,,7,1,9,2700,0,1,3,,1,072,SR-156,"CATHEDRAL OAKS",100.00,W,N,A,-,Y,,,156,,,,,,,N,4,0,1,3,A,-,03,22350,,N,C,C,A,A,H,-,A,D,0,,,,,Y,,A,07,0,0,1,0,0,0,0,0,0,"- ","- ",36.776150000000001,-121.71701,MONTEREY,UNINCORPORATED,-121.71698474999999,36.776067310000002
90506575,2017,2017-07-24,9735,2017-07-14,0330,020168,,5,3,9,2700,0,1,2,,1,041,"US-101 S/B","CENTRAL AVE",1056.00,N,N,A,-,Y,,,101,,,,,,S,Y,4,0,1,2,A,-,08,22107,,N,C,C,A,A,H,-,D,D,0,,,,,Y,,A,01,0,0,1,0,0,0,0,0,0,"- ","- ",36.239260000000002,-121.1752,MONTEREY,UNINCORPORATED,-121.17511402,36.239269200000003
90506600,2017,2017-07-24,9735,2017-07-15,1113,019700,,6,1,3,2705,0,1,2,,2,042,"US-101 NORTHBOUND FIRST ST OFF RAMP","FIRST ST",15.00,S,N,A,-,Y,,,,,,,,,,N,4,0,1,2,A,-,03,22350,,N,C,C,A,A,H,-,A,A,0,,,,,Y,,D,22,0,0,1,0,0,0,0,0,0,"- ","- ",36.126640000000002,-121.6454,MONTEREY,"KING CITY",-121.11259099999999,36.201791999999998
90506787,2017,2017-07-24,9730,2017-07-14,0620,018543,,5,1,9,2700,0,3,5,,2,007,"HALL ROAD","WILLOW ROAD",0.00,,Y,B,-,N,,,,,,,,,,Y,4,0,2,2,A,-,01,23152,A,N,D,C,A,A,H,-,A,A,0,,,,,Y,,A,01,0,0,2,0,0,0,0,0,0,"- ","- ",36.86551,-121.73502999999999,MONTEREY,UNINCORPORATED,-121.73505991,36.865670090000002
90506871,2017,2017-07-24,9730,2017-07-18,1620,018312,,2,2,9,2700,0,1,3,,1,068,"STATE ROUTE 68","YORK ROAD",1584.00,E,N,A,-,Y,,,68,,,,,,,N,4,0,1,2,A,-,03,22350,,N,C,C,A,A,H,-,A,D,0,,,,,Y,,D,22,0,0,1,0,0,0,0,0,0,"- ","- ",36.570369999999997,-121.80235999999999,MONTEREY,UNINCORPORATED,-121.80236487000001,36.570344640000002
90506915,2017,2017-07-24,9730,2017-07-18,1734,018810,,2,2,9,2700,0,1,3,,2,062,"SR-1 N/B","FREMONT BLVD OVERCROSSING",1056.00,S,N,A,-,Y,,,,,,,,,,Y,4,0,1,2,A,-,03,22350,,N,C,C,A,A,H,-,A,D,0,,,,,Y,,A,01,0,0,1,0,0,0,0,0,0,"- ","- ",36.618130000000001,-121.84849,MONTEREY,UNINCORPORATED,,
90507610,2017,2017-07-25,9730,2017-07-16,1315,018350,,7,1,9,2700,0,1,2,,1,070,"US-101 N/B","REESE CIRCLE",2640.00,S,N,A,-,Y,,,101,,,,,,N,Y,4,0,1,2,A,-,03,22350,,N,C,C,A,A,H,-,A,D,0,,,,,Y,,A,01,0,0,1,0,0,0,0,0,0,"- ","- ",36.767789999999998,-121.66865,MONTEREY,UNINCORPORATED,-121.66863555,36.767793359999999
90507676,2017,2017-07-25,9730,2017-07-16,1030,018350,,7,1,9,2700,0,3,5,,2,004,"OLD STAGE ROAD","WILLIAMS ROAD",30.00,E,N,A,-,N,,,,,,,,,,Y,3,0,1,1,A,-,03,22350,,N,E,I,A,A,H,-,A,A,0,,,,,Y,,A,01,0,1,0,0,0,0,0,0,0,"- ","- ",36.69847,-121.57402999999999,MONTEREY,UNINCORPORATED,-121.5741506,36.698372890000002
90507733,2017,2017-07-25,9730,2017-07-18,1737,019818,,2,2,9,2700,0,1,3,,1,074,SR-1,"POTRERO RD",528.00,N,N,A,-,Y,,,1,,,,,,,N,4,0,1,3,A,-,03,22350,,N,C,C,A,A,H,-,A,D,0,,,,,Y,,A,07,0,0,1,0,0,0,0,0,0,"- ","- ",36.792520000000003,-121.7838,MONTEREY,UNINCORPORATED,-121.78371643,36.792517400000001
90508676,2017,2017-07-26,9730,2017-07-17,1725,018312,,1,2,9,2700,0,2,4,,2,063,"BLANCO ROAD","DAVIS ROAD",1056.00,W,N,A,-,N,,,,,,,,,,Y,4,0,1,3,A,-,03,22350,,N,C,C,A,A,H,-,A,D,0,,,,,Y,,A,01,0,0,1,0,0,0,0,0,0,"- ","- ",36.668460000000003,-121.68816,MONTEREY,UNINCORPORATED,-121.68809906,36.668410880000003
90508714,2017,2017-08-10,9730,2017-07-17,0446,020576,,1,3,9,2700,0,1,2,,1,030,"US-101 SOUTHBOUND","OLD STAGE O/C",12672.00,N,N,A,-,Y,,,,,,,,,,Y,4,0,1,2,A,-,01,23152,F,N,B,C,A,A,H,-,D,D,0,,,,,Y,,A,01,0,0,1,0,0,0,0,0,0,"- ","- ",36.54363,-121.49241000000001,MONTEREY,UNINCORPORATED,-121.49496556,36.547617719999998
90508867,2017,2017-07-26,9730,2017-07-21,0913,017184,,5,1,1,2709,0,1,3,,2,062,"SR-1 S/B TO SR-218",SR-218,220.00,N,N,A,-,Y,,,1,,,,R,,S,Y,4,0,1,3,A,-,03,22350,,N,C,C,A,A,H,-,A,A,0,,,,,Y,,A,07,0,0,1,0,0,0,0,0,0,"- ","- ",36.61103,-121.8574,MONTEREY,"SAND CITY",-121.8574,36.61103
90508973,2017,2017-07-26,9730,2017-07-16,0730,018350,,7,1,9,2700,0,3,5,,2,006,"OLD STAGE ROAD","NATIVIDAD ROAD",462.00,N,N,A,-,N,,,,,,,,,,Y,2,0,4,2,A,-,08,22107,,N,B,C,A,A,H,-,A,D,0,,,,,Y,,A,01,1,2,1,0,0,0,0,0,0,"- ","- ",36.741329999999998,-121.60223999999999,MONTEREY,UNINCORPORATED,-121.60229398,36.741215910000001
90511565,2017,2017-07-28,9735,2017-07-23,1949,019700,,7,2,9,2700,0,1,3,,1,034,SR-198,"FREEMAN FLAT ROAD",300.00,W,N,A,-,Y,,,,,,,,,,Y,3,0,4,1,A,-,01,23152,A,N,F,A,A,A,H,-,A,D,0,,,,,Y,Y,A,01,0,2,2,0,0,0,0,0,0,"- ","- ",36.822339999999997,-121.0412,MONTEREY,UNINCORPORATED,-121.01134845999999,36.13947958
90511573,2017,2017-07-28,9735,2017-07-22,0030,020302,,6,3,9,2700,0,3,5,,2,002,"NACIMIENTO LAKE DR","JOLON RD",26928.00,S,N,A,-,N,,,,,,,,,,Y,4,0,1,1,A,-,08,22107,,N,F,I,A,A,H,-,D,D,0,,,,,Y,,A,07,0,0,1,0,0,0,0,0,0,"- ","- ",35.809130000000003,-120.85553,MONTEREY,UNINCORPORATED,-120.85560169999999,35.809052450000003
90511860,2017,2017-07-28,9735,2017-07-27,0350,020057,,4,3,9,2700,0,1,2,,2,044,"US-101 N/B","ALVARADO RD",3696.00,S,N,A,-,Y,,,101,,,,,,N,Y,4,0,1,1,A,-,08,22107,,N,E,I,A,A,H,-,D,D,0,,,,,Y,,A,07,0,0,1,0,0,0,0,0,0,"- ","- ",35.9375,-120.87229000000001,MONTEREY,UNINCORPORATED,-120.87244235,35.937453980000001
90512140,2017,2017-07-31,9730,2017-07-16,2154,020899,,7,2,9,2700,0,2,4,,1,073,"SALINAS ROAD","JONATHAN STREET",63.00,N,N,A,-,N,,,,,,,,,,Y,2,0,1,2,A,-,11,21954,A,F,G,B,D,A,H,-,D,D,0,Y,,,,Y,Y,N,60,1,0,0,0,1,0,0,0,0,"- ","- ",36.901049999999998,-121.74817,MONTEREY,UNINCORPORATED,-121.74818174000001,36.900992819999999
90512144,2017,2017-07-31,9730,2017-07-21,1555,020841,,5,2,6,2708,0,1,2,,1,050,"US-101 S/B","MAIN STREET",185.00,S,N,A,-,Y,,,101,,,,,,S,Y,4,0,1,2,A,-,03,22350,,N,C,C,A,A,H,-,A,D,0,,,,,Y,,A,01,0,0,1,0,0,0,0,0,0,"- ","- ",36.68656,-121.65194,MONTEREY,SALINAS,-121.65193889,36.686562139999999
90512150,2017,2017-07-31,9730,2017-07-21,1710,019818,,5,2,9,2700,0,2,4,,1,075,"SAN JUAN RD","MURPHY RD",0.00,,Y,A,-,N,,,,,,,,,,Y,3,0,1,3,A,-,03,22350,,N,C,C,A,A,H,-,A,D,0,,,,,Y,,A,01,0,1,0,0,0,0,0,0,0,"- ","- ",36.896459999999998,-121.6763,MONTEREY,UNINCORPORATED,-121.67607999000001,36.896410070000002
90512159,2017,2017-07-31,9730,2017-07-21,1220,018543,,5,1,3,2712,0,1,3,,2,062,"SR-1 S/B","RESERVATION ROAD",200.00,S,N,A,-,Y,,,1,,,,,,S,Y,4,0,1,2,A,-,08,22107,,N,B,C,A,A,C,-,A,D,0,,,,,Y,,A,01,0,0,1,0,0,0,0,0,0,"- ","- ",36.694510000000001,-121.80656999999999,MONTEREY,MARINA,-121.80646032,36.694447070000002
90512165,2017,2017-07-31,9730,2017-07-22,1705,020208,,6,2,9,2700,0,1,3,,2,062,"SR-1 S/B",SR-218,50.00,N,N,A,-,Y,,,,,,,,,,N,4,0,2,2,A,-,03,22350,,N,C,C,A,A,H,-,A,D,0,,,,,Y,,D,22,0,0,2,0,0,0,0,0,0,"- ","- ",36.610799999999998,-121.85765000000001,MONTEREY,UNINCORPORATED,-121.85765000000001,36.610841000000001
90512167,2017,2017-07-31,9730,2017-07-22,1212,016730,,6,1,4,2710,0,1,3,,2,062,"SR-1 S/B","FREMONT BLVD. (SEASIDE)",4224.00,N,N,B,-,Y,,,,,,,,,,N,4,0,2,2,A,-,03,22350,,N,C,C,A,A,H,-,A,D,0,,,,,Y,,A,01,0,0,2,0,0,0,0,0,0,"- ","- ",,,MONTEREY,SEASIDE,,
90512175,2017,2017-07-31,9730,2017-07-22,1308,019745,,6,1,9,2700,0,1,3,,2,062,"SR-1 S/B FROM LIGHTFIGHTER AVE W/B","LIGHTFIGHTER AVE",528.00,S,N,B,-,Y,,,1,,,,R,,S,Y,4,0,1,2,A,-,17,21658,,N,D,C,A,A,H,-,A,D,0,,,,,Y,,A,07,0,0,1,0,0,0,0,0,0,"- ","- ",36.646000000000001,-121.81910000000001,MONTEREY,UNINCORPORATED,-121.81910000000001,36.646000000000001
90512181,2017,2017-07-31,9730,2017-07-22,1542,020621,,6,2,9,2700,0,2,4,,1,073,"SALINAS ROAD","JONATHAN STREET",170.00,S,N,A,-,N,,,,,,,,,,N,4,0,4,4,A,-,03,22350,,N,C,C,A,A,H,-,A,D,0,,,,,Y,,A,01,0,0,4,0,0,0,0,0,0,"- ","- ",36.900500000000001,-121.74823000000001,MONTEREY,UNINCORPORATED,-121.74813220999999,36.900353959999997
90512184,2017,2017-07-31,9730,2017-07-22,1137,019745,,6,1,9,2700,0,1,3,,2,062,"SR-1 (S/B)","TIOGA AVE",75.00,N,N,A,-,Y,,,,,,,,,,Y,4,0,1,3,A,-,03,22350,,N,C,C,A,A,H,-,A,D,0,,,,,Y,,A,01,0,0,1,0,0,0,0,0,0,"- ","- ",36.618099999999998,-121.8486,MONTEREY,UNINCORPORATED,-121.8487653,36.618019859999997
90512202,2017,2017-07-31,9730,2017-07-23,1200,018350,,7,1,9,2700,0,3,5,,2,007,"SALINAS ROAD","WERNER ROAD",10.00,E,N,A,-,N,,,,,,,,,,Y,3,0,1,2,A,-,08,22107,,N,D,C,A,A,H,-,A,D,0,,,,,Y,,E,22,0,1,0,0,0,0,0,0,0,"- ","- ",36.878549999999997,-121.75001,MONTEREY,UNINCORPORATED,-121.75136695,36.87827704
90512305,2017,2017-08-14,9730,2017-07-20,1035,018886,,4,1,9,2700,0,3,5,,2,003,"ABBOTT STREET","HARRIS ROAD",6864.00,S,N,A,-,N,,,,,,,,,,Y,4,0,1,2,A,-,08,22107,,N,B,C,A,A,H,-,A,D,0,,,,Y,Y,,D,22,0,0,1,0,0,0,0,0,0,"- ","- ",36.630980000000001,-121.59321,MONTEREY,UNINCORPORATED,-121.59459754,36.632059890000001
90512314,2017,2017-07-31,9730,2017-07-24,0840,020391,,1,1,9,2700,0,1,3,,1,022,"SR-1 SOUTHBOUND","VALLEY WAY",220.00,N,N,B,-,Y,,,1,,,,,,S,Y,4,0,1,2,A,-,07,21658,A,N,B,C,A,A,H,-,A,D,0,,,,,Y,,A,01,0,0,1,0,0,0,0,0,0,"- ","- ",36.56073,-121.91117,MONTEREY,UNINCORPORATED,-121.91174313,36.560706670000002
90512315,2017,2017-07-31,9730,2017-07-22,1812,021707,,6,2,9,2700,0,1,2,,1,070,"US 101 N/B","DUNBARTON ROAD",185.00,S,N,A,-,Y,,,,,,,,,,Y,4,0,2,3,A,-,03,22350,,N,C,C,A,A,H,-,A,D,0,,,,,Y,,D,22,0,0,2,0,0,0,0,0,0,"- ","- ",36.844639999999998,-121.63436,MONTEREY,UNINCORPORATED,-121.63437844000001,36.844783990000003
90512317,2017,2017-07-31,9730,2017-07-21,1708,020841,,5,2,9,2700,0,3,5,,2,005,"HARRISON ROAD","MARTINES ROAD",1003.00,N,N,A,-,N,,,,,,,,,,Y,4,0,1,2,A,-,05,21460,C,N,A,C,A,A,H,-,A,D,0,,,,,Y,Y,A,07,0,0,1,0,0,0,0,0,0,"- ","- ",36.751829999999998,-121.65652,MONTEREY,UNINCORPORATED,-121.65646221999999,36.7517231
90512320,2017,2017-07-31,9730,2017-07-22,1048,017184,,6,1,9,2700,0,3,5,,2,002,"CARPENTER ST.","SERRA AVE.",0.00,,Y,A,-,N,,,,,,,,,,Y,4,0,1,2,A,-,09,21802,A,N,D,C,A,A,H,-,A,A,0,,,Y,,Y,,A,01,0,0,1,0,0,0,0,0,1,"- ","- ",36.565519999999999,-121.91488,MONTEREY,UNINCORPORATED,-121.91479995,36.565530109999997
90512322,2017,2017-07-31,9730,2017-07-23,0930,020391,,7,1,9,2700,0,1,2,,1,030,"US-101 N/B TO FRONT ST N/B","4TH ST",35.00,S,N,A,-,Y,,,101,,,,R,,N,N,4,0,2,3,A,-,03,22350,,N,C,C,A,A,H,-,A,A,0,,,,,Y,,A,01,0,0,2,0,0,0,0,0,0,"- ","- ",36.417169999999999,-121.32158,MONTEREY,UNINCORPORATED,-121.32158,36.417169999999999
90512392,2017,2017-07-31,9730,2017-07-24,1621,018810,,1,2,9,2700,0,1,3,,2,062,"SR-1 N/B","CASA VERDE WAY OVERCROSSING",1056.00,S,N,B,-,Y,,,1,,,,,,N,Y,4,0,1,3,A,-,07,21658,A,N,C,C,A,A,H,-,A,D,0,,,Y,,Y,,A,01,0,0,1,0,0,0,0,0,0,"- ","- ",36.594589999999997,-121.86971,MONTEREY,UNINCORPORATED,-121.86968561,36.594519720000001
90512400,2017,2017-07-31,9730,2017-07-24,2015,019818,,1,2,9,2700,0,2,4,,1,073,"SAN MIGUEL CANYON RD","PRUNEDALE NORTH RD",0.00,,Y,A,B,N,,,,,,,,,,Y,3,0,1,3,A,-,12,21453,A,F,D,C,A,A,H,-,B,A,0,,,,,Y,,A,01,0,1,0,0,0,0,0,0,0,"- ","- ",36.801560000000002,-121.66587,MONTEREY,UNINCORPORATED,-121.66584992999999,36.801540019999997
90512419,2017,2017-07-31,9730,2017-07-23,0930,018543,,7,1,4,2706,0,1,3,,2,062,"SR-1 S/B","FREMONT STREET (MONTEREY)",250.00,N,N,B,-,Y,,,1,,,,,,S,Y,4,0,2,3,A,-,08,22107,,M,B,C,A,A,H,-,A,D,0,,,,,Y,,-,99,0,0,2,0,0,0,0,0,0,"- ","- ",36.594200000000001,-121.87253,MONTEREY,MONTEREY,-121.87252697,36.594174639999999
90512603,2017,2017-07-31,9730,2017-07-22,0210,021359,,6,3,9,2700,0,3,5,,2,007,"TRAFTON ROAD","SALINAS ROAD",1320.00,W,N,A,-,N,,,,,,,,,,Y,3,0,1,1,A,-,01,23152,A,N,F,A,A,A,H,-,D,D,0,,,,,Y,Y,A,01,0,1,0,0,0,0,0,0,0,"- ","- ",36.882199999999997,-121.76439999999999,MONTEREY,UNINCORPORATED,-121.7513994,36.88565938
9051265,2020,2020-05-15,2711,2020-02-20,1738,2526,2711,4,5,3,2711,0,0,0,,0,002,"SAUSALITO PL","10TH AV",67.00,S,N,A,-,N,,,,,,,,,,N,2,0,1,2,A,-,11,21950,B,N,G,G,-,A,H,-,B,D,0,Y,,,,Y,,N,60,1,0,0,0,1,0,0,0,0,"- ","- ",,,MONTEREY,SOLEDAD,,
90512736,2017,2017-07-31,9730,2017-07-25,1822,019745,,2,2,9,2700,0,3,5,,2,007,"DOLAN RD","CASTROVILLE BLVD",0.00,,Y,A,-,N,,,,,,,,,,Y,4,0,2,2,A,-,09,21801,A,N,D,C,A,A,H,-,A,A,0,,,,,Y,,A,01,0,0,2,0,0,0,0,0,0,"- ","- ",36.796599999999998,-121.7244,MONTEREY,UNINCORPORATED,-121.72462994,36.796610010000002