CASE_ID,ACCIDENT_YEAR,PROC_DATE,JURIS,COLLISION_DATE,COLLISION_TIME,OFFICER_ID,REPORTING_DISTRICT,DAY_OF_WEEK,CHP_SHIFT,POPULATION,CNTY_CITY_LOC,SPECIAL_COND,BEAT_TYPE,CHP_BEAT_TYPE,CITY_DIVISION_LAPD,CHP_BEAT_CLASS,BEAT_NUMBER,PRIMARY_RD,SECONDARY_RD,DISTANCE,DIRECTION,INTERSECTION,WEATHER_1,WEATHER_2,STATE_HWY_IND,CALTRANS_COUNTY,CALTRANS_DISTRICT,STATE_ROUTE,ROUTE_SUFFIX,POSTMILE_PREFIX,POSTMILE,LOCATION_TYPE,RAMP_INTERSECTION,SIDE_OF_HWY,TOW_AWAY,COLLISION_SEVERITY,NUMBER_KILLED,NUMBER_INJURED,PARTY_COUNT,PRIMARY_COLL_FACTOR,PCF_CODE_OF_VIOL,PCF_VIOL_CATEGORY,PCF_VIOLATION,PCF_VIOL_SUBSECTION,HIT_AND_RUN,TYPE_OF_COLLISION,MVIW,PED_ACTION,ROAD_SURFACE,ROAD_COND_1,ROAD_COND_2,LIGHTING,CONTROL_DEVICE,CHP_ROAD_TYPE,PEDESTRIAN_ACCIDENT,BICYCLE_ACCIDENT,MOTORCYCLE_ACCIDENT,TRUCK_ACCIDENT,NOT_PRIVATE_PROPERTY,ALCOHOL_INVOLVED,STWD_VEHTYPE_AT_FAULT,CHP_VEHTYPE_AT_FAULT,COUNT_SEVERE_INJ,COUNT_VISIBLE_INJ,COUNT_COMPLAINT_PAIN,COUNT_PED_KILLED,COUNT_PED_INJURED,COUNT_BICYCLIST_KILLED,COUNT_BICYCLIST_INJURED,COUNT_MC_KILLED,COUNT_MC_INJURED,PRIMARY_RAMP,SECONDARY_RAMP,LATITUDE,LONGITUDE,COUNTY,CITY,POINT_X,POINT_Y
90573485,2017,2017-10-18,9730,2017-10-10,1413,021856,,2,2,9,2700,0,1,3,,1,066,"N SR-183 (MERRITT ST)","WOOD ST.",50.00,S,N,A,-,Y,,,183,,,,,,,Y,4,0,1,3,A,-,03,22350,,M,C,C,A,A,H,-,A,D,0,,,,,Y,,A,01,0,0,1,0,0,0,0,0,0,"- ","- ",36.760620000000003,-121.75104,MONTEREY,UNINCORPORATED,-121.75107749999999,36.760569529999998
90573610,2017,2017-10-18,9730,2017-10-10,2228,021396,,2,3,9,2700,0,1,2,,1,070,"S/B US-101",SR-156,68.00,S,N,A,-,Y,,,101,,,,,,,Y,3,0,2,2,A,-,01,23152,F,N,G,E,A,A,H,-,C,D,0,,,,Y,Y,,A,07,0,2,0,0,0,0,0,0,0,"- ","- ",36.789090000000002,-121.66771,MONTEREY,UNINCORPORATED,-121.66774900999999,36.789098240000001
90573619,2017,2017-10-18,9730,2017-10-11,1339,017184,,3,1,9,2700,0,1,3,,1,022,SR-1,"OCEAN AVE.",218.00,N,N,A,-,Y,,,1,,,,,,,Y,2,0,2,3,A,-,01,23152,F,N,C,C,A,A,H,-,A,A,0,,,,,Y,,A,01,1,0,1,0,0,0,0,0,0,"- ","- ",36.556609999999999,-121.91135,MONTEREY,UNINCORPORATED,-121.91125504,36.556622699999998
90573625,2017,2017-10-18,9730,2017-10-10,1415,021776,,2,2,9,2700,0,1,2,,1,070,"US-101 SOUTHBOUND","DUNBARTON ROAD",2112.00,S,N,A,-,Y,,,101,,,,,,S,Y,3,0,3,4,A,-,03,22350,,F,C,C,A,A,H,-,A,D,0,,,,Y,Y,,F,26,0,1,2,0,0,0,0,0,0,"- ","- ",36.839379999999998,-121.63213,MONTEREY,UNINCORPORATED,-121.63202194,36.83942922
90573643,2017,2017-10-18,9730,2017-10-11,1520,021776,,3,2,9,2700,0,2,4,,2,063,"S. DAVIS ROAD","W. BLANCO ROAD",0.00,,Y,A,-,N,,,,,,,,,,Y,4,0,1,2,A,-,21,22106,,N,C,C,A,A,H,-,A,A,0,,,,,Y,,A,01,0,0,1,0,0,0,0,0,0,"- ","- ",36.667099999999998,-121.68528999999999,MONTEREY,UNINCORPORATED,-121.68510999,36.666800000000002
90573786,2017,2017-10-19,9730,2017-10-11,1824,018810,,3,2,9,2700,0,1,3,,1,022,SR-1,"OCEAN STREET",528.00,S,N,A,-,Y,,,1,,,,,,,Y,4,0,1,3,A,-,21,22106,,N,C,C,A,A,H,-,C,D,0,,,,,Y,,A,01,0,0,1,0,0,0,0,0,0,"- ","- ",36.553809999999999,-121.91072,MONTEREY,UNINCORPORATED,-121.91082926,36.553791140000001
90573845,2017,2017-10-19,9730,2017-10-12,0640,015160,,4,1,9,2700,0,2,4,,2,063,"BLANCO ROAD","ARMSTRONG ROAD",528.00,E,N,A,-,N,,,,,,,,,,Y,3,0,1,2,A,-,08,22107,,N,D,C,A,A,H,-,D,D,0,,,,Y,Y,,M,46,0,1,0,0,0,0,0,0,0,"- ","- ",36.677770000000002,-121.70416,MONTEREY,UNINCORPORATED,-121.70613892,36.678478609999999
90574024,2017,2017-10-19,9730,2017-10-12,2045,020576,,4,2,9,2700,0,1,2,,1,030,"US-101 SOUTHBOUND","5TH STREET O/C",5280.00,N,N,A,-,Y,,,101,,,,,,S,Y,3,0,2,2,A,-,01,23152,A,N,C,C,A,A,H,-,D,D,0,,,,,Y,Y,A,01,0,1,1,0,0,0,0,0,0,"- ","- ",36.521880000000003,-121.453,MONTEREY,UNINCORPORATED,-121.45298455,36.522013680000001
90574144,2017,2017-10-19,9730,2017-10-12,2200,020677,,4,3,9,2700,0,3,5,,2,007,"SALINAS RD.","HILLCREST RD.",35.00,E,N,A,-,N,,,,,,,,,,Y,3,0,2,2,A,-,01,23152,A,N,C,C,A,A,H,-,C,D,0,,,,,Y,Y,A,01,0,1,1,0,0,0,0,0,0,"- ","- ",36.87359,-121.7607,MONTEREY,UNINCORPORATED,-121.76142865,36.873501140000002
90576078,2017,2017-10-23,9730,2017-10-13,0655,018886,,5,1,9,2700,0,3,5,,2,003,"ABBOTT STREET","HARRIS ROAD",5280.00,S,N,A,-,N,,,,,,,,,,N,4,0,1,2,A,-,03,22350,,N,C,C,A,A,H,-,A,D,0,,,,,Y,,D,22,0,0,1,0,0,0,0,0,0,"- ","- ",36.635869999999997,-121.59965,MONTEREY,UNINCORPORATED,-121.59859905,36.634981500000002
90576220,2017,2018-01-08,9730,2017-10-12,1738,020899,,4,2,9,2700,0,3,5,,2,006,"PRUNEDALE SOUTH ROAD","BLACKIE ROAD",2.00,N,N,A,-,N,,,,,,,,,,N,4,0,2,2,D,-,00,,,N,D,C,A,A,H,-,A,A,0,,,,,Y,,-,"- ",0,0,2,0,0,0,0,0,0,"- ","- ",36.774700000000003,-121.67188,MONTEREY,UNINCORPORATED,-121.67185723999999,36.774675019999997
90576227,2017,2017-10-23,9730,2017-10-13,2034,021320,,5,2,4,2706,0,3,5,,2,003,"ALTA STREET","CORDA ROAD",225.00,N,N,A,-,N,,,,,,,,,,Y,3,0,1,1,A,-,01,23152,A,N,F,A,A,A,H,-,D,D,0,,,,,Y,Y,D,22,0,1,0,0,0,0,0,0,0,"- ","- ",36.51905,-121.46034,MONTEREY,MONTEREY,-121.46023975,36.518896349999999
90576422,2017,2017-10-23,9730,2017-10-14,1350,021888,,6,1,9,2700,0,1,2,,1,070,"US-101 SOUTHBOUND","SAN MIGUEL RD",1056.00,N,N,A,-,Y,,,101,,,,,,S,Y,4,0,2,4,A,-,03,22350,,N,C,C,A,A,H,-,A,D,0,,,,,Y,,A,07,0,0,2,0,0,0,0,0,0,"- ","- ",36.802210000000002,-121.65822,MONTEREY,UNINCORPORATED,-121.65822334000001,36.802222800000003
90576441,2017,2017-10-23,9730,2017-10-14,1200,018886,,6,1,9,2700,0,3,5,,2,005,"NATIVIDAD ROAD","OLD STAGE ROAD",528.00,S,N,A,-,N,,,,,,,,,,N,4,0,1,2,A,-,03,22350,,N,C,C,A,A,H,-,A,D,0,,,,,Y,,D,22,0,0,1,0,0,0,0,0,0,"- ","- ",36.738619999999997,-121.60276,MONTEREY,UNINCORPORATED,-121.60270438000001,36.738549300000003
90576619,2017,2017-10-23,9730,2017-10-14,0204,021359,,6,3,9,2700,0,3,5,,2,003,"SILLIMAN ROAD","CAMPHORA ROAD",108.00,N,N,A,-,N,,,,,,,,,,Y,3,0,1,1,A,-,08,22107,,N,E,I,A,A,H,-,D,D,0,,,,,Y,,A,01,0,1,0,0,0,0,0,0,0,"- ","- ",36.458599999999997,-121.3789,MONTEREY,UNINCORPORATED,-121.3789374,36.45854473
90576622,2017,2017-10-23,9730,2017-10-14,1827,019818,,6,2,9,2700,0,1,3,,2,062,"SR-1 S/B TO SR-68 E/B","SR-1 SB OFF TO SR-68 EB RAMP",22.00,S,N,A,-,Y,,,1,,,,R,,S,N,3,0,1,1,A,-,01,23152,A,N,E,I,A,A,H,-,C,A,0,,,,,Y,Y,A,07,0,1,0,0,0,0,0,0,0,"- ","- ",36.594839999999998,-121.87067999999999,MONTEREY,UNINCORPORATED,-121.87067999999999,36.594839999999998
90576650,2017,2017-10-23,9730,2017-10-15,1910,019818,,7,2,9,2700,0,2,4,,1,073,"HALL RD","JOHNSON RD",1056.00,W,N,A,-,N,,,,,,,,,,Y,4,0,1,1,C,-,18,,,N,H,H,A,A,H,-,D,D,0,,,,,Y,,-,"- ",0,0,1,0,0,0,0,0,0,"- ","- ",36.862960000000001,-121.71005,MONTEREY,UNINCORPORATED,-121.71007104,36.863039039999997
90576683,2017,2017-10-23,9730,2017-10-15,1530,020896,,7,2,9,2700,0,1,3,,2,062,"SR-1 NB","CASA VERDE RD U/C",30.00,S,N,A,-,Y,,,,,,,,,,Y,3,0,4,2,A,-,03,22350,,N,C,C,A,A,H,-,A,D,0,,,,,Y,,A,01,0,1,3,0,0,0,0,0,0,"- ","- ",36.598790000000001,-121.86454999999999,MONTEREY,UNINCORPORATED,-121.86447812,36.598832199999997
90576685,2017,2017-10-23,9730,2017-10-15,1500,020896,,7,2,9,2700,0,1,3,,2,062,"SR-1 SB","TIOGA AVE O/C",500.00,N,N,A,-,Y,,,,,,,,,,N,4,0,1,2,A,-,03,22350,,N,C,C,A,A,H,-,A,D,0,,,,,Y,,A,01,0,0,1,0,0,0,0,0,0,"- ","- ",36.618510000000001,-121.84844,MONTEREY,UNINCORPORATED,-121.84795916,36.618989919999997
90576871,2017,2017-10-24,9730,2017-10-15,2220,021359,,7,3,9,2700,0,2,4,,1,073,"HALL ROAD","SAN MIGUEL CANYON ROAD",0.00,,Y,A,-,N,,,,,,,,,,Y,2,0,7,3,A,-,01,23152,A,N,A,C,A,A,H,-,D,A,0,,,,,Y,Y,A,01,1,3,3,0,0,0,0,0,0,"- ","- ",36.85933,-121.69523,MONTEREY,UNINCORPORATED,-121.69519993999999,36.859320099999998
90576931,2017,2017-10-24,9735,2017-10-20,0625,017681,,5,1,9,2700,0,1,2,,1,040,"US-101 NORTHBOUND","CENTRAL AVE",5280.00,S,N,A,-,Y,,,,,,,,,,N,3,0,2,2,A,-,03,22350,,F,C,C,A,B,H,-,D,D,0,,,,,Y,,A,08,0,2,0,0,0,0,0,0,0,"- ","- ",,,MONTEREY,UNINCORPORATED,-121.16817998000001,36.220365749999999
90577397,2017,2017-10-24,9730,2017-10-18,0640,017502,,3,1,3,2711,0,3,5,,2,003,"FRONT  STREET","MORANDA ROAD",500.00,N,N,B,E,N,,,,,,,,,,Y,3,0,2,2,A,-,05,21460,A,N,A,C,A,B,H,-,A,D,0,,,,,Y,,D,22,0,2,0,0,0,0,0,0,0,"- ","- ",36.432099999999998,-121.3381,MONTEREY,SOLEDAD,-121.33637,36.431339999999999
9057824,2020,2020-06-09,2708,2020-02-06,0632,96860,,4,5,6,2708,0,0,0,,0,009,"ABBOTT ST","JOHN ST",2.00,S,N,A,-,N,,,,,,,,,,N,4,0,1,2,A,-,03,22350,,F,C,C,A,A,H,-,B,A,0,,,,,Y,,A,07,0,0,1,0,0,0,0,0,0,"- ","- ",,,MONTEREY,SALINAS,-121.64686584472656,36.669425964355469
9057828,2020,2020-06-09,2708,2020-02-26,1123,50883,SALIN,3,5,6,2708,0,0,0,,0,008,"CALLE CEBU","SHERWOOD DR",310.00,E,N,A,-,N,,,,,,,,,,N,3,0,1,2,A,-,03,22350,,F,-,G,A,A,H,-,A,D,0,,Y,,,Y,,A,01,0,1,0,0,0,0,1,0,0,"- ","- ",,,MONTEREY,SALINAS,-121.64933013916016,36.680335998535156
90578324,2017,2017-10-25,9730,2017-10-19,1105,016666,,4,1,4,2706,0,1,3,,2,062,"SR-1 S/B","CASA VERDE WAY",528.00,N,N,A,-,Y,,,1,,,,,,S,Y,4,0,1,2,A,-,07,21658,A,N,B,C,A,A,H,-,A,D,0,,,,,Y,,A,07,0,0,1,0,0,0,0,0,0,"- ","- ",36.600000000000001,-121.8638,MONTEREY,MONTEREY,-121.86378931,36.59999071
90578342,2017,2017-10-25,9730,2017-10-19,0812,016730,,4,1,9,2700,0,3,5,,2,003,"RIVER RD.","SR-68 E/B TO RIVER RD.",0.00,,Y,A,-,Y,,,,,,,,,,N,4,0,1,2,A,-,12,21453,A,N,D,C,A,A,H,-,A,A,0,,,,,Y,,A,01,0,0,1,0,0,0,0,0,0,"- ","- ",36.624369999999999,-121.68149,MONTEREY,UNINCORPORATED,-121.681427,36.624361999999998
90578526,2017,2017-10-25,9730,2017-10-12,1720,021856,,4,2,9,2700,0,3,5,,2,007,"ELKHORN ROAD","PARADISE VALLEY ROAD",1056.00,N,N,A,-,N,,,,,,,,,,Y,4,0,2,2,A,-,03,22350,,N,A,C,A,A,H,-,A,D,0,,,,,Y,,A,01,0,0,2,0,0,0,0,0,0,"- ","- ",36.82152,-121.73002,MONTEREY,UNINCORPORATED,-121.72975757,36.822124379999998
90578528,2017,2017-10-25,9730,2017-10-19,1656,021856,,4,2,9,2700,0,1,3,,2,062,"N/B SR-1","AGUAJITO ROAD",528.00,S,N,A,-,Y,,,,,,,,,,N,4,0,2,2,A,-,03,22350,,M,C,C,A,A,H,-,A,D,0,,,,,Y,,-,99,0,0,2,0,0,0,0,0,0,"- ","- ",36.583379999999998,-121.88970999999999,MONTEREY,UNINCORPORATED,,
90578576,2017,2017-10-25,9730,2017-10-18,1015,015160,,3,1,9,2700,0,1,3,,1,074,SR-1,"STRUVE ROAD (SOUTH)",2640.00,N,N,B,-,Y,,,1,,,,,,,Y,3,0,2,2,C,-,18,,,N,B,C,A,A,H,-,A,D,0,,,,,Y,,-,"- ",0,1,1,0,0,0,0,0,0,"- ","- ",36.828400000000002,-121.77278,MONTEREY,UNINCORPORATED,-121.77274644000001,36.828360269999997
90578640,2017,2017-10-25,9730,2017-10-20,0815,021776,,5,1,9,2700,0,3,5,,2,004,"ENCINAL ROAD","OLD STAGE ROAD",3696.00,E,N,A,-,N,,,,,,,,,,Y,4,0,2,2,A,-,06,21750,,N,B,C,A,A,H,-,A,D,0,,,,,Y,,A,01,0,0,2,0,0,0,0,0,0,"- ","- ",36.622880000000002,-121.5194,MONTEREY,UNINCORPORATED,-121.51860944000001,36.622562690000002
90578695,2017,2017-10-25,9730,2017-10-20,0636,019569,,5,1,9,2700,0,1,2,,1,070,"US-101 N/B FROM BORONDA RD","BORONDA RD",231.00,N,N,A,-,Y,,,101,,,,R,,N,Y,3,0,1,1,A,-,03,22350,,N,E,A,A,B,H,-,D,D,0,,,,,Y,,A,01,0,1,0,0,0,0,0,0,0,"- ","- ",36.722610000000003,-121.65842000000001,MONTEREY,UNINCORPORATED,-121.65842000000001,36.722610000000003
90578879,2017,2017-10-26,9730,2017-10-18,0020,020065,,3,3,9,2700,0,2,4,,1,073,"SAN MIGUEL CANYON ROAD","CASTROVILLE BOULEVARD",0.00,,Y,A,-,N,,,,,,,,,,Y,3,0,1,1,A,-,01,23152,A,N,F,I,A,A,H,-,D,A,0,,,,,Y,Y,A,01,0,1,0,0,0,0,0,0,0,"- ","- ",36.808399999999999,-121.67169,MONTEREY,UNINCORPORATED,-121.67190992,36.808400069999998
90578893,2017,2017-10-26,9730,2017-10-20,1628,020208,,5,2,9,2700,0,2,4,,1,023,"CARMEL VALLEY ROAD","CYPRESS LANE",130.00,W,N,A,-,N,,,,,,,,,,Y,3,0,1,1,C,-,18,,,N,E,I,A,A,H,-,A,D,0,,,,,Y,,-,"- ",0,1,0,0,0,0,0,0,0,"- ","- ",36.533299999999997,-121.84636,MONTEREY,UNINCORPORATED,-121.84631587,36.53326723
9058018,2020,2020-07-08,2710,2020-03-03,1927,40416,,2,5,4,2710,0,0,0,,0,0LA,"SIDDAL ST","HARCOURT AV",0.00,,Y,A,-,N,,,,,,,,,,N,3,0,1,2,A,-,17,21200,A,N,D,G,A,A,H,-,D,A,0,,Y,,,Y,,L,04,0,1,0,0,0,0,1,0,0,"- ","- ",,,MONTEREY,SEASIDE,-121.84474945068359,36.603481292724609
9058022,2020,2020-07-08,2710,2020-03-06,1850,40425,1,5,5,4,2710,0,0,0,,0,013,"FREMONT BL","FREMONT BL 1500",0.00,,Y,B,-,N,,,,,,,,,,N,3,0,1,2,A,-,09,21802,B,N,D,G,A,A,H,-,D,A,0,,Y,,,Y,,L,04,0,1,0,0,0,0,1,0,0,"- ","- ",,,MONTEREY,SEASIDE,-121.84622400000001,36.607680000000002
90580856,2017,2017-10-27,9730,2017-10-22,1946,021407,,7,2,9,2700,0,3,5,,2,007,"PORTER DRIVE","SAN JUAN ROAD",300.00,S,N,A,-,N,,,,,,,,,,N,2,0,1,2,A,-,11,21954,A,N,G,B,E,A,H,-,C,D,0,Y,,,,Y,,N,60,1,0,0,0,1,0,0,0,0,"- ","- ",36.9039,-121.7497,MONTEREY,UNINCORPORATED,-121.74977091,36.903868840000001
90581010,2017,2017-10-27,9730,2017-10-22,2200,020621,,7,3,9,2700,0,1,2,,1,070,"S/B US-101","SAN MIGUEL CANYON ROAD",1584.00,N,N,A,-,Y,,,101,,,,,,,Y,3,0,1,1,A,-,08,22107,,N,E,A,A,A,H,-,D,D,0,,,,,Y,,A,07,0,1,0,0,0,0,0,0,0,"- ","- ",36.802250000000001,-121.65828,MONTEREY,UNINCORPORATED,-121.65826973999999,36.802210690000003
90581211,2017,2017-10-27,9730,2017-10-19,1530,021794,,4,2,9,2700,0,3,5,,2,006,"S. DAVIS ROAD",SR-183,300.00,S,N,A,-,N,,,,,,,,,,Y,4,0,1,2,A,-,03,22350,,N,C,C,A,A,D,-,A,D,0,,,,,Y,,A,07,0,0,1,0,0,0,0,0,0,"- ","- ",36.68289,-121.6751,MONTEREY,UNINCORPORATED,-121.67503542,36.683950490000001
90582129,2017,2017-10-30,9730,2017-10-20,2201,020970,,5,3,9,2700,0,2,4,,1,075,"SAN JUAN ROAD",MURPHY,7920.00,W,N,A,-,N,,,,,,,,,,Y,3,0,1,2,A,-,01,23152,A,N,A,C,A,A,H,-,D,D,0,,,,,Y,Y,D,22,0,1,0,0,0,0,0,0,0,"- ","- ",36.904060000000001,-121.70386000000001,MONTEREY,UNINCORPORATED,-121.70162488,36.903489550000003
90582194,2017,2017-10-30,9735,2017-10-27,0752,017681,,5,1,3,2705,0,1,2,,1,041,"US-101 S/B TO CANAL STREET","CANAL STREET",200.00,N,N,A,-,Y,,,101,,,,R,,S,N,4,0,1,3,A,-,03,22350,,N,C,C,A,A,H,-,A,D,0,,,,,Y,,A,01,0,0,1,0,0,0,0,0,0,"- ","- ",36.20299,-121.13024,MONTEREY,"KING CITY",-121.13024,36.20299
90582462,2017,2017-10-30,9730,2017-10-19,1455,021359,,4,2,9,2700,1,1,3,,1,072,"SR-156 W/B TO MERRITT ST","MERRIT ST",55.00,E,N,A,-,Y,,,156,,,,R,,W,Y,4,0,1,2,A,-,03,22350,,M,C,C,A,A,H,-,A,A,0,,,,,Y,,A,01,0,0,1,0,0,0,0,0,0,"- ","- ",36.76193,-121.75239999999999,MONTEREY,UNINCORPORATED,-121.75239999999999,36.76193
90582973,2017,2017-10-30,9730,2017-10-20,2201,021320,,5,3,9,2700,0,1,2,,1,030,"US-101 S/B","5TH STREET",4224.00,S,N,A,-,Y,,,101,,,,,,S,Y,4,0,1,4,A,-,03,22350,,N,C,C,A,A,H,-,D,D,0,,,,,Y,,D,22,0,0,1,0,0,0,0,0,0,"- ","- ",36.500950000000003,-121.43143000000001,MONTEREY,UNINCORPORATED,-121.43139493,36.500967930000002
90582981,2017,2017-10-30,9730,2017-10-21,1940,021320,,6,2,9,2700,0,3,5,,2,003,"RIVER ROAD","CHUALAR RIVER ROAD",4752.00,N,N,A,-,N,,,,,,,,,,Y,2,0,1,1,A,-,01,23152,A,N,E,I,A,A,H,-,D,D,0,,,,,Y,Y,A,01,1,0,0,0,0,0,0,0,0,"- ","- ",36.562980000000003,-121.56276,MONTEREY,UNINCORPORATED,-121.56285474000001,36.563023379999997
90583060,2017,2017-10-30,9730,2017-10-20,2200,021359,,5,3,9,2700,0,1,2,,1,030,"US-101 S/B","5TH STREET",4224.00,S,N,A,-,Y,,,101,,,,,,S,Y,4,0,2,3,A,-,07,21658,A,F,B,C,A,A,H,-,D,D,0,,,,,Y,,-,99,0,0,2,0,0,0,0,0,0,"- ","- ",36.50891,-121.43539,MONTEREY,UNINCORPORATED,-121.43551875999999,36.508842739999999
90583077,2017,2017-10-30,9730,2017-10-22,1200,021888,,7,1,9,2700,0,3,5,,2,007,"CASTROVILLE BLVD","CIELO AZUL",20.00,S,N,A,-,N,,,,,,,,,,Y,4,0,2,2,A,-,03,22350,,N,C,C,A,A,H,-,A,A,0,,,,,Y,,A,01,0,0,2,0,0,0,0,0,0,"- ","- ",36.772790000000001,-121.74148,MONTEREY,UNINCORPORATED,-121.74153713,36.772753880000003
90583098,2017,2017-10-30,9730,2017-10-22,1930,021120,,7,2,9,2700,0,1,3,,1,066,"MERRITT ST.",SR-156,0.00,,Y,A,-,Y,,,,,,,,,,Y,4,0,1,2,A,-,12,21453,A,F,B,C,A,A,H,-,C,A,0,,,,,Y,,A,01,0,0,1,0,0,0,0,0,0,"- ","- ",36.761130000000001,-121.75192,MONTEREY,UNINCORPORATED,-121.75234997,36.761490100000003
90583252,2017,2017-10-31,9730,2017-10-23,1328,016730,,1,1,9,2700,0,1,3,,1,068,SR-68,"B RD.",260.00,W,N,A,-,N,,,68,,,,,,,Y,4,0,2,3,A,-,03,22350,,N,C,C,A,A,H,-,A,D,0,,,,,Y,,A,01,0,0,2,0,0,0,0,0,0,"- ","- ",36.570480000000003,-121.76267,MONTEREY,UNINCORPORATED,-121.76267147999999,36.570453530000002
90583389,2017,2017-10-31,9730,2017-10-23,1505,019529,,1,2,9,2700,0,1,3,,1,022,"STATE ROUTE 1 (SOUTHBOUND)","SAN LUIS AVE.",500.00,N,N,A,-,Y,,,1,,,,,,,Y,4,0,2,4,A,-,03,22350,,N,C,C,A,A,H,-,A,D,0,,,,,Y,,A,01,0,0,2,0,0,0,0,0,0,"- ","- ",36.569560000000003,-121.91279,MONTEREY,UNINCORPORATED,-121.91277755,36.569560979999999
90583517,2017,2017-10-31,9730,2017-10-23,0750,020424,,1,1,9,2700,0,1,3,,2,062,"STATE ROUTE 1 SOUTHBOUND","RESERVATION ROAD",100.00,S,N,A,-,Y,,,,,,,,,,N,3,0,1,2,A,-,03,22350,,N,C,C,A,A,H,-,A,D,0,,,,,Y,,A,01,0,1,0,0,0,0,0,0,0,"- ","- ",36.697049999999997,-121.80488,MONTEREY,UNINCORPORATED,-121.80518262,36.696600420000003
90583548,2017,2017-10-31,9730,2017-10-23,0900,019818,,1,1,9,2700,0,2,4,,1,023,"CARMEL VALLEY RD","VALLEY GREENS DR",0.00,,Y,A,-,N,,,,,,,,,,Y,3,0,4,2,A,-,09,21801,A,N,D,C,A,A,H,-,A,D,0,,,,,Y,,A,01,0,3,1,0,0,0,0,0,0,"- ","- ",36.534019999999998,-121.85081,MONTEREY,UNINCORPORATED,-121.85075992,36.534140069999999
90583684,2017,2017-10-31,9730,2017-10-23,1225,019818,,1,1,9,2700,0,1,3,,1,068,SR-68,"BOOTS RD",0.00,,Y,A,-,Y,,,68,,,,,,,Y,3,0,1,2,A,-,09,21453,C,N,A,C,A,A,H,-,A,A,0,,,,,Y,,D,22,0,1,0,0,0,0,0,0,0,"- ","- ",36.567219999999999,-121.77861,MONTEREY,UNINCORPORATED,-121.77864971,36.567616149999999
90583935,2017,2017-10-31,9730,2017-10-24,1833,019239,,2,2,9,2700,0,3,5,,2,004,"ALISAL RD","ZABALA RD",0.00,,Y,A,-,N,,,,,,,,,,Y,4,0,1,2,A,-,09,21802,A,N,D,C,A,A,H,-,D,A,0,,,,,Y,,A,01,0,0,1,0,0,0,0,0,0,"- ","- ",36.641680000000001,-121.57174000000001,MONTEREY,UNINCORPORATED,-121.57146994999999,36.641590100000002
90584116,2017,2017-11-21,9730,2017-10-30,0805,012332,,1,1,9,2700,0,1,2,,1,070,"US-101 S/B","CRAZY HOURSE CYN RD",1584.00,S,N,B,-,Y,,,101,,,,,,S,Y,4,0,1,2,A,-,07,21658,A,N,B,C,A,A,H,-,A,D,0,,,,Y,Y,,A,01,0,0,1,0,0,0,0,0,0,"- ","- ",36.815690000000004,-121.63648000000001,MONTEREY,UNINCORPORATED,-121.63684996000001,36.816449220000003
90584221,2017,2017-10-31,9730,2017-10-25,0820,016666,,3,1,9,2700,0,3,5,,2,002,"15TH AVENUE","MONTE VERDE STREET",261.00,N,N,A,-,N,,,,,,,,,,N,2,0,1,2,A,-,08,22107,,N,G,B,E,A,H,-,A,D,0,Y,,,,Y,,A,01,1,0,0,0,1,0,0,0,0,"- ","- ",36.542999999999999,-121.9243,MONTEREY,UNINCORPORATED,-121.9258172,36.543380579999997
9058440,2020,2020-10-30,2712,2020-05-03,1542,1073,,7,5,3,2712,0,0,0,,0,001,"IMJIN PKWY","2ND AV",0.00,,Y,A,-,N,,,,,,,,,,Y,3,0,3,2,A,-,09,21453,C,N,D,A,A,A,H,-,A,A,0,,,,,Y,,A,07,0,1,2,0,0,0,0,0,0,"- ","- ",,,MONTEREY,MARINA,-121.80882263183594,36.667781829833984
90584845,2017,2017-11-01,9730,2017-10-25,1545,019239,,3,2,9,2700,0,1,3,,1,074,"SR-1 NB","STRUVE RD",1584.00,N,N,A,-,Y,,,1,,,,,,N,Y,4,0,5,3,A,-,03,22350,,N,C,C,A,A,H,-,A,D,0,,,,,Y,,A,01,0,0,5,0,0,0,0,0,0,"- ","- ",36.834670000000003,-121.77092,MONTEREY,UNINCORPORATED,-121.77098099,36.83466971
90585090,2017,2017-11-01,9730,2017-10-25,1645,016537,,3,2,9,2700,0,3,5,,2,005,"VIERRA CYN RD.","VIERRA MEADOWS PL.",500.00,W,N,A,-,N,,,,,,,,,,N,4,0,1,2,A,-,09,21804,A,N,D,C,A,A,H,-,A,D,0,,,,Y,Y,,D,22,0,0,1,0,0,0,0,0,0,"- ","- ",36.795400000000001,-121.65680999999999,MONTEREY,UNINCORPORATED,-121.65664599,36.795535510000001
90585199,2017,2017-11-01,9730,2017-10-26,0905,017502,,4,1,9,2700,0,3,5,,2,003,"RIVER ROAD","LAS PALMAS ROAD",1056.00,S,N,A,-,N,,,,,,,,,,Y,4,0,3,2,A,-,03,22350,,N,C,C,A,A,H,-,A,D,0,,,,,Y,,A,01,0,0,3,0,0,0,0,0,0,"- ","- ",36.621690000000001,-121.66461,MONTEREY,UNINCORPORATED,-121.66918,36.622390000000003