CASE_ID,ACCIDENT_YEAR,PROC_DATE,JURIS,COLLISION_DATE,COLLISION_TIME,OFFICER_ID,REPORTING_DISTRICT,DAY_OF_WEEK,CHP_SHIFT,POPULATION,CNTY_CITY_LOC,SPECIAL_COND,BEAT_TYPE,CHP_BEAT_TYPE,CITY_DIVISION_LAPD,CHP_BEAT_CLASS,BEAT_NUMBER,PRIMARY_RD,SECONDARY_RD,DISTANCE,DIRECTION,INTERSECTION,WEATHER_1,WEATHER_2,STATE_HWY_IND,CALTRANS_COUNTY,CALTRANS_DISTRICT,STATE_ROUTE,ROUTE_SUFFIX,POSTMILE_PREFIX,POSTMILE,LOCATION_TYPE,RAMP_INTERSECTION,SIDE_OF_HWY,TOW_AWAY,COLLISION_SEVERITY,NUMBER_KILLED,NUMBER_INJURED,PARTY_COUNT,PRIMARY_COLL_FACTOR,PCF_CODE_OF_VIOL,PCF_VIOL_CATEGORY,PCF_VIOLATION,PCF_VIOL_SUBSECTION,HIT_AND_RUN,TYPE_OF_COLLISION,MVIW,PED_ACTION,ROAD_SURFACE,ROAD_COND_1,ROAD_COND_2,LIGHTING,CONTROL_DEVICE,CHP_ROAD_TYPE,PEDESTRIAN_ACCIDENT,BICYCLE_ACCIDENT,MOTORCYCLE_ACCIDENT,TRUCK_ACCIDENT,NOT_PRIVATE_PROPERTY,ALCOHOL_INVOLVED,STWD_VEHTYPE_AT_FAULT,CHP_VEHTYPE_AT_FAULT,COUNT_SEVERE_INJ,COUNT_VISIBLE_INJ,COUNT_COMPLAINT_PAIN,COUNT_PED_KILLED,COUNT_PED_INJURED,COUNT_BICYCLIST_KILLED,COUNT_BICYCLIST_INJURED,COUNT_MC_KILLED,COUNT_MC_INJURED,PRIMARY_RAMP,SECONDARY_RAMP,LATITUDE,LONGITUDE,COUNTY,CITY,POINT_X,POINT_Y
90598020,2017,2017-11-20,9730,2017-11-12,1230,018886,,7,1,9,2700,0,1,2,,1,070,"US-101 N/B",SR-156,400.00,S,N,A,-,Y,,,101,,,,,,N,Y,3,0,2,2,A,-,03,22350,,N,C,C,A,A,H,-,A,D,0,,,,,Y,Y,A,01,0,1,1,0,0,0,0,0,0,"- ","- ",36.788220000000003,-121.66777,MONTEREY,UNINCORPORATED,-121.66777844000001,36.788221710000002
90598107,2017,2017-11-20,9730,2017-11-14,0615,018886,,2,1,9,2700,0,2,4,,1,075,"SAN JUAN ROAD","EL CERRO ROAD",100.00,W,N,B,-,N,,,,,,,,,,N,4,0,1,2,A,-,03,22350,,N,C,C,A,B,H,-,D,D,0,,,,,Y,,A,01,0,0,1,0,0,0,0,0,0,"- ","- ",36.85613,-121.64183,MONTEREY,UNINCORPORATED,-121.64197073,36.856287739999999
90598136,2017,2017-11-20,9730,2017-11-13,0625,015160,,1,1,9,2700,0,1,3,,1,066,"MERRITT STREET (SR-183)","MEAD STREET",25.00,N,N,A,-,Y,,,183,,,,,,,Y,4,0,1,3,A,-,03,22350,,N,C,C,A,A,H,-,A,D,0,,,,,Y,,A,01,0,0,1,0,0,0,0,0,0,"- ","- ",36.768729999999998,-121.76208,MONTEREY,UNINCORPORATED,-121.76209108,36.768715380000003
90598149,2017,2017-11-20,9730,2017-11-13,0825,015160,,1,1,9,2700,0,3,5,,2,007,"CASTROVILLE BLVD","COLLINS ROAD",528.00,N,N,A,-,N,,,,,,,,,,Y,4,0,2,2,A,-,03,22350,,N,C,C,A,A,H,-,A,D,0,,,,,Y,,D,22,0,0,2,0,0,0,0,0,0,"- ","- ",36.771850000000001,-121.74233,MONTEREY,UNINCORPORATED,-121.74277936999999,36.771211129999998
90598254,2017,2017-11-20,9730,2017-11-16,2205,019512,,4,3,9,2700,0,3,5,,2,005,"SAN JUAN GRADE ROAD","CRAZY HORS CANYON ROAD",103.00,S,N,C,-,N,,,,,,,,,,Y,4,0,1,1,A,-,03,22350,,N,E,A,A,B,H,-,D,A,0,,,,,Y,,A,01,0,0,1,0,0,0,0,0,0,"- ","- ",36.773049999999998,-121.60346,MONTEREY,UNINCORPORATED,-121.60362567999999,36.773295679999997
90599103,2017,2017-11-21,9730,2017-11-13,1800,020621,,1,2,9,2700,0,2,4,,1,073,"SALINAS ROAD","TRAFTON ROAD",0.00,,Y,A,-,N,,,,,,,,,,Y,4,0,2,2,A,-,09,21801,A,M,D,C,A,A,H,-,D,D,0,,,,,Y,,A,01,0,0,2,0,0,0,0,0,0,"- ","- ",36.886789999999998,-121.74719,MONTEREY,UNINCORPORATED,-121.74710997,36.886790009999999
90599142,2017,2017-11-21,9730,2017-11-17,1746,019956,,5,2,9,2700,0,2,4,,2,063,"WEST BLANCO RD","ARMSTRONG RD",300.00,E,N,A,-,N,,,,,,,,,,Y,2,0,1,2,A,-,09,21801,A,N,D,C,A,A,H,-,D,D,0,,,,,Y,,A,07,1,0,0,0,0,0,0,0,0,"- ","- ",36.678310000000003,-121.70531,MONTEREY,UNINCORPORATED,-121.70689994,36.678599990000002
90599285,2017,2017-11-21,9730,2017-11-17,1850,019956,,5,2,9,2700,0,1,3,,2,062,"SR-1 N/B","IMJIN PKWY",1584.00,N,N,A,-,Y,,,1,,,,,,N,Y,3,0,1,1,A,-,08,22107,,N,E,I,A,A,H,-,C,D,0,,,,,Y,,A,01,0,1,0,0,0,0,0,0,0,"- ","- ",36.672809999999998,-121.81101,MONTEREY,UNINCORPORATED,-121.81088756,36.672714880000001
90599431,2017,2017-11-21,9735,2017-10-23,0610,017257,,1,1,9,2700,0,1,2,,2,045,"US 101 SOUTHBOUND","CAMP ROBERTS EQUIPMENT U/C",130.00,N,N,A,-,Y,,,,,,,,,,Y,1,1,3,3,A,-,03,22350,,N,C,C,A,A,H,-,C,D,0,,,,Y,Y,,D,22,2,1,0,0,0,0,0,0,0,"- ","- ",35.845370000000003,-120.76197000000001,MONTEREY,UNINCORPORATED,,
90600271,2017,2017-11-22,9730,2017-11-13,1408,018543,,1,2,9,2700,0,1,3,,1,014,SR-1,"BIXBY BRIDGE",1584.00,N,N,A,-,Y,,,1,,,,,,,Y,2,0,1,1,A,-,08,22107,,N,F,A,A,A,H,-,A,D,0,,,Y,,Y,,C,02,1,0,0,0,0,0,0,0,1,"- ","- ",36.374360000000003,-121.90488000000001,MONTEREY,UNINCORPORATED,-121.90486373,36.374352649999999
90600315,2017,2017-11-22,9730,2017-09-10,1956,020584,,7,2,9,2700,0,2,4,,1,073,"HALL ROAD","SILL ROAD",355.00,E,N,B,-,N,,,,,,,,,,Y,1,1,1,3,A,-,11,21954,A,F,G,B,D,A,H,-,D,D,0,Y,,Y,,Y,Y,N,60,0,1,0,1,0,0,0,0,1,"- ","- ",36.864130000000003,-121.72127,MONTEREY,UNINCORPORATED,-121.72131625,36.864109999999997
90600339,2017,2018-03-14,9730,2017-10-26,0540,018886,,4,3,9,2700,0,2,4,,1,075,"SAN JUAN ROAD","SAN MIGUEL CANYON ROAD",6864.00,W,N,A,-,N,,,,,,,,,,Y,1,1,1,2,A,-,01,23152,A,N,A,C,A,A,H,-,D,D,0,,,,,Y,Y,A,01,1,0,0,0,0,0,0,0,0,"- ","- ",36.904040000000002,-121.71288,MONTEREY,UNINCORPORATED,-121.7131352,36.903998129999998
90600425,2017,2017-11-22,9730,2017-11-19,0425,021338,,7,3,9,2700,0,3,5,,2,005,"HEBERT ROAD","MIDDLEFIELD ROAD",570.00,E,N,A,-,N,,,,,,,,,,Y,3,0,1,2,A,-,01,23152,A,N,E,I,A,A,H,-,D,D,0,,,,,Y,Y,D,22,0,1,0,0,0,0,0,0,0,"- ","- ",36.757420000000003,-121.61178,MONTEREY,UNINCORPORATED,-121.61198794000001,36.75747947
90600450,2017,2017-11-22,9730,2017-11-13,1740,020896,,1,2,9,2700,0,1,3,,1,068,"SR-68 EB","CORRAL DE TIERRA RD",50.00,W,N,B,-,Y,,,68,,,,,,E,N,3,0,1,2,A,-,03,22350,,F,C,C,A,A,H,-,D,A,0,,,,,Y,,A,01,0,1,0,0,0,0,0,0,0,"- ","- ",36.578470000000003,-121.72825,MONTEREY,UNINCORPORATED,-121.72824803,36.578458480000002
90600509,2017,2018-05-03,9730,2017-11-21,1140,019981,,2,1,9,2700,0,1,3,,1,012,SR-1,"JULIA PHEIFFER BURNS PARK",4752.00,N,N,A,-,Y,,,1,,,,,,,N,1,1,0,1,C,-,18,,,N,H,A,A,A,H,-,A,D,0,,,,,Y,,-,"- ",0,0,0,0,0,0,0,0,0,"- ","- ",36.168550000000003,-121.68101,MONTEREY,UNINCORPORATED,-121.68100463,36.168566800000001
90600594,2017,2017-11-22,9730,2017-11-21,1017,017785,,2,1,9,2700,0,1,2,,1,030,"US-101 NORTHBOUND","MAIN STREET (CHUALAR)",1056.00,S,N,A,-,Y,,,101,,,,,,N,N,4,0,2,3,A,-,03,22350,,N,C,C,A,A,H,-,A,D,0,,,,,Y,,D,22,0,0,2,0,0,0,0,0,0,"- ","- ",36.564979999999998,-121.51347,MONTEREY,UNINCORPORATED,-121.51344309,36.565000599999998
90600638,2017,2017-11-22,9730,2017-11-19,1505,021407,,7,2,9,2700,0,3,5,,2,006,"MCDOUGAL STREET","PRESTON STREET",120.00,S,N,A,-,N,,,,,,,,,,Y,4,0,1,1,A,-,21,22106,,N,E,I,A,A,H,-,A,D,0,,,,,Y,,A,01,0,0,1,0,0,0,0,0,0,"- ","- ",36.766399999999997,-121.75700000000001,MONTEREY,UNINCORPORATED,-121.75716942,36.766425929999997
90600681,2017,2017-11-22,9730,2017-11-20,0954,016666,,1,1,9,2700,0,3,5,,2,002,"CARPENTER ROAD",SR-1,20.00,E,N,A,-,N,,,,,,,,,,N,4,0,1,2,A,-,21,22106,,N,C,C,A,A,H,-,A,A,0,,,,,Y,,A,01,0,0,1,0,0,0,0,0,0,"- ","- ",36.566699999999997,-121.9128,MONTEREY,UNINCORPORATED,-121.91293,36.566980000000001
90600696,2017,2017-11-22,9730,2017-11-21,1557,020621,,2,2,9,2700,0,1,2,,1,050,"N/B US-101","AIRPORT BLVD",1056.00,S,N,A,-,Y,,,101,,,,,,,Y,4,0,2,1,A,-,08,22107,,N,E,I,A,A,H,-,A,D,0,,,,,Y,,A,07,0,0,2,0,0,0,0,0,0,"- ","- ",36.657589999999999,-121.62099000000001,MONTEREY,UNINCORPORATED,-121.62091239,36.657634969999997
90600731,2017,2017-11-22,9730,2017-11-20,1605,019529,,1,2,9,2700,0,2,4,,1,023,"CARMEL VALLEY ROAD","SCARLETT ROAD",0.00,,Y,A,-,N,,,,,,,,,,Y,4,0,1,2,A,-,09,21802,A,N,D,C,A,A,H,-,A,A,0,,,,,Y,,A,07,0,0,1,0,0,0,0,0,0,"- ","- ",36.518189999999997,-121.78443,MONTEREY,UNINCORPORATED,-121.79368999,36.524000049999998
90601268,2017,2017-11-23,9730,2017-11-10,1745,020701,,5,2,9,2700,0,1,2,,1,030,"US-101 SOUTHBOUND","5TH STREET",900.00,N,N,A,-,Y,,,,,,,,,,Y,4,0,2,4,A,-,03,22350,,N,C,C,A,A,H,-,D,D,0,,,,,Y,,D,22,0,0,2,0,0,0,0,0,0,"- ","- ",36.515549999999998,-121.43898,MONTEREY,UNINCORPORATED,-121.43895654000001,36.515458510000002
90601432,2017,2017-11-23,9730,2017-11-15,1240,018350,,3,1,6,2708,0,1,2,,1,050,"US-101 N/B","MAIN STREET",528.00,N,N,A,-,Y,,,101,,,,,,N,Y,4,0,1,2,A,-,03,22350,,M,C,C,A,A,H,-,A,D,0,,,,,Y,,A,07,0,0,1,0,0,0,0,0,0,"- ","- ",36.68826,-121.65458,MONTEREY,SALINAS,-121.65461619,36.688197879999997
90602272,2017,2017-11-27,9730,2017-11-16,2130,021794,,4,2,9,2700,0,1,2,,1,070,"US-101 S/B","SAN MIGUEL CANYON ROAD OVERCROSS",95.00,S,N,C,-,Y,,,101,,,,,,S,Y,4,0,2,4,A,-,03,22350,,M,D,C,A,B,H,-,C,D,0,,,,,Y,,-,99,0,0,2,0,0,0,0,0,0,"- ","- ",36.799169999999997,-121.66457,MONTEREY,UNINCORPORATED,-121.66455771,36.79915999
90602319,2017,2017-11-27,9730,2017-11-19,1710,021776,,7,2,9,2700,0,2,4,,1,073,"SALINAS ROAD","RAILROAD AVENUE",800.00,S,N,A,-,N,,,,,,,,,,Y,4,0,1,2,A,-,03,22350,,N,C,C,A,A,H,-,C,D,0,,,,,Y,,A,01,0,0,1,0,0,0,0,0,0,"- ","- ",36.893500000000003,-121.7474,MONTEREY,UNINCORPORATED,-121.74754851,36.893518829999998
90602331,2017,2017-11-27,9730,2017-11-19,1800,021776,,7,2,9,2700,0,2,4,,1,075,"SAN JUAN ROAD","INGRAM COURT",1320.00,E,N,A,-,N,,,,,,,,,,Y,3,0,2,2,A,-,01,23152,A,N,C,C,A,A,H,-,C,D,0,,,,,Y,Y,A,01,0,1,1,0,0,0,0,0,0,"- ","- ",36.904200000000003,-121.72799999999999,MONTEREY,UNINCORPORATED,,
9060352,2020,2020-04-01,2710,2020-01-08,0834,38145,,3,5,4,2710,0,0,0,,0,,"SAN PABLO AV","1100 BLK SAN PABIO AVE",0.00,,-,A,-,N,,,,,,,,,,N,4,0,1,2,A,-,09,21804,A,N,D,C,A,B,H,-,A,D,0,,,,,Y,,A,01,0,0,1,0,0,0,0,0,0,"- ","- ",,,MONTEREY,SEASIDE,,
9060353,2020,2020-04-01,2710,2020-01-24,2124,40386,16,5,5,4,2710,0,0,0,,0,01B,"DEL MONTE BL","LA SALLE AV",0.00,,Y,A,-,N,,,,,,,,,,N,3,0,1,2,A,-,09,21802,A,N,D,D,A,A,H,-,C,A,0,,,,,Y,,A,01,0,1,0,0,0,0,0,0,0,"- ","- ",,,MONTEREY,SEASIDE,-121.84332499999999,36.617303999999997
90603536,2017,2017-11-28,9735,2017-11-22,1925,020841,,3,2,9,2700,0,1,2,,1,041,"US-101 N/B","JOLON ROAD",108.00,S,N,A,-,Y,,,101,,,,,,N,Y,3,0,1,1,A,-,01,23152,A,N,E,I,A,A,H,-,D,D,0,,,,,Y,Y,A,01,0,1,0,0,0,0,0,0,0,"- ","- ",36.197929999999999,-121.14778,MONTEREY,UNINCORPORATED,-121.14776668,36.197860439999999
9060354,2020,2020-04-01,2710,2020-01-19,2252,40386,16,7,5,4,2710,0,0,0,,0,01B,"FREMONT BL","LIGHT POLE 1027",156.00,S,N,A,-,N,,,,,,,,,,Y,2,0,1,1,A,-,01,23152,A,N,E,I,A,A,H,-,C,D,0,,,,,Y,Y,A,01,1,0,0,0,0,0,0,0,0,"- ","- ",,,MONTEREY,SEASIDE,,
9060355,2020,2020-04-01,2710,2020-01-14,1438,40397,,2,5,4,2710,0,0,0,,0,002,"SAN PABLO AV","BAKER ST",0.00,,Y,A,-,N,,,,,,,,,,Y,3,0,3,3,A,-,03,22350,,N,D,C,A,A,H,-,A,A,0,,,,,Y,,A,01,0,3,0,0,0,0,0,0,0,"- ","- ",,,MONTEREY,SEASIDE,-121.83905792236328,36.614841461181641
9060356,2020,2020-04-01,2710,2020-01-10,1630,38145,,5,5,4,2710,0,0,0,,0,003,"DEL MONTE BL","1700 BLK DEL MONTE BL",0.00,,N,A,-,N,,,,,,,,,,N,4,0,3,3,A,-,03,22350,,N,C,C,A,A,H,-,A,A,0,,,,,Y,,A,01,0,0,3,0,0,0,0,0,0,"- ","- ",,,MONTEREY,SEASIDE,,
90603598,2017,2017-11-28,9730,2017-11-20,1254,016666,,1,1,9,2700,0,1,3,,2,062,"SR-1 TO LIGHTFIGHTER DRIVE",SR-1,372.00,E,N,A,-,Y,,,,,,,,,,Y,4,0,1,2,A,-,08,22107,,N,D,C,A,A,H,-,A,D,0,,,,,Y,,D,22,0,0,1,0,0,0,0,0,0,"- ","- ",36.64752,-121.81276,MONTEREY,UNINCORPORATED,,
90603727,2017,2017-11-28,9730,2017-11-23,1630,019529,,4,2,9,2700,0,1,2,,1,030,"UNITED STATES 101 (NORTHBOUND)","ESPERANZA RD.",1500.00,S,N,A,-,Y,,,,,,,,,,Y,4,0,1,1,C,-,18,,,N,F,I,A,A,H,-,A,D,0,,,,,Y,,-,"- ",0,0,1,0,0,0,0,0,0,"- ","- ",36.581159999999997,-121.53033000000001,MONTEREY,UNINCORPORATED,-121.53645596,36.586646139999999
90603822,2017,2017-11-28,9730,2017-11-23,1110,017785,,4,1,9,2700,0,1,2,,1,030,"US-101 NORTHBOUND","MAIN STREET (CHUALAR)",4752.00,S,N,A,-,Y,,,101,,,,,,N,Y,3,0,1,1,A,-,08,22107,,N,E,I,A,A,H,-,A,D,0,,,,,Y,,A,01,0,1,0,0,0,0,0,0,0,"- ","- ",36.55921,-121.50757,MONTEREY,UNINCORPORATED,-121.50767471,36.559101030000001
9060383,2020,2020-03-23,2710,2020-01-30,0752,38145,,4,5,4,2710,0,0,0,,0,001,"CENTRAL MOORE BL",HILBY,0.00,,Y,E,-,N,,,,,,,,,,N,4,0,1,2,A,-,12,21453,A,N,D,C,A,A,H,-,A,A,0,,,,,Y,,A,01,0,0,1,0,0,0,0,0,0,"- ","- ",,,MONTEREY,SEASIDE,-121.82626999999999,36.601930000000003
90603837,2017,2017-11-28,9730,2017-11-22,0853,017502,,3,1,9,2700,0,3,5,,2,006,"DAVIS ROAD","BLANCO ROAD",10.00,N,N,A,-,N,,,,,,,,,,N,4,0,1,2,A,-,21,22106,,N,C,C,A,A,H,-,A,A,0,,,,,Y,,A,01,0,0,1,0,0,0,0,0,0,"- ","- ",36.667099999999998,-121.6854,MONTEREY,UNINCORPORATED,-121.68508995000001,36.66682222
90603911,2017,2017-11-28,9730,2017-11-22,0700,017502,,3,1,9,2700,0,2,4,,2,063,"BLANCO  ROAD","COOPER ROAD",1584.00,W,N,A,-,N,,,,,,,,,,Y,4,0,1,1,A,-,08,22107,,N,E,I,A,A,H,-,A,D,0,,,,,Y,,A,01,0,0,1,0,0,0,0,0,0,"- ","- ",36.678600000000003,-121.6786,MONTEREY,UNINCORPORATED,-121.74042179,36.678646090000001
90603913,2017,2017-11-28,9730,2017-11-21,1040,018543,,2,1,9,2700,0,1,3,,2,062,"SR-1 S/B","LIGHTFIGHTER DRIVE",1056.00,S,N,A,-,Y,,,1,,,,,,S,Y,3,0,2,1,A,-,03,22350,,N,F,A,A,A,H,-,A,D,0,,,,,Y,,A,01,0,2,0,0,0,0,0,0,0,"- ","- ",36.637309999999999,-121.83007000000001,MONTEREY,UNINCORPORATED,-121.83013929000001,36.637369329999999
90604213,2017,2017-11-28,9730,2017-11-23,0600,017785,,4,1,9,2700,0,3,5,,2,003,"CHUALAR RIVER ROAD","RIVER ROAD",2112.00,E,N,A,-,N,,,,,,,,,,Y,4,0,1,1,A,-,08,22107,,N,F,A,A,A,H,-,D,D,0,,,,,Y,,A,01,0,0,1,0,0,0,0,0,0,"- ","- ",36.553550000000001,-121.54248,MONTEREY,UNINCORPORATED,-121.54359848,36.553688010000002
90605209,2017,2017-11-29,9730,2017-11-24,0535,018350,,5,3,6,2708,0,1,2,,1,050,"US-101 N/B","MARKET STREET",2112.00,N,N,A,-,Y,,,101,,,,,,N,Y,4,0,1,1,A,-,08,22107,,N,E,I,A,A,H,-,D,D,0,,,,,Y,,A,01,0,0,1,0,0,0,0,0,0,"- ","- ",36.681350000000002,-121.64282,MONTEREY,SALINAS,-121.64275788,36.681401080000001
90605218,2017,2017-11-29,9730,2017-11-24,0210,021888,,5,3,9,2700,0,2,4,,1,073,"HALL ROAD","WILLOW ROAD",35.00,E,N,A,-,N,,,,,,,,,,Y,4,0,1,1,A,-,08,22107,,N,E,I,A,A,H,-,C,D,0,,,,,Y,,A,01,0,0,1,0,0,0,0,0,0,"- ","- ",36.865679999999998,-121.73520000000001,MONTEREY,UNINCORPORATED,-121.73494655,36.86563941
90605309,2017,2017-11-29,9730,2017-11-24,1650,020896,,5,2,9,2700,0,3,5,,2,006,"RESERVATION RD","PORTOLA DR",5808.00,W,N,A,-,N,,,,,,,,,,Y,2,0,2,3,A,-,09,21801,A,N,D,C,A,A,H,-,B,D,0,,,Y,,Y,,A,01,2,0,0,0,0,0,0,0,2,"- ","- ",36.633650000000003,-121.69839,MONTEREY,UNINCORPORATED,-121.6988814,36.634124110000002
90605819,2017,2017-11-30,9730,2017-11-26,0201,020990,,7,3,9,2700,0,2,4,,1,073,"SALINAS ROAD","TRAFTON ROAD",1000.00,S,N,A,-,N,,,,,,,,,,Y,3,0,1,2,A,-,03,22350,,F,C,C,A,A,H,-,C,D,0,,,,,Y,,-,99,0,1,0,0,0,0,0,0,0,"- ","- ",36.883899999999997,-121.74704,MONTEREY,UNINCORPORATED,-121.74694126,36.884046120000001
90606052,2017,2017-11-30,9735,2017-11-22,0600,016696,,3,1,9,2700,0,3,5,,2,003,"METZ ROAD","ELM AVENUE",7920.00,N,N,A,-,N,,,,,,,,,,Y,3,0,1,1,A,-,08,22107,,N,F,A,A,A,H,-,B,D,0,,,,,Y,,A,07,0,1,0,0,0,0,0,0,0,"- ","- ",36.361080000000001,-121.224,MONTEREY,UNINCORPORATED,-121.21410086,36.357292819999998
90606119,2017,2017-11-30,9730,2017-11-18,1225,020208,,6,1,9,2700,0,2,4,,1,023,"CARMEL VALLEY ROAD","RANA CREEK",6600.00,W,N,A,-,N,,,,,,,,,,Y,4,0,1,2,A,-,03,22350,,N,C,C,A,A,H,-,A,D,0,,,,,Y,,A,07,0,0,1,0,0,0,0,0,0,"- ","- ",36.442720000000001,-121.65007,MONTEREY,UNINCORPORATED,-121.65005479,36.442696929999997
90606170,2017,2017-11-30,9730,2017-11-24,1110,020208,,5,1,9,2700,0,1,3,,1,074,"SR-1 N/B FROM SR-183",SR-183,24.00,N,N,A,-,Y,,,1,,,,R,,N,N,4,0,1,2,A,-,03,22350,,N,C,C,A,A,H,-,A,D,0,,,,Y,Y,,F,26,0,0,1,0,0,0,0,0,0,"- ","- ",36.771030000000003,-121.76544,MONTEREY,UNINCORPORATED,-121.76544,36.771030000000003
90606200,2017,2017-11-30,9730,2017-11-27,0930,018886,,1,1,9,2700,0,2,4,,1,075,"SAN JUAN ROAD","SUSAN STREET",528.00,E,N,A,-,N,,,,,,,,,,Y,4,0,1,2,A,-,03,22350,,N,C,C,A,A,H,-,A,D,0,,,,,Y,,D,22,0,0,1,0,0,0,0,0,0,"- ","- ",36.904350000000001,-121.90434999999999,MONTEREY,UNINCORPORATED,-121.74422439,36.904402759999996
90606210,2017,2017-11-30,9730,2017-11-27,1548,019239,,1,2,9,2700,0,1,3,,1,068,"SR-68 EB","BOOTS RD",900.00,E,N,A,-,Y,,,68,,,,,,E,Y,3,0,2,1,A,-,08,22107,,N,E,I,A,A,H,-,A,D,0,,,,,Y,,A,08,0,2,0,0,0,0,0,0,0,"- ","- ",36.56812,-121.77534,MONTEREY,UNINCORPORATED,-121.77534673,36.56813949
90606230,2017,2017-11-30,9730,2017-11-28,1420,020701,,2,2,6,2708,0,1,2,,1,050,"US-101 SOUTHBOUND",SHERWOOD,900.00,S,N,A,-,Y,,,101,,,,,,S,Y,3,0,1,1,A,-,03,22350,,N,E,I,A,A,H,-,A,D,0,,,Y,,Y,,C,02,0,1,0,0,0,0,0,0,1,"- ","- ",36.682429999999997,-121.64417,MONTEREY,SALINAS,-121.64417917999999,36.682416750000002
90606321,2017,2017-11-30,9730,2017-11-17,0950,020208,,5,1,9,2700,0,1,2,,1,050,"US-101 S/B","SHERWOOD DRIVE",528.00,N,N,A,-,Y,,,,,,,,,,Y,3,0,1,1,A,-,01,23152,A,N,F,I,A,A,H,-,A,D,0,,,,,Y,Y,A,07,0,1,0,0,0,0,0,0,0,"- ","- ",36.685839999999999,-121.65085000000001,MONTEREY,UNINCORPORATED,-121.64996438,36.685515070000001
90608003,2017,2017-12-01,9735,2017-11-24,1010,017681,,5,1,9,2700,0,3,5,,2,003,"METZ ROAD","BLUE JAY LANE",1056.00,N,N,A,-,N,,,,,,,,,,Y,3,0,3,1,A,-,08,22107,,N,F,A,A,A,H,-,A,D,0,,,,,Y,,A,01,0,3,0,0,0,0,0,0,0,"- ","- ",36.405679999999997,-121.26262,MONTEREY,UNINCORPORATED,-121.26278354,36.405857400000002
90609011,2017,2017-12-04,9730,2017-11-25,1825,021776,,6,2,9,2700,0,1,2,,1,070,"US-101 NORTHBOUND","REESE CIRCLE",2112.00,S,N,A,-,Y,,,101,,,,,,N,Y,4,0,1,3,A,-,03,22350,,N,C,C,A,A,H,-,D,D,0,,,,,Y,,A,01,0,0,1,0,0,0,0,0,0,"- ","- ",36.766599999999997,-121.6681,MONTEREY,UNINCORPORATED,-121.66826951,36.766545739999998
90609066,2017,2017-12-04,9730,2017-11-27,0820,018298,,1,1,9,2700,0,3,5,,2,003,"FOLETTA RD.","CHUALAR RIVER RD.",7392.00,S,N,A,B,N,,,,,,,,,,Y,4,0,1,1,A,-,01,23152,F,M,E,I,A,B,H,-,A,D,0,,,,,Y,,A,01,0,0,1,0,0,0,0,0,0,"- ","- ",36.549990000000001,-121.49858,MONTEREY,UNINCORPORATED,-121.49952361,36.550785490000003
90609210,2017,2017-12-04,9730,2017-11-26,0847,019569,,7,1,9,2700,0,1,2,,1,070,"US-101 S/B TO SALA RD","SALA RD",528.00,N,N,B,-,Y,,,101,,,,R,,S,Y,3,0,1,1,A,-,08,22107,,N,E,I,A,A,H,-,A,D,0,,,,,Y,,A,01,0,1,0,0,0,0,0,0,0,"- ","- ",36.745069999999998,-121.6618,MONTEREY,UNINCORPORATED,-121.6618,36.745069999999998
90609329,2017,2017-12-04,9730,2017-11-27,0755,018298,,1,1,9,2700,0,1,2,,1,030,"US-101 N/B","ESPERANZA RD.",500.00,S,N,A,B,Y,,,101,,,,,,N,Y,4,0,1,2,A,-,03,22350,,N,C,C,A,B,H,-,A,D,0,,,,,Y,,A,01,0,0,1,0,0,0,0,0,0,"- ","- ",36.588140000000003,-121.53785000000001,MONTEREY,UNINCORPORATED,-121.53775706,36.588235589999996
90609571,2017,2017-12-04,9730,2017-11-27,0405,021856,,1,3,9,2700,0,1,2,,1,070,"US-101 NORTHBOUND","CRAZY HORSE CANYON ROAD OVERCROSSING",5808.00,N,N,C,-,Y,,,101,,,,,,N,Y,4,0,1,1,A,-,03,22350,,N,E,I,A,B,H,-,D,D,0,,,,,Y,,A,01,0,0,1,0,0,0,0,0,0,"- ","- ",36.832410000000003,-121.63002,MONTEREY,UNINCORPORATED,-121.63006701,36.83240885
90609580,2017,2017-12-04,9730,2017-11-27,0407,021856,,1,3,9,2700,0,1,2,,1,070,"US-101 NORTHBOUND","CRAZY HORSE CANYON ROAD OVERCROSSING",5808.00,N,N,C,-,Y,,,,,,,,,,Y,4,0,1,2,A,-,03,22350,,M,A,C,A,B,H,-,D,D,0,,,,,Y,,D,22,0,0,1,0,0,0,0,0,0,"- ","- ",36.832410000000003,-123.63002,MONTEREY,UNINCORPORATED,-121.63271,36.818390000000001
90609905,2017,2017-12-05,9730,2017-11-26,0230,021856,,7,3,9,2700,0,1,3,,2,062,"N/B SR-1 TO SR-68 (SALINAS)","FAIRGROUND RD OVERCROSSING",500.00,W,N,A,-,Y,,,,,,,,,,Y,3,0,1,1,A,-,01,23152,A,M,E,I,A,A,H,-,D,D,0,,,,,Y,Y,A,01,0,1,0,0,0,0,0,0,0,"- ","- ",36.587400000000002,-121.86524,MONTEREY,UNINCORPORATED,,
90609919,2017,2017-12-05,9730,2017-11-25,2028,021856,,6,2,9,2700,0,3,5,,2,006,"CALLE DEL ADOBE","ADDINGTON LN",528.00,E,N,A,-,N,,,,,,,,,,N,2,0,1,2,A,-,05,21202,A,N,H,G,A,A,H,-,D,D,0,,Y,,,Y,,L,04,1,0,0,0,0,0,1,0,0,"- ","- ",36.698880000000003,-121.67400000000001,MONTEREY,UNINCORPORATED,-121.67403465,36.6989375