CASE_ID,ACCIDENT_YEAR,PROC_DATE,JURIS,COLLISION_DATE,COLLISION_TIME,OFFICER_ID,REPORTING_DISTRICT,DAY_OF_WEEK,CHP_SHIFT,POPULATION,CNTY_CITY_LOC,SPECIAL_COND,BEAT_TYPE,CHP_BEAT_TYPE,CITY_DIVISION_LAPD,CHP_BEAT_CLASS,BEAT_NUMBER,PRIMARY_RD,SECONDARY_RD,DISTANCE,DIRECTION,INTERSECTION,WEATHER_1,WEATHER_2,STATE_HWY_IND,CALTRANS_COUNTY,CALTRANS_DISTRICT,STATE_ROUTE,ROUTE_SUFFIX,POSTMILE_PREFIX,POSTMILE,LOCATION_TYPE,RAMP_INTERSECTION,SIDE_OF_HWY,TOW_AWAY,COLLISION_SEVERITY,NUMBER_KILLED,NUMBER_INJURED,PARTY_COUNT,PRIMARY_COLL_FACTOR,PCF_CODE_OF_VIOL,PCF_VIOL_CATEGORY,PCF_VIOLATION,PCF_VIOL_SUBSECTION,HIT_AND_RUN,TYPE_OF_COLLISION,MVIW,PED_ACTION,ROAD_SURFACE,ROAD_COND_1,ROAD_COND_2,LIGHTING,CONTROL_DEVICE,CHP_ROAD_TYPE,PEDESTRIAN_ACCIDENT,BICYCLE_ACCIDENT,MOTORCYCLE_ACCIDENT,TRUCK_ACCIDENT,NOT_PRIVATE_PROPERTY,ALCOHOL_INVOLVED,STWD_VEHTYPE_AT_FAULT,CHP_VEHTYPE_AT_FAULT,COUNT_SEVERE_INJ,COUNT_VISIBLE_INJ,COUNT_COMPLAINT_PAIN,COUNT_PED_KILLED,COUNT_PED_INJURED,COUNT_BICYCLIST_KILLED,COUNT_BICYCLIST_INJURED,COUNT_MC_KILLED,COUNT_MC_INJURED,PRIMARY_RAMP,SECONDARY_RAMP,LATITUDE,LONGITUDE,COUNTY,CITY,POINT_X,POINT_Y
90703244,2018,2018-04-11,9730,2018-04-05,1035,017580,,4,1,9,2700,0,2,4,,1,073,"SAN MIGUEL CANYON ROAD","CORTO SAN MIGUEL",528.00,S,N,A,-,N,,,,,,,,,,Y,4,0,1,3,A,-,03,22350,,N,C,C,A,A,H,-,A,D,0,,,,,Y,,A,08,0,0,1,0,0,0,0,0,0,"- ","- ",36.513500213623047,-121.41619873046875,MONTEREY,UNINCORPORATED,-121.69459533691406,36.855564117431641
90703515,2018,2018-04-11,9730,2018-04-06,1530,021888,,5,2,6,2708,0,1,2,,1,050,"US-101 NORTHBOUND","LAUREL DRIVE",250.00,N,N,C,-,Y,,,101,,,,,,N,N,4,0,1,3,A,-,03,22350,,N,C,C,A,B,H,-,A,D,0,,,,,Y,,D,22,0,0,1,0,0,0,0,0,0,"- ","- ",36.698478698730469,-121.66474151611328,MONTEREY,SALINAS,-121.66468811035156,36.698501586914062
90703676,2018,2018-04-11,9735,2018-04-08,0810,020168,,7,1,9,2700,0,3,5,,2,003,"METZ RD","ELM AVE",14256.00,S,N,A,-,N,,,,,,,,,,Y,2,0,1,1,A,-,01,23152,A,M,E,I,A,A,H,-,A,D,0,,,,,Y,Y,D,22,1,0,0,0,0,0,0,0,0,"- ","- ",36.311378479003906,-121.16876220703125,MONTEREY,UNINCORPORATED,-121.169921875,36.312873840332031
90703720,2018,2018-04-11,9730,2018-04-05,1100,015160,,4,1,9,2700,0,1,3,,2,062,"SR-1 NORTHBOUND","IMJIN PARKWAY",55.00,N,N,A,-,Y,,,1,,,,,,N,N,3,0,1,1,A,-,08,22107,,N,F,A,A,A,H,-,A,D,0,,,Y,,Y,,C,02,0,1,0,0,0,0,0,0,1,"- ","- ",36.669639587402344,-121.81221008300781,MONTEREY,UNINCORPORATED,-121.8126220703125,36.669876098632812
90703917,2018,2018-04-12,9730,2018-04-06,0730,017580,,5,1,6,2708,0,1,2,,1,050,"U.S. 101 N/B","LAUREL DRIVE",70.00,S,N,B,C,Y,,,,,,,,,,Y,4,0,1,2,A,-,03,22350,,N,D,C,A,B,H,-,A,D,0,,,,,Y,,A,07,0,0,1,0,0,0,0,0,0,"- ","- ",36.418571472167969,-121.39858245849609,MONTEREY,SALINAS,-121.66429901123047,36.697620391845703
90704287,2018,2018-04-12,9730,2018-04-06,1745,020931,,5,2,9,2700,0,2,4,,1,073,"SALINAS ROAD","JONATHAN STREET",300.00,N,N,C,-,N,,,,,,,,,,N,4,0,2,3,A,-,03,22350,,N,C,C,A,B,H,-,A,D,0,,,,,Y,,A,01,0,0,2,0,0,0,0,0,0,"- ","- ",36.901348114013672,-121.74819183349609,MONTEREY,UNINCORPORATED,-121.74822235107422,36.901641845703125
90704328,2018,2018-04-12,9730,2018-04-07,1950,021888,,6,2,6,2708,0,1,2,,1,050,"US-101 SOUTHBOUND","BORONDA ROAD",400.00,S,N,A,-,Y,,,101,,,,,,S,Y,4,0,1,2,A,-,03,22350,,N,C,C,A,A,H,-,B,D,0,,,,,Y,,A,01,0,0,1,0,0,0,0,0,0,"- ","- ",36.720390319824219,-121.66046905517578,MONTEREY,SALINAS,-121.66044616699219,36.720382690429688
90704646,2018,2018-04-12,9735,2018-04-07,0655,020168,,6,1,9,2700,0,1,2,,2,042,"US-101 N/B",SR-198,2640.00,N,N,C,-,Y,,,101,,,,,,N,Y,3,0,2,1,A,-,08,22107,,N,F,I,A,B,H,-,A,D,0,,,,,Y,,A,01,0,1,1,0,0,0,0,0,0,"- ","- ",36.142341613769531,-121.03749084472656,MONTEREY,UNINCORPORATED,-121.03731536865234,36.142452239990234
90704938,2018,2018-04-13,9730,2018-04-03,1420,018350,,2,2,9,2700,0,1,2,,1,070,"US-101 S/B","RALPH LANE",600.00,N,N,A,-,Y,,,101,,,,,,S,Y,2,0,3,1,C,-,18,,,N,E,I,A,A,H,-,A,D,0,,,,,Y,,-,"- ",2,1,0,0,0,0,0,0,0,"- ","- ",36.758159637451172,-121.66584777832031,MONTEREY,UNINCORPORATED,-121.665771484375,36.758182525634766
90705207,2018,2018-04-13,9730,2018-04-04,1805,018350,,3,2,9,2700,0,1,3,,1,072,SR-156,"MERIDIAN ROAD",2112.00,W,N,B,-,Y,,,156,,,,,,,Y,3,0,5,2,A,-,08,22107,,N,D,C,A,A,H,-,A,D,0,,,,,Y,,D,22,0,3,2,0,0,0,0,0,0,"- ","- ",36.787521362304688,-121.68170166015625,MONTEREY,UNINCORPORATED,-121.68170166015625,36.787525177001953
90706879,2018,2018-04-17,9730,2018-04-06,1720,021888,,5,2,9,2700,0,3,5,,2,005,"CRAZY HORSE CANYON ROAD","400 CRAZY HORSE CANYON ROAD",20.00,E,N,C,-,N,,,,,,,,,,Y,4,0,1,1,A,-,03,22350,,N,E,I,A,B,H,-,A,D,0,,,,Y,Y,,G,26,0,0,1,0,0,0,0,0,0,"- ","- ",36.796718597412109,-121.61627960205078,MONTEREY,UNINCORPORATED,-121.616119,36.796357
9070712,2019,2020-06-22,2704,2019-11-01,2235,6598,2704,5,5,3,2704,0,0,0,,0,002,"WALNUT AV","WALNUT AV 300",0.00,,Y,A,-,N,,,,,,,,,,Y,3,0,1,1,A,-,01,23152,A,N,E,I,A,A,H,-,C,A,0,,,,,Y,Y,A,07,0,1,0,0,0,0,0,0,0,"- ","- ",,,MONTEREY,GREENFIELD,,
9070716,2019,2020-06-17,2704,2019-11-18,1107,7150,2704,1,5,3,2704,0,0,0,,0,001,"ELM AV","9TH ST",5.00,S,N,A,-,N,,,,,,,,,,N,4,0,1,2,A,-,10,21950,A,N,G,G,A,A,H,-,A,D,0,,Y,,,Y,,A,01,0,0,1,0,0,0,1,0,0,"- ","- ",,,MONTEREY,GREENFIELD,-121.24190521240234,36.317241668701172
90707180,2018,2018-04-17,9730,2018-04-08,1450,020931,,7,2,6,2708,0,1,2,,1,050,"US-101 S/B","MARKET STREET",250.00,N,N,A,-,Y,,,101,,,,,,S,N,4,0,4,3,A,-,03,22350,,N,C,C,A,A,H,-,A,D,0,,,,,Y,,A,01,0,0,4,0,0,0,0,0,0,"- ","- ",36.678718566894531,-121.64201354980469,MONTEREY,SALINAS,-121.64165496826172,36.678787231445312
90707284,2018,2018-04-17,9735,2018-04-09,1120,016696,,1,1,9,2700,0,1,2,,1,041,"US 101 N/B","BROADWAY STREET",1211.00,N,N,A,-,Y,,,,,,,,,,Y,4,0,2,3,A,-,07,21658,A,N,B,C,A,A,H,-,A,D,0,,,,,Y,,A,07,0,0,2,0,0,0,0,0,0,"- ","- ",36.204010009765625,-121.14015197753906,MONTEREY,UNINCORPORATED,-121.13774108886719,36.204509735107422
90707300,2018,2018-04-17,9730,2018-04-09,1810,018350,,1,2,9,2700,0,3,5,,2,005,"PESANTE ROAD","POLLOCK LANE",0.00,,Y,A,-,N,,,,,,,,,,Y,4,0,1,2,A,-,09,21802,A,N,D,C,A,A,H,-,A,A,0,,,,,Y,,D,22,0,0,1,0,0,0,0,0,0,"- ","- ",36.776760101318359,-121.66316223144531,MONTEREY,UNINCORPORATED,-121.66311645507812,36.776710510253906
90707323,2018,2018-04-17,9730,2018-04-10,0855,017785,,2,1,9,2700,0,1,2,,1,030,"US-101 SOUTHBOUND","OLD STAGE ROAD",5280.00,N,N,A,-,Y,,,101,,,,,,S,N,4,0,1,2,A,-,03,22350,,N,C,C,A,A,H,-,A,D,0,,,,,Y,,D,22,0,0,1,0,0,0,0,0,0,"- ","- ",36.532928466796875,-121.47727966308594,MONTEREY,UNINCORPORATED,-121.47724914550781,36.532966613769531
90707487,2018,2018-04-17,9735,2018-04-14,1520,020057,,6,2,9,2700,0,1,3,,1,035,SR-198,"PEACH TREE RD",10560.00,E,N,A,-,Y,,,198,,,,,,,Y,3,0,2,1,A,-,08,22107,,N,F,A,A,A,H,-,A,D,0,,,,,Y,,A,08,0,2,0,0,0,0,0,0,0,"- ","- ",36.199558258056641,-120.79792785644531,MONTEREY,UNINCORPORATED,-120.79792022705078,36.19952392578125
90707590,2018,2018-04-17,9735,2018-04-16,1510,017257,,1,2,9,2700,0,1,2,,2,043,"US 101 NORTBHBOUND","SAN ARDO UNDERCROSSING",10560.00,N,N,F,-,Y,,,,,,,,,,Y,4,0,1,1,A,-,03,22350,,N,F,A,A,C,H,-,A,D,0,,,,,Y,,A,01,0,0,1,0,0,0,0,0,0,"- ","- ",36.067409515380859,-120.98574066162109,MONTEREY,UNINCORPORATED,-120.985781,36.067352
90708319,2018,2018-04-18,9730,2018-04-12,1640,018810,,4,2,9,2700,0,1,3,,1,074,SR-1,"JENSEN ROAD",2640.00,N,N,B,-,Y,,,1,,,,,,,Y,4,0,1,1,C,-,18,,,N,E,I,A,A,H,-,A,D,0,,,,,Y,,-,"- ",0,0,1,0,0,0,0,0,0,"- ","- ",36.861091613769531,-121.77131652832031,MONTEREY,UNINCORPORATED,-121.77108764648438,36.861091613769531
90708360,2018,2018-04-18,9730,2018-04-16,1657,018350,,1,2,6,2708,0,1,2,,1,050,"US-101 N/B","SHERWOOD DRIVE",60.00,N,N,B,-,Y,,,101,,,,,,N,Y,4,0,1,2,A,-,03,22350,,N,D,C,A,A,H,-,A,D,0,,,,,Y,,D,22,0,0,1,0,0,0,0,0,0,"- ","- ",36.68511962890625,-121.64865112304688,MONTEREY,SALINAS,-121.648681640625,36.68505859375
90708918,2018,2018-04-19,9730,2018-04-13,0815,019569,,5,1,9,2700,0,2,4,,1,073,"HALL RD","PINI RD",220.00,W,N,A,-,N,,,,,,,,,,Y,4,0,3,5,A,-,03,22350,,N,C,C,A,A,H,-,A,D,0,,,,,Y,,A,07,0,0,3,0,0,0,0,0,0,"- ","- ",36.864181518554688,-121.71806335449219,MONTEREY,UNINCORPORATED,-121.71749114990234,36.864116668701172
90709055,2018,2018-04-19,9730,2018-04-14,2159,020990,,6,2,9,2700,0,1,2,,1,050,"US-101 NORTHBOUND","JOHN STREET",1700.00,S,N,A,-,Y,,,,,,,,,,Y,2,0,1,1,A,-,01,23152,A,N,E,I,A,A,H,-,C,D,0,,,,,Y,Y,D,22,1,0,0,0,0,0,0,0,0,"- ","- ",36.668609619140625,-121.63379669189453,MONTEREY,UNINCORPORATED,-121.63391876220703,36.668586730957031
90709065,2018,2018-04-19,9730,2018-04-14,1233,019569,,6,1,9,2700,0,1,2,,1,070,"US-101 S/B",SR-156,1584.00,N,N,A,-,Y,,,101,,,,,,S,Y,4,0,1,3,A,-,03,22350,,N,C,C,A,A,H,-,A,D,0,,,,,Y,,A,01,0,0,1,0,0,0,0,0,0,"- ","- ",36.794391632080078,-121.66670989990234,MONTEREY,UNINCORPORATED,-121.66666412353516,36.794380187988281
90709091,2018,2018-04-19,9730,2018-04-14,1340,020208,,6,1,9,2700,0,1,3,,2,062,"SR-1 S/B","TIOGA AVENUE",200.00,N,N,A,-,Y,,,,,,,,,,Y,3,0,1,2,A,-,03,22350,,N,C,C,A,A,H,-,A,D,0,,,,,Y,,A,01,0,1,0,0,0,0,0,0,0,"- ","- ",36.6185302734375,-121.84884643554688,MONTEREY,UNINCORPORATED,-121.84852600097656,36.618301391601562
90709113,2018,2018-04-19,9735,2018-04-12,0842,017681,,4,1,9,2700,0,1,2,,1,041,"US-101 SOUTHBOUND","HOBSON AVE",11.00,S,N,A,-,Y,,,101,,,,,,S,Y,3,0,1,2,A,-,09,21804,A,N,D,C,A,A,H,-,A,A,0,,,,,Y,,A,01,0,1,0,0,0,0,0,0,0,"- ","- ",36.276058197021484,-121.18549346923828,MONTEREY,UNINCORPORATED,-121.18556213378906,36.276016235351562
90709176,2018,2018-04-19,9730,2018-04-15,1440,020931,,7,2,9,2700,0,1,3,,1,074,SR-1,"SPRINGFIELD ROAD",1056.00,N,N,A,-,Y,,,1,,,,,,,Y,3,0,1,1,A,-,03,22350,,N,F,A,A,A,H,-,A,D,0,,,Y,,Y,,C,02,0,1,0,0,0,0,0,0,1,"- ","- ",36.842121124267578,-121.77120971679688,MONTEREY,UNINCORPORATED,-121.77108001708984,36.842121124267578
90709223,2018,2018-04-19,9730,2018-04-14,2130,021707,,6,2,9,2700,0,2,4,,1,073,"PORTER DRIVE","SALINAS RD",220.00,N,N,A,-,N,,,,,,,,,,Y,4,0,2,2,A,-,03,22350,,N,C,C,A,A,H,-,C,D,0,,,,,Y,,A,01,0,0,2,0,0,0,0,0,0,"- ","- ",36.903110504150391,-121.74904632568359,MONTEREY,UNINCORPORATED,-121.74892425537109,36.902996063232422
90710090,2018,2018-04-20,9735,2018-04-14,2055,020894,,6,2,3,2704,0,1,2,,1,040,"US-101 NORTHBOUND","OAK AVE",185.00,N,N,A,-,Y,,,101,,,,,,N,Y,2,0,4,3,A,-,01,23152,A,N,A,C,A,A,H,-,D,D,0,,,,,Y,Y,A,01,1,3,0,0,0,0,0,0,0,"- ","- ",36.324031829833984,-121.23827362060547,MONTEREY,GREENFIELD,-121.23828125,36.324020385742188
90710501,2018,2018-04-23,9730,2018-04-14,2015,020208,,6,2,9,2700,0,1,3,,1,022,SR-1,"AURORA DEL MAR",3274.00,S,N,A,-,Y,,,1,,,,,,,Y,4,0,2,2,A,-,09,21801,A,N,B,C,A,A,H,-,B,D,0,,,,,Y,,A,01,0,0,2,0,0,0,0,0,0,"- ","- ",36.471450805664062,-121.93463897705078,MONTEREY,UNINCORPORATED,-121.93463897705078,36.471450805664062
90710506,2018,2018-04-23,9730,2018-04-15,1510,021396,,7,2,9,2700,0,3,5,,2,003,"RIVER ROAD","PARKER ROAD",4224.00,S,N,A,-,N,,,,,,,,,,Y,3,0,1,2,A,-,08,22107,,N,C,E,A,A,H,-,A,D,0,,,,,Y,,A,01,0,1,0,0,0,0,0,0,0,"- ","- ",36.580890655517578,-121.59461212158203,MONTEREY,UNINCORPORATED,-121.59434509277344,36.580684661865234
90710524,2018,2018-04-23,9730,2018-04-15,2304,021320,,7,3,9,2700,0,3,5,,2,003,"CHUALAR RIVER ROAD","FOLETTA ROAD",1056.00,N,N,B,-,N,,,,,,,,,,N,3,0,1,1,A,-,03,22350,,N,E,I,A,B,H,-,D,D,0,,,,,Y,,A,01,0,1,0,0,0,0,0,0,0,"- ","- ",36.568649291992188,-121.51911163330078,MONTEREY,UNINCORPORATED,-121.51879119873047,36.567989349365234
90711887,2018,2018-04-24,9730,2018-04-16,0025,021320,,1,3,9,2700,0,3,5,,2,006,"BLACKIE ROAD","PRUNEDALE SOUTH ROAD",380.00,W,N,B,-,N,,,,,,,,,,Y,3,0,1,1,A,-,01,23152,F,N,F,A,A,B,H,-,C,D,0,,,,,Y,,A,01,0,1,0,0,0,0,0,0,0,"- ","- ",36.775279998779297,-121.67307281494141,MONTEREY,UNINCORPORATED,-121.67293548583984,36.775245666503906
90711916,2018,2018-04-24,9730,2018-04-16,1650,021888,,1,2,9,2700,0,2,4,,1,073,"HALL ROAD","104 HALL ROAD",15.00,E,N,A,-,N,,,,,,,,,,Y,4,0,2,2,A,-,09,21804,A,N,D,C,A,A,H,-,A,D,0,,,,,Y,,A,01,0,0,2,0,0,0,0,0,0,"- ","- ",36.866100311279297,-121.73880767822266,MONTEREY,UNINCORPORATED,-121.739321,36.866123999999999
90711955,2018,2018-04-24,9730,2018-04-16,0625,017785,,1,1,9,2700,0,3,5,,2,004,"OLD STAGE ROAD","CHUALAR CANYON ROAD",85.00,N,N,B,-,N,,,,,,,,,,Y,4,0,1,3,A,-,03,22350,,N,E,I,A,B,H,-,A,D,0,,,,,Y,,A,01,0,0,1,0,0,0,0,0,0,"- ","- ",36.576648712158203,-121.49427795410156,MONTEREY,UNINCORPORATED,-121.49430084228516,36.576683044433594
90711962,2018,2018-04-24,9730,2018-04-16,1930,021396,,1,2,9,2700,0,1,2,,1,030,"N/B US-101","CORRECTIONAL TRAINING FACILITY",5280.00,N,N,C,-,Y,,,101,,,,,,,Y,4,0,1,1,A,-,08,22107,,N,F,A,A,B,H,-,D,D,0,,,,Y,Y,,G,25,0,0,1,0,0,0,0,0,0,"- ","- ",36.473968505859375,-121.40218353271484,MONTEREY,UNINCORPORATED,-121.4022216796875,36.473899841308594
90712158,2018,2018-04-24,9730,2018-04-16,1115,018543,,1,1,9,2700,0,1,3,,1,022,SR-1,"RIO ROAD",620.00,S,N,C,-,Y,,,1,,,,,,,N,3,0,2,3,A,-,03,22350,,N,C,C,A,B,D,-,A,D,0,,,,,Y,,A,07,0,2,0,0,0,0,0,0,0,"- ","- ",36.537799835205078,-121.91134643554688,MONTEREY,UNINCORPORATED,-121.91136169433594,36.537803649902344
90712166,2018,2018-04-24,9730,2018-04-16,0630,020391,,1,1,9,2700,0,1,2,,1,070,"US-101 NORTHBOUND","DUNBARTON RD",1000.00,S,N,B,-,Y,,,101,,,,,,N,Y,3,0,1,2,A,-,03,22350,,N,C,C,A,B,H,-,B,D,0,,,,,Y,,A,01,0,1,0,0,0,0,0,0,0,"- ","- ",36.84259033203125,-121.63339996337891,MONTEREY,UNINCORPORATED,-121.63336181640625,36.842609405517578
90712187,2018,2018-04-24,9730,2018-04-17,2330,020677,,2,3,9,2700,0,1,3,,1,068,SR-68,"PASADERA DRIVE",0.00,,Y,A,-,Y,,,68,,,,,,,Y,4,0,1,1,A,-,08,22107,,N,E,I,A,A,H,-,C,A,0,,,,,Y,,A,01,0,0,1,0,0,0,0,0,0,"- ","- ",36.568088531494141,-121.77861022949219,MONTEREY,UNINCORPORATED,-121.778564453125,36.567623138427734
90712327,2018,2018-04-24,9730,2018-04-18,0826,016666,,3,1,9,2700,0,1,3,,1,024,"SR-68 W/B","SR-1 S/B",0.00,,Y,A,-,Y,,,68,,,,,,W,Y,4,0,1,2,A,-,09,21803,A,N,D,C,A,A,H,-,A,A,0,,,,,Y,,D,22,0,0,1,0,0,0,0,0,0,"- ","- ",36.5755615234375,-121.91290283203125,MONTEREY,UNINCORPORATED,-121.91304016113281,36.575431823730469
9071255,2020,2020-11-12,2706,2020-02-14,1452,851,,5,5,4,2706,0,0,0,,0,003,"RT 68","OLMSTED RD",670.00,E,N,A,-,Y,MON,5,68,-,-,5.700,H,-,W,Y,3,0,1,4,A,-,03,22350,,N,C,C,A,A,H,-,A,D,0,,,,,Y,,A,07,0,1,0,0,0,0,0,0,0,"- ","- ",,,MONTEREY,MONTEREY,-121.84749603271484,36.583591461181641
90712601,2018,2018-04-25,9730,2018-04-19,0649,015160,,4,1,9,2700,0,1,3,,1,066,"MERRITT STREET (SR-183)","SR-156 EASTBOUND ON RAMP",0.00,,Y,A,-,Y,,,183,,,,,,,Y,3,0,1,2,A,-,17,21451,A,N,D,C,A,A,H,-,A,A,0,,,,,Y,,D,22,0,1,0,0,0,0,0,0,0,"- ","- ",36.761398315429688,-121.75155639648438,MONTEREY,UNINCORPORATED,-121.75178527832031,36.761112213134766
90712615,2018,2018-04-25,9730,2018-04-17,0755,018543,,2,1,9,2700,0,2,4,,2,063,"BLANCO ROAD","ARMSTRONG ROAD",2112.00,W,N,A,-,N,,,,,,,,,,Y,2,0,1,2,A,-,03,22350,,N,C,C,A,A,H,-,A,D,0,,,,,Y,,A,01,1,0,0,0,0,0,0,0,0,"- ","- ",36.678611755371094,-121.71439361572266,MONTEREY,UNINCORPORATED,-121.71512603759766,36.6787109375
90712616,2018,2018-04-25,9735,2018-04-23,1724,020335,,1,2,9,2700,0,3,5,,2,002,"NACIMIENTO LAKE DR","JOLON RD",16896.00,S,N,A,-,N,,,,,,,,,,Y,4,0,1,1,A,-,08,22107,,N,E,J,A,A,H,-,A,D,0,,,,,Y,,A,01,0,0,1,0,0,0,0,0,0,"- ","- ",35.830680847167969,-120.84513092041016,MONTEREY,UNINCORPORATED,-120.84489440917969,35.828765869140625
90712692,2018,2018-04-25,9730,2018-04-19,1525,019529,,4,2,9,2700,0,2,4,,2,063,"BLANCO ROAD","ARMSTRONG ROAD",600.00,E,N,A,-,N,,,,,,,,,,Y,4,0,1,2,A,-,03,22350,,N,C,C,A,A,H,-,A,D,0,,,,,Y,,A,01,0,0,1,0,0,0,0,0,0,"- ","- ",36.677791595458984,-121.70448303222656,MONTEREY,UNINCORPORATED,-121.70590209960938,36.678424835205078
90712740,2018,2018-04-25,9730,2018-04-21,0200,020933,,6,3,9,2700,0,3,5,,2,002,"RIO VISTA DR","PUNTA VISTA",120.00,W,N,A,-,N,,,,,,,,,,Y,3,0,1,1,A,-,01,23152,A,M,E,I,A,A,H,-,D,D,0,,,,,Y,Y,D,22,0,1,0,0,0,0,0,0,0,"- ","- ",36.545078277587891,-121.90168762207031,MONTEREY,UNINCORPORATED,-121.90218353271484,36.545604705810547
90712774,2018,2018-04-25,9730,2018-04-23,0910,017785,,1,1,9,2700,0,1,3,,1,068,SR-68,"LAURELES GRADE",80.00,E,N,A,-,Y,,,68,,,,,,,Y,4,0,1,2,A,-,03,22350,,N,C,C,A,A,H,-,A,A,0,,,,,Y,,D,22,0,0,1,0,0,0,0,0,0,"- ","- ",36.569709777832031,-121.75504302978516,MONTEREY,UNINCORPORATED,-121.75505065917969,36.569606781005859
90712830,2018,2018-04-25,9730,2018-04-20,1628,021707,,5,2,9,2700,0,2,4,,1,073,"SALINAS ROAD","TRAFTON ROAD",0.00,,Y,A,-,N,,,,,,,,,,N,4,0,1,2,A,-,09,21802,A,N,D,C,A,A,H,-,A,D,0,,,,,Y,,D,22,0,0,1,0,0,0,0,0,0,"- ","- ",36.886669158935547,-121.74739074707031,MONTEREY,UNINCORPORATED,-121.74710845947266,36.886791229248047
90713707,2018,2018-04-26,9730,2018-04-24,1447,020208,,2,2,9,2700,0,1,2,,1,050,"US-101 S/B","GOULD ROAD",7392.00,N,N,A,-,Y,,,101,,,,,,S,N,4,0,1,2,A,-,03,22350,,N,C,C,A,A,G,-,A,D,0,,,,,Y,,A,01,0,0,1,0,0,0,0,0,0,"- ","- ",36.641269683837891,-121.60624694824219,MONTEREY,UNINCORPORATED,-121.60624694824219,36.641277313232422
90715285,2018,2018-04-27,9730,2018-04-18,0419,019239,,3,3,9,2700,0,1,2,,1,050,"US-101 NB","AIRPORT BLVD O.C.",8976.00,S,N,A,-,Y,,,101,,,,,,N,N,4,0,1,1,A,-,08,22107,,N,E,I,A,A,H,-,D,D,0,,,,Y,Y,,G,25,0,0,1,0,0,0,0,0,0,"- ","- ",36.640590667724609,-121.60488128662109,MONTEREY,UNINCORPORATED,-121.60490417480469,36.640556335449219
90716201,2018,2018-04-30,9730,2018-04-22,1630,020208,,7,2,9,2700,0,1,3,,1,072,SR-156,"MOTE DEL LAGO",85.00,W,N,A,-,Y,,,156,,,,,,,Y,4,0,1,2,A,-,03,22350,,N,C,C,A,A,H,-,A,D,0,,,,,Y,,A,01,0,0,1,0,0,0,0,0,0,"- ","- ",36.771171569824219,-121.7340087890625,MONTEREY,UNINCORPORATED,-121.7340087890625,36.771152496337891
90716229,2018,2018-04-30,9730,2018-04-22,1850,020208,,7,2,9,2700,0,1,3,,1,072,SR-156,"CASTROVILLE BLVD",173.00,E,N,A,-,Y,,,156,,,,,,,Y,4,0,4,3,A,-,03,22350,,N,C,A,A,A,H,-,A,D,0,,,,,Y,,A,01,0,0,4,0,0,0,0,0,0,"- ","- ",36.768470764160156,-121.74244689941406,MONTEREY,UNINCORPORATED,-121.74245452880859,36.768486022949219
90716247,2018,2018-04-30,9730,2018-04-23,0810,017785,,1,1,9,2700,0,3,5,,2,006,"DAVIS ROAD","AMBROSE DRIVE",80.00,S,N,A,-,N,,,,,,,,,,Y,3,0,1,3,A,-,03,22350,,N,C,C,A,A,H,-,A,D,0,,,,,Y,,A,01,0,1,0,0,0,0,0,0,0,"- ","- ",36.668880462646484,-121.68344879150391,MONTEREY,UNINCORPORATED,-121.68315887451172,36.6690673828125
90716349,2018,2018-04-30,9730,2018-04-22,1623,020899,,7,2,6,2708,0,3,5,,2,006,"DAVIS ROAD","CENTRAL AVENUE",1056.00,N,N,A,-,N,,,,,,,,,,Y,4,0,1,1,A,-,03,22350,,N,E,I,A,A,H,-,A,D,0,,,,,Y,,A,01,0,0,1,0,0,0,0,0,0,"- ","- ",36.67919921875,-121.67459869384766,MONTEREY,SALINAS,-121.67503356933594,36.678752899169922
90716367,2018,2018-04-30,9730,2018-04-22,2040,021707,,7,2,9,2700,0,3,5,,2,005,"RUSSELL ROAD","HARRISON ROAD",60.00,E,N,A,-,N,,,,,,,,,,Y,4,0,1,3,A,-,01,23152,A,M,C,C,A,A,H,-,C,D,0,,,,,Y,Y,A,01,0,0,1,0,0,0,0,0,0,"- ","- ",36.734348297119141,-121.65589904785156,MONTEREY,UNINCORPORATED,-121.65601348876953,36.734382629394531
9071654,2019,2020-05-16,2708,2019-12-31,1816,13133,,2,5,6,2708,0,0,0,,0,006,"POWELL ST","GOUGH WY",100.00,S,N,A,-,N,,,,,,,,,,N,2,0,1,2,A,-,21,22106,,N,A,C,A,A,H,-,C,A,0,,,,,Y,,-,,1,0,0,0,0,0,0,0,0,"- ","- ",,,MONTEREY,SALINAS,-121.66679382324219,36.686801910400391