CASE_ID,ACCIDENT_YEAR,PROC_DATE,JURIS,COLLISION_DATE,COLLISION_TIME,OFFICER_ID,REPORTING_DISTRICT,DAY_OF_WEEK,CHP_SHIFT,POPULATION,CNTY_CITY_LOC,SPECIAL_COND,BEAT_TYPE,CHP_BEAT_TYPE,CITY_DIVISION_LAPD,CHP_BEAT_CLASS,BEAT_NUMBER,PRIMARY_RD,SECONDARY_RD,DISTANCE,DIRECTION,INTERSECTION,WEATHER_1,WEATHER_2,STATE_HWY_IND,CALTRANS_COUNTY,CALTRANS_DISTRICT,STATE_ROUTE,ROUTE_SUFFIX,POSTMILE_PREFIX,POSTMILE,LOCATION_TYPE,RAMP_INTERSECTION,SIDE_OF_HWY,TOW_AWAY,COLLISION_SEVERITY,NUMBER_KILLED,NUMBER_INJURED,PARTY_COUNT,PRIMARY_COLL_FACTOR,PCF_CODE_OF_VIOL,PCF_VIOL_CATEGORY,PCF_VIOLATION,PCF_VIOL_SUBSECTION,HIT_AND_RUN,TYPE_OF_COLLISION,MVIW,PED_ACTION,ROAD_SURFACE,ROAD_COND_1,ROAD_COND_2,LIGHTING,CONTROL_DEVICE,CHP_ROAD_TYPE,PEDESTRIAN_ACCIDENT,BICYCLE_ACCIDENT,MOTORCYCLE_ACCIDENT,TRUCK_ACCIDENT,NOT_PRIVATE_PROPERTY,ALCOHOL_INVOLVED,STWD_VEHTYPE_AT_FAULT,CHP_VEHTYPE_AT_FAULT,COUNT_SEVERE_INJ,COUNT_VISIBLE_INJ,COUNT_COMPLAINT_PAIN,COUNT_PED_KILLED,COUNT_PED_INJURED,COUNT_BICYCLIST_KILLED,COUNT_BICYCLIST_INJURED,COUNT_MC_KILLED,COUNT_MC_INJURED,PRIMARY_RAMP,SECONDARY_RAMP,LATITUDE,LONGITUDE,COUNTY,CITY,POINT_X,POINT_Y
90743444,2018,2018-06-07,9735,2018-05-28,1210,020417,,1,1,9,2700,0,1,3,,1,034,"SR-198 W/B","FREEMAN FLAT RD",241.00,W,N,B,-,Y,,,198,,,,,,W,Y,3,0,1,1,A,-,08,22107,,N,E,I,A,A,H,-,A,D,0,,,Y,,Y,,C,02,0,1,0,0,0,0,0,0,1,"- ","- ",36.140201568603516,-121.01132202148438,MONTEREY,UNINCORPORATED,-121.01132965087891,36.140201568603516
90743693,2018,2018-06-07,9735,2018-06-03,1410,020302,,7,2,9,2700,0,1,2,,2,044,"US-101 S/B","JOLON RD",7920.00,N,N,A,-,Y,,,101,,,,,,S,Y,4,0,1,2,A,-,07,21658,A,N,B,C,A,A,H,-,A,D,0,,,,,Y,,A,07,0,0,1,0,0,0,0,0,0,"- ","- ",35.895378112792969,-120.84191131591797,MONTEREY,UNINCORPORATED,-120.84182739257812,35.895378112792969
90743756,2018,2018-06-07,9735,2018-06-03,1045,016696,,7,1,9,2700,0,1,2,,1,040,"US 101 SB","ESPINOSA ROAD O/C",1056.00,S,N,A,-,Y,,,,,,,,,,Y,4,0,1,1,A,-,08,22107,,N,E,I,A,A,H,-,A,D,0,,,,,Y,,A,07,0,0,1,0,0,0,0,0,0,"- ","- ",36.310520172119141,-121.23203277587891,MONTEREY,UNINCORPORATED,-121.65741729736328,36.731849670410156
90743936,2018,2018-06-08,9730,2018-05-30,1600,022039,,3,2,9,2700,0,1,3,,1,066,"SR-183 (MERRITT STREET)","SPEEGLE STREET",250.00,S,N,A,-,Y,,,183,,,,,,,N,4,0,2,2,A,-,03,22350,,N,C,C,A,A,H,-,A,D,0,,,,,Y,,A,01,0,0,2,0,0,0,0,0,0,"- ","- ",36.766990661621094,-121.75975799560547,MONTEREY,UNINCORPORATED,-121.759765625,36.766986846923828
9074417,2020,2020-11-07,2712,2020-05-01,0757,1214,2712,5,5,3,2712,0,0,0,,0,001,"BEACH RD","BEACH RD 150",0.00,,N,A,-,N,,,,,,,,,,N,4,0,1,2,A,-,21,22106,,N,G,B,F,A,H,-,A,A,0,Y,,,,Y,,A,01,0,0,1,0,1,0,0,0,0,"- ","- ",,,MONTEREY,MARINA,-121.799542,36.694642999999999
90744450,2018,2018-06-08,9735,2018-06-01,1220,020168,,5,1,9,2700,0,1,3,,1,034,"SR-198 E/B","CATTLEMEN RD",0.00,,Y,A,-,Y,,,198,,,,,,E,Y,4,0,1,1,A,-,03,22350,,N,E,I,A,A,H,-,A,D,0,,,,,Y,,A,07,0,0,1,0,0,0,0,0,0,"- ","- ",36.126300811767578,-121.01583862304688,MONTEREY,UNINCORPORATED,-121.01587677001953,36.126331329345703
90744928,2018,2018-06-11,9730,2018-06-01,1715,022061,,5,2,9,2700,0,1,3,,1,066,"N/B SR-183","WASHINGTON STREET",0.00,,Y,A,-,Y,,,183,,,,,,,N,4,0,1,2,A,-,09,21802,A,N,D,C,A,A,H,-,A,A,0,,,,,Y,,A,01,0,0,1,0,0,0,0,0,0,"- ","- ",36.769371032714844,-121.76290893554688,MONTEREY,UNINCORPORATED,-121.76292419433594,36.76934814453125
90745168,2018,2018-06-11,9730,2018-06-01,0855,021794,,5,1,9,2700,0,1,3,,1,022,"S/B SR-1",SR-68,528.00,S,N,A,-,Y,,,1,,,,,,,Y,3,0,1,2,A,-,07,21658,A,N,B,C,A,A,H,-,A,D,0,,,Y,,Y,,A,01,0,1,0,0,0,0,0,0,1,"- ","- ",36.572689056396484,-121.91307830810547,MONTEREY,UNINCORPORATED,-121.91311645507812,36.572689056396484
90745260,2018,2018-06-11,9730,2018-06-02,1225,021120,,6,1,9,2700,0,1,2,,1,050,"SANBORN RD TO US-101 SB","SANBORN RD.",720.00,S,N,A,-,Y,,,,,,,,,,N,4,0,1,2,A,-,03,22350,,F,C,C,A,A,H,-,A,D,0,,,,,Y,,-,99,0,0,1,0,0,0,0,0,0,"- ","- ",36.665119171142578,-121.62612915039062,MONTEREY,UNINCORPORATED,-121.63584136962891,36.657249450683594
90745309,2018,2018-06-11,9730,2018-06-03,1707,022061,,7,2,6,2708,0,1,2,,1,050,"US-101 N/B TO BORONDA ROAD","BORONDA ROAD",1056.00,S,N,A,-,Y,,,101,,,,R,,N,Y,4,0,1,1,A,-,01,23152,A,N,F,A,A,A,H,-,A,D,0,,,,,Y,Y,A,07,0,0,1,0,0,0,0,0,0,"- ","- ",36.718639373779297,-121.66091156005859,MONTEREY,SALINAS,-121.66091156005859,36.718639373779297
90745722,2018,2018-06-11,9730,2018-06-03,2002,020899,,7,2,9,2700,0,1,2,,1,030,"NORTHBOUND US-101","ESPERANZA ROAD",2218.00,S,N,A,-,Y,,,101,,,,,,,Y,4,0,1,2,A,-,03,22350,,N,C,C,A,A,H,-,B,D,0,,,,,Y,,A,01,0,0,1,0,0,0,0,0,0,"- ","- ",36.592281341552734,-121.54203033447266,MONTEREY,UNINCORPORATED,-121.54199981689453,36.592311859130859
90746016,2018,2018-06-12,9730,2018-05-31,1640,022039,,4,2,9,2700,0,3,5,,2,007,"ELKHORN ROAD","CAMPAGNA WAY",1584.00,N,N,A,-,N,,,,,,,,,,Y,2,0,1,2,A,-,09,21801,A,N,D,C,A,A,H,-,A,D,0,,,Y,,Y,,D,22,1,0,0,0,0,0,0,0,1,"- ","- ",36.839618682861328,-121.73461151123047,MONTEREY,UNINCORPORATED,-121.73438262939453,36.839408874511719
90746034,2018,2018-06-12,9730,2018-06-02,1716,020899,,6,2,9,2700,0,1,2,,1,070,"NORTHBOUND US-101","SALA ROAD",8.00,S,N,A,-,Y,,,101,,,,,,,Y,3,0,2,2,A,-,07,21658,A,N,B,C,A,A,H,-,A,D,0,,,,,Y,,A,07,0,2,0,0,0,0,0,0,0,"- ","- ",36.74359130859375,-121.66013336181641,MONTEREY,UNINCORPORATED,-121.66036224365234,36.743503570556641
90746081,2018,2018-06-12,9730,2018-06-02,1434,020899,,6,2,9,2700,0,1,2,,1,070,"NORTHBOUND US-101","SALA ROAD",476.00,N,N,A,-,Y,,,101,,,,,,,Y,2,0,2,1,C,-,18,,,N,H,J,A,A,H,-,A,D,0,,,Y,,Y,,-,"- ",1,1,0,0,0,0,0,0,2,"- ","- ",36.745040893554688,-121.66074371337891,MONTEREY,UNINCORPORATED,-121.66091918945312,36.744972229003906
90746088,2018,2018-06-12,9730,2018-06-02,0840,016537,,6,1,9,2700,0,1,2,,1,050,"US-101 N/B","SPENCE RD.",0.00,,Y,A,-,Y,,,101,,,,,,N,Y,2,0,3,4,A,-,09,21802,A,N,D,C,A,A,H,-,A,D,0,,,,,Y,,D,22,2,0,1,0,0,0,0,0,0,"- ","- ",36.612808227539062,-121.56697845458984,MONTEREY,UNINCORPORATED,-121.56696319580078,36.612838745117188
90746111,2018,2018-06-12,9730,2018-06-03,1424,020899,,7,2,9,2700,0,1,3,,1,072,SR-156,"VALLEY ROAD",154.00,E,N,A,-,Y,,,156,,,,,,,Y,3,0,3,3,A,-,03,22350,,N,C,C,A,A,H,-,A,D,0,,,,Y,Y,,A,07,0,2,1,0,0,0,0,0,0,"- ","- ",36.78253173828125,-121.69461059570312,MONTEREY,UNINCORPORATED,-121.69459533691406,36.782485961914062
90746624,2018,2018-06-12,9730,2018-06-06,0835,017785,,3,1,9,2700,0,1,2,,1,030,"US-101 NORTHBOUND","OLD STAGE ROAD",3696.00,N,N,B,-,Y,,,101,,,,,,N,Y,4,0,1,2,A,-,03,22350,,N,C,C,A,A,H,-,A,D,0,,,,,Y,,A,01,0,0,1,0,0,0,0,0,0,"- ","- ",36.529491424560547,-121.47276306152344,MONTEREY,UNINCORPORATED,-121.47272491455078,36.529533386230469
90746832,2018,2018-06-12,9735,2018-06-10,1324,020057,,7,1,9,2700,0,3,5,,2,001,"ELMV AVE.","ARROYO SECO RD.",2112.00,E,N,A,-,N,,,,,,,,,,Y,3,0,1,2,A,-,21,22106,,N,D,C,A,A,H,-,A,D,0,,,Y,,Y,,A,01,0,1,0,0,0,0,0,0,1,"- ","- ",36.279499053955078,-121.32015228271484,MONTEREY,UNINCORPORATED,-121.32015228271484,36.279499053955078
90746855,2018,2018-06-12,9730,2018-05-31,1930,022039,,4,2,9,2700,0,3,5,,2,002,"SAN BENANCIO ROAD","PASEO DE VAQUEROS",0.00,,Y,A,-,N,,,,,,,,,,Y,3,0,1,2,A,-,09,21802,A,N,D,C,A,A,H,-,A,A,0,,,,,Y,,A,01,0,1,0,0,0,0,0,0,0,"- ","- ",36.571620941162109,-121.71022796630859,MONTEREY,UNINCORPORATED,-121.71952819824219,36.578411102294922
90747111,2018,2018-06-13,9735,2018-06-05,1235,019800,,2,1,9,2700,0,1,3,,1,034,SR-198,"PEACH TREE RD",11088.00,E,N,A,-,Y,,,198,,,,,,,N,2,0,1,1,A,-,08,22107,,N,F,A,A,A,H,-,A,D,0,,,Y,,Y,,C,02,1,0,0,0,0,0,0,0,1,"- ","- ",36.187671661376953,-120.81967926025391,MONTEREY,UNINCORPORATED,-120.81967163085938,36.187625885009766
90747132,2018,2018-06-13,9730,2018-06-05,2030,020578,,2,2,9,2700,0,2,4,,1,073,"SAN MIGUEL CANYON ROAD","CASTROVILLE BLVD.",1056.00,W,N,A,-,N,,,,,,,,,,Y,3,0,2,4,A,-,03,22350,,N,C,C,A,A,H,-,D,D,0,,,,,Y,,A,01,0,2,0,0,0,0,0,0,0,"- ","- ",36.811080932617188,-121.67353057861328,MONTEREY,UNINCORPORATED,-121.67354583740234,36.810935974121094
90747146,2018,2018-06-13,9730,2018-06-05,2150,020598,,2,2,6,2708,0,1,2,,1,030,"US-101 S/B","POTTER ROAD",10.00,S,N,A,G,Y,,,,,,,,,,Y,4,0,1,1,A,-,03,22350,,N,F,J,A,A,H,-,D,D,0,,,Y,,Y,,C,02,0,0,1,0,0,0,0,0,1,"- ","- ",36.605438232421875,-121.55715942382812,MONTEREY,SALINAS,-121.55718231201172,36.605430603027344
90747175,2018,2018-06-13,9730,2018-06-06,0200,020578,,3,3,9,2700,0,1,2,,1,070,"US-101 S/B","CRAZY HORSE CYN. OVER-CROSS",1584.00,N,N,B,-,Y,,,101,,,,,,S,Y,3,0,1,1,A,-,01,23152,A,N,E,I,A,A,H,-,D,D,0,,,,,Y,Y,D,22,0,1,0,0,0,0,0,0,0,"- ","- ",36.823230743408203,-121.62973022460938,MONTEREY,UNINCORPORATED,-121.62971496582031,36.823223114013672
90747293,2018,2018-06-13,9730,2018-06-05,2125,021707,,2,2,9,2700,0,1,3,,1,014,SR-1,"GRANGE ROAD",792.00,S,N,A,-,Y,,,1,,,,,,,Y,2,0,1,2,A,-,01,23152,A,M,A,C,A,A,H,-,D,D,0,,,,,Y,Y,A,07,1,0,0,0,0,0,0,0,0,"- ","- ",36.264308929443359,-121.79557800292969,MONTEREY,UNINCORPORATED,-121.79560089111328,36.264236450195312
90747372,2018,2018-06-13,9735,2018-06-05,1720,019800,,2,2,9,2700,0,1,2,,1,040,"US-101 S/B TO OAK AVE.","OAK AVE",430.00,N,N,A,-,Y,,,,,,,,,,Y,3,0,1,2,A,-,03,22350,,N,C,C,A,A,H,-,A,A,0,,,,,Y,,A,01,0,1,0,0,0,0,0,0,0,"- ","- ",36.325080871582031,-121.23973083496094,MONTEREY,UNINCORPORATED,-121.23909759521484,36.324676513671875
90747525,2018,2018-06-13,9735,2018-06-08,0529,019700,,5,3,9,2700,0,3,5,,2,004,"CATTLEMEN ROAD",US-101,131.00,E,N,A,-,N,,,,,,,,,,Y,4,0,2,2,A,-,09,21802,A,N,D,C,A,A,H,-,A,D,0,,,,,Y,,A,07,0,0,2,0,0,0,0,0,0,"- ","- ",36.013198852539062,-120.92163848876953,MONTEREY,UNINCORPORATED,-120.92117309570312,36.013298034667969
90747597,2018,2018-06-13,9730,2018-04-25,1636,021856,,3,2,9,2700,0,1,3,,1,068,SR-68,"CORRAL DE TIERRA RD",1056.00,E,N,A,-,Y,,,68,,,,,,,N,4,0,1,3,A,-,03,22350,,N,C,C,A,A,H,-,A,D,0,,,,,Y,,A,08,0,0,1,0,0,0,0,0,0,"- ","- ",36.578788757324219,-121.72390747070312,MONTEREY,UNINCORPORATED,-121.72391510009766,36.578865051269531
90747603,2018,2018-06-13,9735,2018-06-08,1527,019330,,5,2,9,2700,0,1,2,,1,041,"CENTRAL AVE",US-101,2.00,E,N,A,-,Y,,,,,,,,,,Y,2,0,5,2,A,-,08,22107,,N,D,C,A,A,H,-,A,D,0,,,,,Y,,D,22,1,4,0,0,0,0,0,0,0,"- ","- ",36.141689300537109,-121.10285949707031,MONTEREY,UNINCORPORATED,-121.17449951171875,36.233798980712891
90747768,2018,2018-06-13,9730,2018-06-05,1628,022061,,2,2,9,2700,0,2,4,,1,075,"SAN JUAN ROAD","AROMAS ROAD",100.00,E,N,A,-,N,,,,,,,,,,Y,2,0,2,2,A,-,03,22350,,N,C,C,A,A,H,-,A,D,0,,,,Y,Y,,A,01,1,1,0,0,0,0,0,0,0,"- ","- ",36.88201904296875,-121.66187286376953,MONTEREY,UNINCORPORATED,-121.66188812255859,36.882568359375
90748009,2018,2018-06-14,9730,2018-06-07,1519,019127,,4,2,9,2700,0,1,2,,1,030,"US-101 S/B","MAIN ST. (CHUALAR)",13200.00,S,N,A,-,Y,,,101,,,,,,S,Y,4,0,1,2,A,-,03,22350,,N,C,C,A,A,H,-,A,D,0,,,,,Y,,A,01,0,0,1,0,0,0,0,0,0,"- ","- ",36.542350769042969,-121.48844909667969,MONTEREY,UNINCORPORATED,-121.48849487304688,36.542293548583984
90748113,2018,2018-06-14,9730,2018-06-07,1113,019569,,4,1,9,2700,0,1,2,,1,070,"US-101 S/B","SAN MIGUEL CANYON RD",1584.00,N,N,A,-,Y,,,101,,,,,,S,Y,3,0,1,3,A,-,03,22350,,N,C,C,A,A,H,-,A,D,0,,,,Y,Y,,A,07,0,1,0,0,0,0,0,0,0,"- ","- ",36.801639556884766,-121.66040802001953,MONTEREY,UNINCORPORATED,-121.66041564941406,36.801647186279297
90748127,2018,2018-06-14,9730,2018-06-05,1115,017580,,2,1,9,2700,0,3,5,,2,005,"VIERRA CANYON ROAD","REAVIS WAY",25.00,E,N,B,-,N,,,,,,,,,,Y,3,0,1,1,A,-,01,23152,A,N,F,A,A,A,H,-,A,D,0,,,,,Y,Y,A,07,0,1,0,0,0,0,0,0,0,"- ","- ",36.798408508300781,-121.64469146728516,MONTEREY,UNINCORPORATED,-121.64461517333984,36.798477172851562
90748252,2018,2018-06-14,9730,2018-06-08,1040,015160,,5,1,9,2700,0,1,3,,1,074,"HILLTOP ROAD","SALINAS ROAD",3.00,S,N,A,-,N,,,,,,,,,,N,4,0,1,2,C,-,18,,,N,A,C,A,A,H,-,A,A,0,,,,,Y,,-,"- ",0,0,1,0,0,0,0,0,0,"- ","- ",36.869781494140625,-121.77130889892578,MONTEREY,UNINCORPORATED,-121.7713623046875,36.869869232177734
90748267,2018,2018-06-14,9730,2018-06-07,0815,016666,,4,1,9,2700,0,1,3,,1,022,"SR-1 S/B","OCEAN AVENUE",2.00,S,N,A,-,Y,,,1,,,,,,S,N,4,0,1,2,A,-,21,22106,,N,B,G,A,A,H,-,A,A,0,,Y,,,Y,,D,22,0,0,1,0,0,0,1,0,0,"- ","- ",36.555648803710938,-121.91100311279297,MONTEREY,UNINCORPORATED,-121.91111755371094,36.555633544921875
90748753,2018,2018-06-15,9730,2018-06-13,2340,021660,,3,3,9,2700,0,2,S,,2,904,"SEELY AVE","CARPENTERIA RD",0.00,,Y,A,-,N,,,,,,,,,,Y,2,0,3,1,A,-,01,23152,A,N,E,I,A,A,H,-,D,D,0,,,,,Y,Y,A,01,1,2,0,0,0,0,0,0,0,"- ","- ",36.879791259765625,-121.64140319824219,MONTEREY,UNINCORPORATED,-121.64131927490234,36.8797607421875
90749026,2018,2018-06-15,9730,2018-06-08,1526,022092,,5,2,9,2700,0,3,5,,2,006,"MONTE ROAD","NASHUA ROAD",4752.00,S,N,A,-,N,,,,,,,,,,Y,4,0,1,1,A,-,08,22107,,N,E,I,A,A,H,-,A,D,0,,,,,Y,,A,01,0,0,1,0,0,0,0,0,0,"- ","- ",36.733829498291016,-121.77969360351562,MONTEREY,UNINCORPORATED,-121.77964019775391,36.733787536621094
90749151,2018,2018-06-15,9730,2018-06-08,1105,021776,,5,1,9,2700,0,3,5,,2,007,"CASTROVILLE BOULEVARD","PARADISE ROAD",0.00,,Y,A,-,N,,,,,,,,,,Y,4,0,1,2,A,-,03,22350,,N,C,C,A,A,H,-,A,D,0,,,,,Y,,A,01,0,0,1,0,0,0,0,0,0,"- ","- ",36.799140930175781,-121.69841766357422,MONTEREY,UNINCORPORATED,-121.69850158691406,36.799171447753906
90749751,2018,2018-06-18,9730,2018-06-02,1119,021794,,6,1,9,2700,0,2,4,,2,063,"BLANCO ROAD","COOPER ROAD",0.00,,N,A,-,N,,,,,,,,,,Y,4,0,1,1,A,-,01,23152,A,N,A,I,A,A,H,-,A,D,0,,,,,Y,Y,A,07,0,0,1,0,0,0,0,0,0,"- ","- ",36.678218841552734,-121.74446868896484,MONTEREY,UNINCORPORATED,-121.73502349853516,36.678699493408203
90749825,2018,2018-06-18,9730,2018-06-09,0105,022047,,6,3,9,2700,0,3,5,,2,006,"BLACKIE RD.","ROLLING MEADOWS LN",1584.00,W,N,A,-,N,,,,,,,,,,Y,3,0,1,1,A,-,01,23152,A,N,F,I,A,A,H,-,D,D,0,,,Y,,Y,Y,C,02,0,1,0,0,0,0,0,0,1,"- ","- ",36.777320861816406,-121.69200134277344,MONTEREY,UNINCORPORATED,-121.69117736816406,36.777183532714844
90749953,2018,2018-07-09,9730,2018-06-08,0148,020701,,5,3,9,2700,0,2,4,,1,073,"HALL ROAD","JOHNSON ROAD",900.00,E,N,A,-,N,,,,,,,,,,Y,3,0,1,1,C,-,18,,,N,H,H,A,A,H,-,D,D,0,,,,,Y,,-,"- ",0,1,0,0,0,0,0,0,0,"- ","- ",36.860530853271484,-121.70407867431641,MONTEREY,UNINCORPORATED,-121.70431518554688,36.860515594482422
90749962,2018,2018-06-18,9730,2018-06-09,2019,020933,,6,2,9,2700,0,3,5,,2,007,"DOLAN ROAD","AVILA RD",0.00,,Y,A,-,N,,,,,,,,,,Y,4,0,1,2,D,-,00,,,N,D,C,A,A,H,-,A,D,0,,,Y,,Y,,-,"- ",0,0,1,0,0,0,0,0,1,"- ","- ",36.79779052734375,-121.74546051025391,MONTEREY,UNINCORPORATED,-121.74549102783203,36.79779052734375
90750017,2018,2018-06-18,9730,2018-06-10,0159,021856,,7,3,9,2700,0,3,5,,2,005,"DAMIAN WAY","ASSISI WAY",1056.00,E,N,A,-,N,,,,,,,,,,Y,2,0,1,1,A,-,01,23152,A,N,E,I,A,A,H,-,C,D,0,,,,,Y,Y,A,01,1,0,0,0,0,0,0,0,0,"- ","- ",36.761768341064453,-121.66143798828125,MONTEREY,UNINCORPORATED,-121.66136932373047,36.761665344238281
90750147,2018,2018-06-18,9730,2018-06-10,2002,020899,,7,2,9,2700,0,3,5,,2,005,"RUSSELL ROAD","HARRISON ROAD",0.00,,Y,A,-,N,,,,,,,,,,Y,4,0,3,3,A,-,12,21453,A,N,D,C,A,A,H,-,B,A,0,,,,,Y,,A,01,0,0,3,0,0,0,0,0,0,"- ","- ",36.734519958496094,-121.65625762939453,MONTEREY,UNINCORPORATED,-121.65621185302734,36.734428405761719
90750208,2018,2018-10-04,9730,2018-06-10,1610,019529,,7,2,9,2700,0,1,3,,1,022,"STATE ROUTE 1","OCEAN AVE.",0.00,,Y,A,-,Y,,,1,,,,,,,Y,3,0,2,1,A,-,08,22107,,N,F,A,A,A,H,-,A,D,0,,,Y,,Y,,C,02,0,1,1,0,0,0,0,0,2,"- ","- ",36.555900573730469,-121.91118621826172,MONTEREY,UNINCORPORATED,-121.91115570068359,36.555904388427734
90750377,2018,2018-06-18,9730,2018-06-11,1747,020933,,1,2,9,2700,0,1,3,,1,068,"SR-68 (SALINAS HIGHWAY)","SAN BENANCIO ROAD",200.00,E,N,A,-,Y,,,68,,,,,,,N,4,0,1,2,A,-,01,23152,A,M,C,C,A,A,H,-,A,A,0,,,,,Y,Y,A,01,0,0,1,0,0,0,0,0,0,"- ","- ",36.580398559570312,-121.71977996826172,MONTEREY,UNINCORPORATED,-121.71974182128906,36.580333709716797
90750805,2018,2018-06-19,9730,2018-06-11,1100,017785,,1,1,9,2700,0,3,5,,2,003,"ALISAL ROAD","HARTNELL ROAD",6336.00,N,N,A,-,N,,,,,,,,,,Y,2,0,2,2,A,-,01,23152,A,N,D,C,A,A,H,-,A,D,0,,,,Y,Y,Y,A,01,1,1,0,0,0,0,0,0,0,"- ","- ",36.659660339355469,-121.58952331542969,MONTEREY,UNINCORPORATED,-121.58935546875,36.659526824951172
90750911,2018,2018-06-19,9730,2018-06-12,2325,022061,,2,3,9,2700,0,1,2,,1,050,"US-101 NORTHBOUND","FAIRVIEW AVENUE",450.00,S,N,A,-,Y,,,,,,,,,,Y,3,0,3,2,A,-,03,22350,,N,C,C,A,A,H,-,D,D,0,,,,,Y,,A,01,0,3,0,0,0,0,0,0,0,"- ","- ",36.664798736572266,-121.62519836425781,MONTEREY,UNINCORPORATED,,
90751155,2018,2018-06-19,9730,2018-06-14,1815,020621,,4,2,9,2700,0,3,5,,2,007,"MERIDIAN ROAD","DYER ROAD",0.00,,Y,A,-,N,,,,,,,,,,Y,3,0,3,2,A,-,12,22450,A,N,D,C,A,A,H,-,A,A,0,,,,,Y,,A,01,0,2,1,0,0,0,0,0,0,"- ","- ",36.78839111328125,-121.68356323242188,MONTEREY,UNINCORPORATED,-121.68350982666016,36.788318634033203
90751255,2018,2018-06-19,9730,2018-06-15,1515,020621,,5,2,9,2700,0,1,3,,1,068,SR-68,"SAN BENANCIO ROAD",80.00,E,N,A,-,Y,,,68,,,,,,,Y,4,0,1,2,A,-,03,22350,,N,C,C,A,A,H,-,A,A,0,,,,,Y,,A,08,0,0,1,0,0,0,0,0,0,"- ","- ",36.579898834228516,-121.72075653076172,MONTEREY,UNINCORPORATED,-121.72069549560547,36.579792022705078
90751730,2018,2018-06-20,9730,2018-06-14,2038,019127,,4,2,6,2708,0,1,2,,1,050,"US-101 N/B","LAUREL DR.",2112.00,S,N,B,-,Y,,,101,,,,,,N,Y,4,0,1,1,A,-,08,22107,,N,E,I,A,A,H,-,B,D,0,,,,,Y,,A,01,0,0,1,0,0,0,0,0,0,"- ","- ",36.694129943847656,-121.66246795654297,MONTEREY,SALINAS,-121.66240692138672,36.694175720214844
90752076,2018,2018-06-20,9730,2018-06-18,1645,018350,,1,2,9,2700,0,1,3,,1,072,SR-156,"MCGUFFIE ROAD",200.00,W,N,B,-,Y,,,156,,,,,,,Y,4,0,1,2,A,-,03,22350,,N,C,C,A,A,H,-,A,D,0,,,,,Y,,D,22,0,0,1,0,0,0,0,0,0,"- ","- ",36.788639068603516,-121.67475891113281,MONTEREY,UNINCORPORATED,-121.67476654052734,36.788669586181641
90752217,2018,2018-06-20,9730,2018-06-13,1830,022039,,3,2,9,2700,0,3,5,,2,006,"RESERVATION ROAD","DAVIS ROAD",3168.00,W,N,A,-,N,,,,,,,,,,Y,4,0,1,1,A,-,01,23152,A,M,E,I,A,A,H,-,A,D,0,,,,,Y,Y,A,01,0,0,1,0,0,0,0,0,0,"- ","- ",36.645088195800781,-121.71719360351562,MONTEREY,UNINCORPORATED,-121.70767974853516,36.638278961181641
90752711,2018,2018-06-21,9730,2018-06-13,1645,020208,,3,2,9,2700,0,3,5,,2,007,"CRAZY HORSE CANYON ROAD",US-101,0.00,,Y,A,-,N,,,,,,,,,,Y,3,0,2,2,A,-,09,21801,A,N,D,C,A,A,H,-,A,D,0,,,,,Y,,A,01,0,1,1,0,0,0,0,0,0,"- ","- ",36.818660736083984,-121.63327789306641,MONTEREY,UNINCORPORATED,-121.63295745849609,36.818431854248047
90753249,2018,2018-06-21,9730,2018-06-15,1715,019127,,5,2,9,2700,0,1,2,,1,030,"US-101 S/B","GLORIA ROAD",200.00,N,N,A,-,Y,,,101,,,,,,S,Y,4,0,1,3,A,-,03,22350,,M,C,C,A,A,H,-,A,D,0,,,,,Y,,A,07,0,0,1,0,0,0,0,0,0,"- ","- ",36.493610382080078,-121.42759704589844,MONTEREY,UNINCORPORATED,-121.42759704589844,36.493610382080078
90753288,2018,2018-06-21,9735,2018-06-11,1426,017257,,1,2,9,2700,0,1,2,,2,045,"US 101 N/B","ALVARADO RD",4224.00,N,N,A,-,Y,,,,,,,,,,Y,3,0,1,3,A,-,08,22107,,N,A,C,A,A,H,-,A,A,0,,,,,Y,,A,01,0,1,0,0,0,0,0,0,0,"- ","- ",35.958999633789062,-120.88334655761719,MONTEREY,UNINCORPORATED,-120.88237762451172,35.957462310791016
90753359,2018,2018-06-21,9735,2018-06-13,2234,020335,,3,3,9,2700,0,1,2,,2,045,"US-101 @ JOLON","BRADLEY RD",5280.00,N,N,A,-,Y,,,101,,,,,,,Y,4,0,1,1,A,-,08,22107,,N,B,A,A,A,H,-,D,D,0,,,,,Y,,A,07,0,0,1,0,0,0,0,0,0,"- ","- ",35.873508453369141,-120.83531951904297,MONTEREY,UNINCORPORATED,-120.83531188964844,35.873523712158203