CASE_ID,ACCIDENT_YEAR,PROC_DATE,JURIS,COLLISION_DATE,COLLISION_TIME,OFFICER_ID,REPORTING_DISTRICT,DAY_OF_WEEK,CHP_SHIFT,POPULATION,CNTY_CITY_LOC,SPECIAL_COND,BEAT_TYPE,CHP_BEAT_TYPE,CITY_DIVISION_LAPD,CHP_BEAT_CLASS,BEAT_NUMBER,PRIMARY_RD,SECONDARY_RD,DISTANCE,DIRECTION,INTERSECTION,WEATHER_1,WEATHER_2,STATE_HWY_IND,CALTRANS_COUNTY,CALTRANS_DISTRICT,STATE_ROUTE,ROUTE_SUFFIX,POSTMILE_PREFIX,POSTMILE,LOCATION_TYPE,RAMP_INTERSECTION,SIDE_OF_HWY,TOW_AWAY,COLLISION_SEVERITY,NUMBER_KILLED,NUMBER_INJURED,PARTY_COUNT,PRIMARY_COLL_FACTOR,PCF_CODE_OF_VIOL,PCF_VIOL_CATEGORY,PCF_VIOLATION,PCF_VIOL_SUBSECTION,HIT_AND_RUN,TYPE_OF_COLLISION,MVIW,PED_ACTION,ROAD_SURFACE,ROAD_COND_1,ROAD_COND_2,LIGHTING,CONTROL_DEVICE,CHP_ROAD_TYPE,PEDESTRIAN_ACCIDENT,BICYCLE_ACCIDENT,MOTORCYCLE_ACCIDENT,TRUCK_ACCIDENT,NOT_PRIVATE_PROPERTY,ALCOHOL_INVOLVED,STWD_VEHTYPE_AT_FAULT,CHP_VEHTYPE_AT_FAULT,COUNT_SEVERE_INJ,COUNT_VISIBLE_INJ,COUNT_COMPLAINT_PAIN,COUNT_PED_KILLED,COUNT_PED_INJURED,COUNT_BICYCLIST_KILLED,COUNT_BICYCLIST_INJURED,COUNT_MC_KILLED,COUNT_MC_INJURED,PRIMARY_RAMP,SECONDARY_RAMP,LATITUDE,LONGITUDE,COUNTY,CITY,POINT_X,POINT_Y
90765431,2018,2018-07-09,9730,2018-07-03,1159,020208,,2,1,9,2700,0,2,4,,1,023,"CARMEL VALLEY ROAD","UPPER SCARLETT ROAD",330.00,W,N,A,-,N,,,,,,,,,,Y,4,0,1,1,A,-,08,22107,,N,E,I,A,A,H,-,A,D,0,,,,,Y,,A,07,0,0,1,0,0,0,0,0,0,"- ","- ",36.524711608886719,-121.79483795166016,MONTEREY,UNINCORPORATED,-121.79487609863281,36.524696350097656
90765890,2018,2018-07-10,9730,2018-06-30,2100,022047,,6,2,9,2700,0,3,5,,2,003,"CACHAGUA RD.","TASSAJARA RD.",2640.00,W,N,A,-,N,,,,,,,,,,Y,3,0,1,1,A,-,01,23152,A,N,E,I,A,A,H,-,D,D,0,,,,,Y,Y,A,01,0,1,0,0,0,0,0,0,0,"- ","- ",36.402988433837891,-121.56784057617188,MONTEREY,UNINCORPORATED,-121.60126495361328,36.392253875732422
90766007,2018,2018-07-10,9730,2018-07-04,1427,019239,,3,2,9,2700,0,1,3,,1,068,"SR-68 EB","SECA PL",48.00,E,N,A,-,Y,,,68,,,,,,E,Y,3,0,3,2,A,-,08,22107,,N,C,C,A,A,H,-,A,D,0,,,,,Y,,A,01,0,2,1,0,0,0,0,0,0,"- ","- ",36.569431304931641,-121.75417327880859,MONTEREY,UNINCORPORATED,-121.75416564941406,36.569541931152344
90766402,2018,2018-07-10,9730,2018-07-05,1210,021888,,4,1,9,2700,0,1,2,,1,030,"US-101 NORTHBOUND","SPENCE ROAD",0.00,,Y,A,-,Y,,,101,,,,,,N,Y,4,0,5,2,A,-,09,21801,A,N,D,C,A,A,H,-,A,A,0,,,,,Y,,A,01,0,0,5,0,0,0,0,0,0,"- ","- ",36.612880706787109,-121.56703186035156,MONTEREY,UNINCORPORATED,-121.56702423095703,36.612884521484375
90766820,2018,2018-07-11,9730,2018-06-30,2041,020916,,6,2,9,2700,0,3,5,,2,006,"MCFADDEN ROAD",SR-183,0.00,,Y,A,-,N,,,,,,,,,,N,4,0,1,2,A,-,21,22106,,N,C,C,A,A,H,-,D,A,0,,,,,Y,,A,01,0,0,1,0,0,0,0,0,0,"- ","- ",36.696338653564453,-121.70023345947266,MONTEREY,UNINCORPORATED,-121.70015745000001,36.696415039999998
90766867,2018,2018-07-11,9730,2018-05-21,1620,020933,,1,2,9,2700,0,3,5,,2,007,"LEWIS ROAD","VEGA ROAD",2112.00,E,N,A,-,N,,,,,,,,,,Y,1,1,0,1,A,-,01,23152,A,N,E,I,A,A,H,-,A,D,0,,,Y,,Y,Y,C,02,0,0,0,0,0,0,0,1,0,"- ","- ",36.8302001953125,-121.71968078613281,MONTEREY,UNINCORPORATED,-121.71988677978516,36.883052825927734
90767163,2018,2018-07-11,9730,2018-07-04,1510,019315,,3,2,9,2700,0,2,4,,1,073,"SAN MIGUEL CANYON ROAD","CASTROVILLE BLVD",40.00,N,N,A,-,N,,,,,,,,,,N,4,0,1,2,A,-,07,21658,A,F,B,C,A,A,H,-,A,D,0,,,,,Y,,A,07,0,0,1,0,0,0,0,0,0,"- ","- ",36.808570861816406,-121.672119140625,MONTEREY,UNINCORPORATED,-121.67200469970703,36.808479309082031
90767636,2018,2018-07-12,9730,2018-07-06,1130,021776,,5,1,9,2700,0,1,3,,2,062,"SR-1 SOUTHBOUND","TIOGA AVE O/C",1056.00,S,N,A,-,Y,,,,,,,,,,Y,4,0,1,3,A,-,03,22350,,N,C,C,A,A,H,-,A,D,0,,,,,Y,,A,07,0,0,1,0,0,0,0,0,0,"- ","- ",36.615730285644531,-121.85073089599609,MONTEREY,UNINCORPORATED,-121.85097503662109,36.615478515625
90767682,2018,2018-07-12,9730,2018-07-04,1243,019569,,3,1,9,2700,0,3,5,,2,005,"CRAZY HORSE CANYON RD","SAN JUAN GRADE ROAD",3696.00,W,N,A,-,N,,,,,,,,,,Y,3,0,2,1,A,-,08,22107,,N,E,I,A,A,H,-,A,D,0,,,,,Y,,A,01,0,2,0,0,0,0,0,0,0,"- ","- ",36.783760070800781,-121.61049652099609,MONTEREY,UNINCORPORATED,-121.60918426513672,36.782253265380859
90767730,2018,2018-07-12,9730,2018-07-07,0800,020621,,6,1,9,2700,0,1,2,,1,070,"US-101 N/B","DUNBARTON ROAD",0.00,,Y,A,-,Y,,,101,,,,,,N,Y,4,0,1,1,A,-,08,22107,,N,E,I,A,A,H,-,A,D,0,,,,,Y,,A,07,0,0,1,0,0,0,0,0,0,"- ","- ",36.836841583251953,-121.63028717041016,MONTEREY,UNINCORPORATED,-121.63059997558594,36.836692810058594
90767740,2018,2018-07-12,9730,2018-07-07,1245,020990,,6,1,9,2700,0,1,2,,1,070,"US-101 SOUTHBOUND","SAN MIGUEL CANYON ROAD",1800.00,N,N,A,-,Y,,,101,,,,,,S,Y,3,0,2,3,A,-,03,22350,,N,C,C,A,A,H,-,A,D,0,,,,,Y,,A,01,0,2,0,0,0,0,0,0,0,"- ","- ",36.8023681640625,-121.65756225585938,MONTEREY,UNINCORPORATED,-121.65756988525391,36.802394866943359
90767909,2018,2018-07-12,9730,2018-07-08,2055,020598,,7,2,9,2700,0,1,2,,1,030,"US-101 SB","GOULD ROAD",3960.00,N,N,A,-,Y,,,101,,,,,,S,Y,4,0,1,2,A,-,08,22107,,N,B,C,A,A,H,-,D,D,0,,,,,Y,,A,01,0,0,1,0,0,0,0,0,0,"- ","- ",36.636131286621094,-121.59912109375,MONTEREY,UNINCORPORATED,-121.59915161132812,36.636093139648438
90767976,2018,2018-07-12,9730,2018-07-12,0640,018298,,4,1,9,2700,0,1,2,,1,030,"US-101 S/B","POTTER RD.",100.00,N,N,B,-,Y,,,101,,,,,,S,Y,4,0,1,2,A,-,07,21658,A,N,D,C,A,A,H,-,A,D,0,,,,,Y,,A,01,0,0,1,0,0,0,0,0,0,"- ","- ",36.605659484863281,-121.55744171142578,MONTEREY,UNINCORPORATED,-121.55746459960938,36.605628967285156
90768171,2018,2018-07-12,9730,2018-07-06,1637,020931,,5,2,9,2700,0,1,3,,1,022,SR-1,"ATHERTON DRIVE",0.00,,Y,A,-,Y,,,,,,,,,,N,4,0,2,2,A,-,09,21801,A,N,D,C,A,A,H,-,A,D,0,,,,,Y,,A,01,0,0,2,0,0,0,0,0,0,"- ","- ",35.546371459960938,-121.90959167480469,MONTEREY,UNINCORPORATED,-121.90965270996094,36.546340942382812
90768626,2018,2018-07-13,9735,2018-07-09,1355,019486,,1,1,9,2700,0,1,2,,1,041,"U/S 101 N/B","TEAGUE AVE",3168.00,S,N,A,-,Y,,,,,,,,,,Y,2,0,1,1,A,-,08,22107,,N,F,A,A,A,H,-,A,D,0,,,,,Y,,A,07,1,0,0,0,0,0,0,0,0,"- ","- ",36.253368377685547,-121.17700958251953,MONTEREY,UNINCORPORATED,,
90769508,2018,2018-07-16,9730,2018-07-03,2205,022047,,2,3,9,2700,0,2,4,,1,073,"SAN MIGUEL CYN RD","PRUNEDALE NORTH RD",30.00,W,N,A,-,N,,,,,,,,,,Y,4,0,2,2,A,-,03,22350,,N,C,C,A,A,H,-,C,A,0,,,,,Y,,A,01,0,0,2,0,0,0,0,0,0,"- ","- ",36.801750183105469,-121.66597747802734,MONTEREY,UNINCORPORATED,-121.66590118408203,36.801609039306641
90769515,2018,2018-07-16,9730,2018-07-08,1950,020931,,7,2,9,2700,0,1,3,,1,014,SR-1,"LITTLE SUR CREEK",1584.00,N,N,G,-,Y,,,1,,,,,,,Y,3,0,2,1,A,-,08,22107,,N,E,I,A,A,H,-,A,D,0,,,Y,,Y,,C,02,0,2,0,0,0,0,0,0,2,"- ","- ",36.347278594970703,-121.89579010009766,MONTEREY,UNINCORPORATED,-121.89575958251953,36.347316741943359
90769900,2018,2018-07-16,9730,2018-07-09,0620,021776,,1,1,9,2700,0,3,5,,2,007,"COOPER STREET","GEIL STREET",0.00,,Y,A,-,N,,,,,,,,,,Y,4,0,1,2,A,-,12,22450,A,N,D,C,A,A,H,-,A,A,0,,,,,Y,,A,01,0,0,1,0,0,0,0,0,0,"- ","- ",36.770198822021484,-121.75859832763672,MONTEREY,UNINCORPORATED,-121.75856781005859,36.770160675048828
90770026,2018,2018-07-16,9730,2018-07-09,1500,021120,,1,2,9,2700,0,1,2,,1,050,"US-101 SB","SANBORN RD.",900.00,S,N,A,-,Y,,,,,,,,,,N,3,0,1,3,A,-,03,22350,,M,C,C,A,A,H,-,A,D,0,,,,,Y,,A,01,0,1,0,0,0,0,0,0,0,"- ","- ",36.664760589599609,-121.62570190429688,MONTEREY,UNINCORPORATED,-121.62586975097656,36.664962768554688
90770095,2018,2018-07-16,9730,2018-07-09,0536,021407,,1,3,9,2700,0,1,3,,1,066,SR-183,"COOPER ROAD",5280.00,N,N,A,-,Y,,,183,,,,,,,Y,4,0,1,2,A,-,06,21750,A,N,C,C,A,A,H,-,A,D,0,,,,,Y,,A,01,0,0,1,0,0,0,0,0,0,"- ","- ",36.725101470947266,-121.72830200195312,MONTEREY,UNINCORPORATED,-121.72834777832031,36.725055694580078
90770324,2018,2018-07-16,9735,2018-07-14,1632,020417,,6,2,9,2700,0,1,2,,2,045,"US-101 S/B","CALIFORNIA BLVD",3696.00,S,N,A,-,Y,,,101,,,,,,S,Y,4,0,1,1,A,-,08,22107,,N,E,I,A,A,H,-,A,D,0,,,,,Y,,A,01,0,0,1,0,0,0,0,0,0,"- ","- ",35.792179107666016,-120.73248291015625,MONTEREY,UNINCORPORATED,-120.73250579833984,35.792152404785156
90770539,2018,2018-07-17,9730,2018-07-07,1532,020899,,6,2,9,2700,0,3,5,,2,007,"VIERRA CANYON ROAD","OAK ROAD",0.00,,Y,A,-,N,,,,,,,,,,Y,3,0,1,1,A,-,03,22350,,N,E,I,A,A,H,-,A,D,0,,,,,Y,,A,01,0,1,0,0,0,0,0,0,0,"- ","- ",36.792709350585938,-121.66211700439453,MONTEREY,UNINCORPORATED,-121.66217041015625,36.792800903320312
90770561,2018,2018-07-17,9730,2018-07-08,1516,020899,,7,2,9,2700,0,1,3,,1,072,SR-156,"MCGUFFIE ROAD",10.00,W,N,A,-,Y,,,156,,,,,,,Y,2,0,6,2,A,-,03,22350,,N,D,C,A,A,H,-,A,D,0,,,,,Y,,A,01,1,2,3,0,0,0,0,0,0,"- ","- ",36.788608551025391,-121.67505645751953,MONTEREY,UNINCORPORATED,-121.67506408691406,36.788616180419922
90770604,2018,2018-07-17,9730,2018-06-15,1642,020933,,5,2,9,2700,0,3,5,,2,006,"ESPINOSA RD","RODGERS RD",5280.00,W,N,B,-,N,,,,,,,,,,Y,4,0,1,2,A,-,05,21460,A,M,E,I,A,A,H,-,A,D,0,,,,,Y,,A,01,0,0,1,0,0,0,0,0,0,"- ","- ",36.748020172119141,-121.70906829833984,MONTEREY,UNINCORPORATED,-121.70855712890625,36.748020172119141
90771017,2018,2018-07-17,9730,2018-07-09,2200,022061,,1,3,9,2700,0,2,4,,1,075,"SAN JUAN ROAD","ALLISON LANE",370.00,E,N,A,-,N,,,,,,,,,,Y,3,0,1,1,A,-,01,23152,A,N,E,I,A,A,H,-,D,D,0,,,,,Y,Y,A,01,0,1,0,0,0,0,0,0,0,"- ","- ",36.904308319091797,-121.73454284667969,MONTEREY,UNINCORPORATED,-121.73493194580078,36.904232025146484
90771083,2018,2018-07-17,9730,2018-07-11,0858,014800,,3,1,9,2700,0,3,5,,2,004,"HARTNELL ROAD","ALISAL ROAD",4224.00,W,N,A,-,N,,,,,,,,,,Y,2,0,1,1,A,-,08,22107,,N,F,A,A,A,H,-,A,D,0,,,,,Y,,A,07,1,0,0,0,0,0,0,0,0,"- ","- ",36.634899139404297,-121.58010101318359,MONTEREY,UNINCORPORATED,-121.58023071289062,36.634323120117188
90771114,2018,2018-07-17,9730,2018-07-12,1222,019569,,4,1,9,2700,0,1,3,,1,024,"SR-68 HOLMAN HWY","MORSE DR",100.00,E,N,A,-,Y,,,68,,,,,,,Y,4,0,2,1,C,-,18,,,N,E,H,A,A,H,-,A,D,0,,,,,Y,,-,"- ",0,0,2,0,0,0,0,0,0,"- ","- ",36.598110198974609,-121.92469024658203,MONTEREY,UNINCORPORATED,-121.92471313476562,36.598072052001953
90771127,2018,2018-07-17,9730,2018-07-10,0730,020208,,2,1,9,2700,0,3,5,,2,006,"NASHUA ROAD","MONTE ROAD",7709.00,E,N,A,-,N,,,,,,,,,,Y,3,0,5,2,A,-,08,22107,,N,B,C,A,A,H,-,A,D,0,,,,,Y,,A,01,0,2,3,0,0,0,0,0,0,"- ","- ",36.725601196289062,-121.74839782714844,MONTEREY,UNINCORPORATED,-121.74834442138672,36.725669860839844
90771342,2018,2018-07-18,9730,2018-07-08,0050,020701,,7,3,9,2700,0,3,5,,2,004,"OLD STAGE ROAD","POTTER ROAD",2600.00,S,N,A,-,N,,,,,,,,,,Y,2,0,4,2,A,-,09,21804,A,N,C,C,A,A,H,-,D,D,0,,,,,Y,,A,01,1,3,0,0,0,0,0,0,0,"- ","- ",36.618648529052734,-121.52426147460938,MONTEREY,UNINCORPORATED,-121.52420043945312,36.618545532226562
90771385,2018,2018-07-18,9730,2018-07-14,1235,019569,,6,1,9,2700,0,1,3,,1,022,SR-1,"AURORA DEL MAR",350.00,S,N,A,-,Y,,,1,,,,,,,Y,3,0,1,1,A,-,08,22107,,N,E,I,A,A,H,-,A,D,0,,,,,Y,,A,07,0,1,0,0,0,0,0,0,0,"- ","- ",36.479499816894531,-121.93699645996094,MONTEREY,UNINCORPORATED,-121.93690490722656,36.479545593261719
90771391,2018,2018-07-18,9730,2018-07-14,1420,019127,,6,2,9,2700,0,3,5,,2,004,"OLD STAGE RD","SPENCE RD",25.00,S,N,A,-,N,,,,,,,,,,Y,4,0,1,2,A,-,03,22350,,N,C,C,A,A,H,-,A,A,0,,,,,Y,,A,01,0,0,1,0,0,0,0,0,0,"- ","- ",36.629901885986328,-121.53984069824219,MONTEREY,UNINCORPORATED,-121.53981018066406,36.629852294921875
90771446,2018,2018-07-18,9730,2018-07-14,1910,021120,,6,2,9,2700,0,1,3,,1,072,"SR-156 E/B","MERRITT ST.",2587.00,W,N,A,-,Y,,,156,,,,,,E,Y,4,0,1,2,A,-,03,22350,,N,C,C,A,A,H,-,B,D,0,,,,,Y,,A,01,0,0,1,0,0,0,0,0,0,"- ","- ",36.756908416748047,-121.75932312011719,MONTEREY,UNINCORPORATED,-121.75932312011719,36.756908416748047
90771562,2018,2018-07-18,9730,2018-07-07,2159,019770,,6,2,9,2700,0,2,4,,1,073,"SAN MIGUEL CANYON ROAD","MORO ROAD",0.00,,Y,A,-,N,,,,,,,,,,Y,4,0,1,2,A,-,17,21451,A,N,D,C,A,A,H,-,C,A,0,,,,,Y,,A,01,0,0,1,0,0,0,0,0,0,"- ","- ",36.802898406982422,-121.66674041748047,MONTEREY,UNINCORPORATED,-121.66671752929688,36.802669525146484
90771718,2018,2018-07-18,9735,2018-07-13,1635,020057,,5,2,9,2700,0,3,5,,2,002,"LOCKWOOD SAN LUCAS RD.","QUAIL ESTATES RD",4752.00,N,N,A,-,N,,,,,,,,,,Y,4,0,1,1,A,-,08,22107,,N,F,A,A,A,H,-,A,D,0,,,,,Y,,A,07,0,0,1,0,0,0,0,0,0,"- ","- ",36.003288269042969,-121.06745147705078,MONTEREY,UNINCORPORATED,-121.067138671875,36.001949310302734
90771864,2018,2018-07-18,9730,2018-07-14,0210,020933,,6,3,9,2700,0,1,3,,1,066,"SR-183 (MERRITT STREET)","PRESTON STREET",100.00,E,N,A,-,Y,,,183,,,,,,,Y,3,0,1,3,A,-,01,23152,A,N,E,C,A,A,H,-,C,D,0,,,,,Y,Y,A,01,0,1,0,0,0,0,0,0,0,"- ","- ",36.765579223632812,-121.75788879394531,MONTEREY,UNINCORPORATED,-121.75787353515625,36.765602111816406
90772033,2018,2018-07-18,9730,2018-06-16,2014,021407,,6,2,9,2700,0,3,5,,2,003,"ALTA STREET","CORDA ROAD",0.00,,Y,A,-,N,,,,,,,,,,Y,1,1,1,2,A,-,01,23152,A,N,D,C,A,A,H,-,C,A,0,,,,,Y,Y,D,22,0,0,1,0,0,0,0,0,0,"- ","- ",36.518470764160156,-121.45970153808594,MONTEREY,UNINCORPORATED,-121.45970916748047,36.518451690673828
90773249,2018,2018-07-20,9730,2018-07-15,1315,022061,,7,1,9,2700,0,1,2,,1,070,"US-101 NORTHBOUND","REESE CIRCLE",3168.00,S,N,A,-,Y,,,101,,,,,,N,Y,4,0,3,2,A,-,03,22350,,N,C,C,A,A,H,-,A,D,0,,,,,Y,,A,01,0,0,3,0,0,0,0,0,0,"- ","- ",36.764961242675781,-121.66779327392578,MONTEREY,UNINCORPORATED,-121.66776275634766,36.764968872070312
90773277,2018,2018-07-20,9730,2018-07-14,0940,022061,,6,1,9,2700,0,1,2,,1,070,"US-101 NORTHBOUND","CRAZYHORSE CANYON ROAD",2640.00,N,N,A,-,Y,,,101,,,,,,N,Y,4,0,2,2,A,-,03,22350,,N,C,C,A,A,H,-,A,D,0,,,,,Y,,D,22,0,0,2,0,0,0,0,0,0,"- ","- ",36.823940277099609,-121.62918853759766,MONTEREY,UNINCORPORATED,-121.62913513183594,36.823905944824219
90773285,2018,2018-07-20,9730,2018-07-11,1130,018350,,3,1,9,2700,0,1,3,,1,022,SR-1,"MESA ROAD",200.00,S,N,A,-,Y,,,1,,,,,,,Y,3,0,1,4,A,-,03,22350,,N,C,C,A,A,H,-,A,D,0,,,,,Y,,A,07,0,1,0,0,0,0,0,0,0,"- ","- ",36.550918579101562,-121.91043090820312,MONTEREY,UNINCORPORATED,-121.91037750244141,36.550926208496094
90773311,2018,2018-07-20,9730,2018-07-11,0025,022047,,3,3,9,2700,0,3,5,,2,005,"ROGGE RD.","JASPER WAY",170.00,E,N,A,-,N,,,,,,,,,,Y,3,0,2,1,A,-,08,22107,,N,E,A,A,A,H,-,C,D,0,,,,,Y,,D,22,0,2,0,0,0,0,0,0,0,"- ","- ",36.731758117675781,-121.631591796875,MONTEREY,UNINCORPORATED,-121.631591796875,36.731742858886719
90773494,2018,2018-07-20,9730,2018-07-10,1200,018350,,2,1,6,2708,0,1,2,,1,050,"US-101 S/B","NORTH MAIN STREET",814.00,N,N,A,-,Y,,,101,,,,,,S,Y,3,0,2,2,A,-,03,22350,,N,C,C,A,A,D,-,A,A,0,,,,,Y,,A,01,0,2,0,0,0,0,0,0,0,"- ","- ",36.688610076904297,-121.65553283691406,MONTEREY,SALINAS,-121.65554809570312,36.688583374023438
90774200,2018,2018-08-27,9730,2018-07-12,0619,014800,,4,1,9,2700,0,3,5,,2,004,"HARTNELL ROAD","U.S. 101",3168.00,E,N,A,-,N,,,,,,,,,,Y,4,0,1,2,A,-,06,21750,A,N,B,C,A,A,H,-,A,D,0,,,,,Y,,A,01,0,0,1,0,0,0,0,0,0,"- ","- ",36.633621215820312,-121.58032989501953,MONTEREY,UNINCORPORATED,-121.58094024658203,36.630596160888672
90774205,2018,2018-07-23,9730,2018-07-13,1750,021120,,5,2,9,2700,0,2,4,,1,073,"ECHO VALLEY RD","SAN MIGUEL CANYON RD.",0.00,,Y,A,-,N,,,,,,,,,,Y,4,0,1,2,A,-,03,22350,,N,D,C,A,A,H,-,A,A,0,,,,,Y,,D,22,0,0,1,0,0,0,0,0,0,"- ","- ",36.821800231933594,-121.67333221435547,MONTEREY,UNINCORPORATED,-121.67346954345703,36.821659088134766
90774260,2018,2018-07-23,9730,2018-07-15,1700,019529,,7,2,9,2700,0,1,3,,1,014,"STATE ROUTE 1","PARTINGTON RIDGE RD.",5280.00,N,N,A,-,Y,,,1,,,,,,,Y,3,0,1,2,A,-,03,22350,,F,C,C,A,A,H,-,A,D,0,,,,,Y,,A,01,0,1,0,0,0,0,0,0,0,"- ","- ",36.185638427734375,-121.703369140625,MONTEREY,UNINCORPORATED,-121.70325469970703,36.185806274414062
90774331,2018,2018-07-23,9730,2018-07-14,1400,020899,,6,2,9,2700,0,1,2,,1,070,"US-101 N/B FROM SAN MIGUEL CANYON RD","NORTHBOUND US-101",230.00,E,N,A,-,Y,,,101,,,,R,,N,Y,3,0,1,1,A,-,03,22350,,N,E,I,A,A,H,-,A,D,0,,,Y,,Y,,C,02,0,1,0,0,0,0,0,0,1,"- ","- ",36.797328948974609,-121.6646728515625,MONTEREY,UNINCORPORATED,-121.6646728515625,36.797328948974609
90774418,2018,2018-07-23,9730,2018-07-13,2500,019981,,5,4,9,2700,0,1,3,,1,012,SR-1,"NACIMIENTO ROAD",1584.00,N,N,A,-,Y,,,1,,,,,,,Y,2,0,1,1,A,-,08,22107,,N,F,A,A,A,H,-,A,D,0,,,,,Y,,A,07,1,0,0,0,0,0,0,0,0,"- ","- ",36.001861572265625,-121.50393676757812,MONTEREY,UNINCORPORATED,-121.50393676757812,36.001861572265625
90774491,2018,2018-07-23,9730,2018-07-16,1142,021407,,1,1,9,2700,0,1,3,,1,068,SR-68,"BOOTS ROAD",2640.00,W,N,A,-,Y,,,68,,,,,,,Y,2,0,2,2,A,-,05,21460,A,N,A,C,A,A,H,-,A,D,0,,,,,Y,,A,01,2,0,0,0,0,0,0,0,0,"- ","- ",36.570098876953125,-121.78980255126953,MONTEREY,UNINCORPORATED,-121.78980255126953,36.570125579833984
90774506,2018,2018-07-23,9730,2018-07-16,1310,021776,,1,1,9,2700,0,1,3,,1,074,SR-1,"JENSEN ROAD",189.00,S,N,A,-,Y,,,1,,,,,,,Y,3,0,1,1,A,-,08,22107,,N,E,I,A,A,H,-,A,D,0,,,,,Y,,A,01,0,1,0,0,0,0,0,0,0,"- ","- ",36.853069305419922,-121.77105712890625,MONTEREY,UNINCORPORATED,-121.77109527587891,36.853069305419922
90774881,2018,2018-07-23,9730,2018-07-16,1840,019315,,1,2,9,2700,0,3,5,,2,004,"OLD STAGE ROAD","ASSOCIATED LANE",300.00,N,N,A,-,N,,,,,,,,,,Y,3,0,1,1,A,-,08,22107,,N,F,A,A,A,H,-,A,D,0,,,,,Y,,A,01,0,1,0,0,0,0,0,0,0,"- ","- ",36.525741577148438,-121.46707916259766,MONTEREY,UNINCORPORATED,-121.46688079833984,36.525592803955078
90775328,2018,2018-07-24,9730,2018-07-16,0550,021776,,1,3,9,2700,0,1,3,,1,072,SR-156,"CASTROVILLE BOULEVARD",1584.00,E,N,B,-,Y,,,156,,,,,,,Y,2,0,1,1,A,-,08,22107,,N,F,A,A,A,H,-,B,D,0,,,,Y,Y,,G,25,1,0,0,0,0,0,0,0,0,"- ","- ",36.770030975341797,-121.73755645751953,MONTEREY,UNINCORPORATED,-121.73757934570312,36.770084381103516
90775345,2018,2018-07-24,9730,2018-07-17,1510,017502,,2,2,9,2700,0,3,5,,2,006,"DAVIS  ROAD","HITCHCOCK  ROAD",800.00,N,N,A,-,N,,,,,,,,,,Y,4,0,1,1,A,-,01,23152,G,N,E,I,A,A,H,-,A,D,0,,,,,Y,Y,A,01,0,0,1,0,0,0,0,0,0,"- ","- ",36.660480499267578,-121.69051361083984,MONTEREY,UNINCORPORATED,-121.69052124023438,36.660556793212891
90775729,2018,2018-07-24,9730,2018-07-17,1525,019529,,2,2,9,2700,0,1,3,,1,022,"STATE ROUTE 1","HANDLEY DRIVE",350.00,S,N,A,-,Y,,,1,,,,,,,N,3,0,2,2,A,-,03,22350,,N,E,I,A,A,H,-,A,D,0,,,,,Y,,A,07,0,1,1,0,0,0,0,0,0,"- ","- ",36.564300537109375,-121.91187286376953,MONTEREY,UNINCORPORATED,-121.91178894042969,36.564353942871094
90776007,2018,2018-07-25,9730,2018-07-18,2120,018302,,3,2,9,2700,0,1,3,,2,062,"SR-1 NORTHBOUND","LIGHTFIGHTER DRIVE",1584.00,N,N,B,-,Y,,,1,,,,,,N,Y,4,0,1,1,A,-,08,22107,,N,E,I,A,A,C,-,D,D,0,,,,,Y,,A,01,0,0,1,0,0,0,0,0,0,"- ","- ",36.652400970458984,-121.81543731689453,MONTEREY,UNINCORPORATED,-121.81534576416016,36.652442932128906
90776127,2018,2018-11-01,9730,2018-07-13,2330,022039,,5,3,9,2700,0,1,2,,1,050,"US-101 N/B","ECKHARDT ROAD",0.00,,Y,A,-,Y,,,101,,,,,,N,N,2,0,5,2,A,-,13,21718,,N,D,C,A,A,H,-,D,D,0,,,,Y,Y,,G,25,2,2,1,0,0,0,0,0,0,"- ","- ",36.617118835449219,-121.57283020019531,MONTEREY,UNINCORPORATED,-121.57283020019531,36.617118835449219
90776133,2018,2018-07-25,9735,2018-07-15,1725,020057,,7,2,9,2700,0,1,2,,2,042,"US-101 N/B","WILDHORSE RD.",100.00,S,N,A,-,Y,,,101,,,,,,N,Y,3,0,1,1,A,-,08,22107,,N,E,I,A,A,H,-,A,D,0,,,,,Y,,A,01,0,1,0,0,0,0,0,0,0,"- ","- ",36.187370300292969,-121.07192230224609,MONTEREY,UNINCORPORATED,-121.07189178466797,36.187404632568359
90776483,2018,2018-07-25,9730,2018-07-18,1445,022047,,3,2,9,2700,0,3,5,,2,004,"OLD STAGE RD.","ZABALA RD.",1056.00,S,N,A,-,N,,,,,,,,,,Y,3,0,1,1,A,-,08,22107,,N,E,I,A,A,H,-,A,D,0,,,,,Y,,A,07,0,1,0,0,0,0,0,0,0,"- ","- ",36.662868499755859,-121.54852294921875,MONTEREY,UNINCORPORATED,-121.54859924316406,36.662864685058594