CASE_ID,ACCIDENT_YEAR,PROC_DATE,JURIS,COLLISION_DATE,COLLISION_TIME,OFFICER_ID,REPORTING_DISTRICT,DAY_OF_WEEK,CHP_SHIFT,POPULATION,CNTY_CITY_LOC,SPECIAL_COND,BEAT_TYPE,CHP_BEAT_TYPE,CITY_DIVISION_LAPD,CHP_BEAT_CLASS,BEAT_NUMBER,PRIMARY_RD,SECONDARY_RD,DISTANCE,DIRECTION,INTERSECTION,WEATHER_1,WEATHER_2,STATE_HWY_IND,CALTRANS_COUNTY,CALTRANS_DISTRICT,STATE_ROUTE,ROUTE_SUFFIX,POSTMILE_PREFIX,POSTMILE,LOCATION_TYPE,RAMP_INTERSECTION,SIDE_OF_HWY,TOW_AWAY,COLLISION_SEVERITY,NUMBER_KILLED,NUMBER_INJURED,PARTY_COUNT,PRIMARY_COLL_FACTOR,PCF_CODE_OF_VIOL,PCF_VIOL_CATEGORY,PCF_VIOLATION,PCF_VIOL_SUBSECTION,HIT_AND_RUN,TYPE_OF_COLLISION,MVIW,PED_ACTION,ROAD_SURFACE,ROAD_COND_1,ROAD_COND_2,LIGHTING,CONTROL_DEVICE,CHP_ROAD_TYPE,PEDESTRIAN_ACCIDENT,BICYCLE_ACCIDENT,MOTORCYCLE_ACCIDENT,TRUCK_ACCIDENT,NOT_PRIVATE_PROPERTY,ALCOHOL_INVOLVED,STWD_VEHTYPE_AT_FAULT,CHP_VEHTYPE_AT_FAULT,COUNT_SEVERE_INJ,COUNT_VISIBLE_INJ,COUNT_COMPLAINT_PAIN,COUNT_PED_KILLED,COUNT_PED_INJURED,COUNT_BICYCLIST_KILLED,COUNT_BICYCLIST_INJURED,COUNT_MC_KILLED,COUNT_MC_INJURED,PRIMARY_RAMP,SECONDARY_RAMP,LATITUDE,LONGITUDE,COUNTY,CITY,POINT_X,POINT_Y
91023955,2019,2019-07-03,9730,2019-06-23,1113,022151,,7,1,9,2700,0,3,5,,2,004,"OLD STAGE RD","WILLIAMS RD",9504.00,N,N,A,-,N,,,,,,,,,,Y,2,0,1,1,A,-,08,22107,,N,E,I,A,A,H,-,A,D,0,,,,,Y,,A,01,1,0,0,0,0,0,0,0,0,"- ","- ",36.719169616699219,-121.59333038330078,MONTEREY,UNINCORPORATED,-121.59335327148438,36.719474792480469
91023968,2019,2019-07-03,9730,2019-06-22,1757,020899,,6,2,9,2700,0,1,3,,2,062,"NORTHBOUND SR-1",SR-68,93.00,S,N,A,-,Y,,,,,,,,,,Y,3,0,1,1,A,-,03,22350,,N,F,A,A,A,H,-,A,D,0,,,Y,,Y,,C,02,0,1,0,0,0,0,0,0,1,"- ","- ",36.594490051269531,-121.86829376220703,MONTEREY,UNINCORPORATED,-121.91255187988281,36.574577331542969
9102401,2020,2020-08-05,2708,2020-04-30,0650,10264,SALIN,4,5,6,2708,0,0,0,,0,006,"WEST ROSSI ST","NORTH DAVIS RD",0.00,,Y,B,-,N,,,,,,,,,,Y,4,0,1,2,A,-,04,21703,,N,C,C,A,A,H,-,A,A,0,,,,,Y,,A,01,0,0,1,0,0,0,0,0,0,"- ","- ",,,MONTEREY,SALINAS,-121.67192840576172,36.688419342041016
91024413,2019,2019-07-04,9730,2019-06-24,1625,022047,,1,2,9,2700,0,2,4,,1,073,"HALL RD. W/B","SILL RD.",1056.00,W,N,A,-,N,,,,,,,,,,N,4,0,1,2,A,-,03,22350,,N,C,C,A,A,H,-,A,D,0,,,,,Y,,A,01,0,0,1,0,0,0,0,0,0,"- ","- ",36.864170074462891,-121.72634887695312,MONTEREY,UNINCORPORATED,-121.72614288330078,36.864112854003906
91024442,2019,2019-07-04,9730,2019-06-24,1135,017785,,1,1,9,2700,0,2,4,,2,063,"BLANCO ROAD","HITCHCOCK ROAD",180.00,W,N,A,-,N,,,,,,,,,,Y,3,0,2,2,A,-,09,21804,A,N,D,C,A,A,H,-,A,D,0,,,,,Y,,A,01,0,1,1,0,0,0,0,0,0,"- ","- ",36.676589965820312,-121.70221710205078,MONTEREY,UNINCORPORATED,-121.7021484375,36.676498413085938
91024462,2019,2019-07-04,9730,2019-06-24,1045,020916,,1,1,9,2700,0,1,3,,1,068,"SR-68 (SALINAS)","FAIRGROUND ROAD O/C",8.00,W,N,A,-,Y,,,,,,,,,,Y,4,0,2,2,A,-,03,22350,,N,D,C,A,A,H,-,A,D,0,,,,,Y,,A,01,0,0,2,0,0,0,0,0,0,"- ","- ",36.59423828125,-121.86747741699219,MONTEREY,UNINCORPORATED,-121.867512,36.594228000000001
91024513,2019,2019-07-04,9730,2019-06-24,1250,017785,,1,1,6,2708,0,1,2,,1,050,"US-101 NORTHBOUND","SANBORN ROAD",1584.00,S,N,A,-,Y,,,101,,,,,,N,Y,4,0,1,1,C,-,18,,,N,E,I,A,A,H,-,A,D,0,,,,,Y,,-,"- ",0,0,1,0,0,0,0,0,0,"- ","- ",36.663890838623047,-121.62464141845703,MONTEREY,SALINAS,-121.62461090087891,36.663913726806641
91024525,2019,2019-07-04,9730,2019-06-26,1300,015367,,3,1,9,2700,0,1,3,,1,066,SR-183,"WOOD STREET",0.00,,Y,A,-,Y,,,,,,,,,,N,3,0,2,2,A,-,06,21755,,N,D,C,A,A,H,-,A,A,0,,,,,Y,,A,01,0,1,1,0,0,0,0,0,0,"- ","- ",36.760761260986328,-121.73123931884766,MONTEREY,UNINCORPORATED,-121.751296,36.760739000000001
91024542,2019,2019-07-04,9730,2019-06-26,1654,019981,,3,2,9,2700,0,3,5,,2,005,"CRAZY HORSE CANYON ROAD","WILD HORSE RD",1056.00,E,N,A,-,N,,,,,,,,,,Y,4,0,1,2,A,-,03,22350,,N,C,C,A,A,H,-,A,D,0,,,,,Y,,D,22,0,0,1,0,0,0,0,0,0,"- ","- ",36.794410705566406,-121.61490631103516,MONTEREY,UNINCORPORATED,-121.62002563476562,36.806751251220703
9102514,2020,2020-10-14,2708,2020-04-16,1048,77195,,4,5,6,2708,0,0,0,,0,005,"CHAPARRAL ST","TAMPICO ST",88.00,E,N,B,-,N,,,,,,,,,,Y,4,0,1,3,A,-,05,21460,A,N,A,E,A,A,H,-,A,D,0,,,,,Y,,A,07,0,0,1,0,0,0,0,0,0,"- ","- ",,,MONTEREY,SALINAS,-121.63833618164062,36.701129913330078
91025795,2019,2019-07-08,9730,2019-06-27,0603,015367,,4,1,9,2700,0,1,3,,1,066,SR-183,"DEL MONTE AVENUE",300.00,N,N,A,-,Y,,,183,,,,,,,Y,3,0,1,2,A,-,03,22350,,N,C,C,A,A,H,-,A,D,0,,,,,Y,,A,01,0,1,0,0,0,0,0,0,0,"- ","- ",36.755840301513672,-121.74468231201172,MONTEREY,UNINCORPORATED,-121.74465179443359,36.755882263183594
91025856,2019,2019-07-08,9730,2019-06-27,1350,019981,,4,1,6,2708,0,2,4,,2,063,"BLANCO ROAD","ALISAL ST",20.00,E,N,A,-,N,,,,,,,,,,Y,4,0,1,2,A,-,03,22350,,N,C,C,A,A,H,-,A,D,0,,,,,Y,,A,01,0,0,1,0,0,0,0,0,0,"- ","- ",36.664409637451172,-121.67800903320312,MONTEREY,SALINAS,-121.6781005859375,36.6640625
91026634,2019,2019-09-30,9730,2019-03-23,2500,020598,,6,4,9,2700,0,1,3,,1,074,"STATE ROUTE 1","STRUVE ROAD (SOUTH)",430.00,N,N,C,-,Y,,,1,,,,,,,N,1,1,0,2,A,-,08,22107,,F,G,B,E,B,H,-,C,D,0,Y,,,,Y,,-,99,0,0,0,1,0,0,0,0,0,"- ","- ",36.823799133300781,-121.77860260009766,MONTEREY,UNINCORPORATED,-121.77866363525391,36.823940277099609
91026640,2019,2019-07-08,9730,2019-04-12,2326,020916,,5,3,9,2700,0,2,4,,1,075,"SAN JUAN ROAD","SAN MIGUEL CYN RD",1848.00,E,N,A,-,N,,,,,,,,,,Y,1,1,1,1,A,-,01,23152,A,N,E,I,A,A,H,-,D,D,0,,,,,Y,Y,D,22,0,1,0,0,0,0,0,0,0,"- ","- ",36.898090362548828,-121.68466186523438,MONTEREY,UNINCORPORATED,-121.68472290039062,36.898159027099609
91026720,2019,2019-07-09,9730,2019-06-26,1820,014565,,3,2,9,2700,0,1,3,,2,062,"SR-1 N/B","FREEMONT BLVD U/C",6864.00,N,N,A,-,Y,,,1,,,,,,N,Y,3,0,1,2,A,-,01,23152,F,N,B,C,A,A,B,H,A,D,0,,,,Y,Y,,G,25,0,1,0,0,0,0,0,0,0,"- ","- ",36.638191223144531,-121.82814788818359,MONTEREY,UNINCORPORATED,-121.82815551757812,36.638191223144531
91027087,2019,2019-07-09,9730,2019-06-28,1815,022047,,5,2,9,2700,0,2,4,,1,075,"SAN JUAN RD. E/B","SAN MIGUEL CANYON RD.",2640.00,W,N,A,-,N,,,,,,,,,,Y,3,0,1,1,A,-,08,22107,,N,E,I,A,A,H,-,A,D,0,,,Y,,Y,,C,02,0,1,0,0,0,0,0,0,1,"- ","- ",36.902778625488281,-121.69936370849609,MONTEREY,UNINCORPORATED,-121.69895935058594,36.902755737304688
91027317,2019,2019-07-09,9730,2019-06-30,1030,020916,,7,1,9,2700,0,2,4,,1,073,"HALL ROAD","PINI ROAD",75.00,W,N,A,-,N,,,,,,,,,,N,4,0,1,2,A,-,03,22350,,N,C,C,A,A,H,-,A,D,0,,,,,Y,,A,01,0,0,1,0,0,0,0,0,0,"- ","- ",36.864151000976562,-121.71697235107422,MONTEREY,UNINCORPORATED,-121.71699523925781,36.864120483398438
91027332,2019,2019-07-09,9730,2019-06-30,0800,020677,,7,1,9,2700,0,1,3,,2,062,"SR-1 S/B","SR-68 (SALINAS)",40.00,S,N,A,-,Y,,,,,,,,,,Y,4,0,1,1,A,-,08,22107,,N,D,I,A,A,H,-,A,D,0,,,,,Y,,A,01,0,0,1,0,0,0,0,0,0,"- ","- ",36.595230102539062,-121.86834716796875,MONTEREY,UNINCORPORATED,-121.9124755859375,36.574710845947266
91027362,2019,2019-07-09,9730,2019-06-28,0800,019770,,5,1,9,2700,0,1,2,,1,070,"US-101 SOUTHBOUND","BLACKIE ROAD",10.00,S,N,B,-,Y,,,101,,,,,,S,Y,3,0,1,1,A,-,03,22350,,N,E,I,A,A,H,-,A,A,0,,,,,Y,,A,01,0,1,0,0,0,0,0,0,0,"- ","- ",36.772861480712891,-121.66954803466797,MONTEREY,UNINCORPORATED,-121.66933441162109,36.772869110107422
91027530,2019,2019-07-09,9730,2019-06-30,2232,020931,,7,3,9,2700,0,3,5,,2,007,"WALKER VALLEY ROAD","PARADISE ROAD",528.00,W,N,A,-,N,,,,,,,,,,Y,4,0,1,1,A,-,08,22107,,N,E,I,A,A,H,-,D,D,0,,,,,Y,,A,01,0,0,1,0,0,0,0,0,0,"- ","- ",36.803989410400391,-121.70551300048828,MONTEREY,UNINCORPORATED,-121.70528411865234,36.803878784179688
91027699,2019,2019-07-09,9735,2019-07-03,0940,020335,,3,1,9,2700,0,1,2,,1,040,"US-101, S/O HUDSON","HOBSON AVE",1180.00,S,N,A,-,Y,,,101,,,,,,,Y,4,0,1,2,A,-,07,21658,A,N,B,C,A,A,H,-,A,D,0,,,,,Y,,A,01,0,0,1,0,0,0,0,0,0,"- ","- ",36.273368835449219,-121.18350219726562,MONTEREY,UNINCORPORATED,-121.18352508544922,36.273353576660156
91027724,2019,2019-07-09,9730,2019-06-30,2150,021776,,7,2,9,2700,0,2,4,,2,063,"W. BLANCO ROAD","ARMSTRONG ROAD",768.00,E,N,A,-,N,,,,,,,,,,Y,2,0,1,2,A,-,01,23152,F,N,A,C,A,A,H,-,D,D,0,,,,,Y,,A,07,1,0,0,0,0,0,0,0,0,"- ","- ",36.678268432617188,-121.70535278320312,MONTEREY,UNINCORPORATED,-121.70536804199219,36.678264617919922
91027739,2019,2019-07-09,9730,2019-06-30,1815,021358,,7,2,9,2700,0,2,4,,1,023,"CARMEL VALLEY ROAD","CACHAGUA ROAD",2110.00,W,N,A,-,N,,,,,,,,,,Y,2,0,1,2,A,-,03,22350,,N,F,A,A,A,H,-,A,D,0,,,Y,,Y,,C,02,1,0,0,0,0,0,0,0,1,"- ","- ",36.448448181152344,-121.68781280517578,MONTEREY,UNINCORPORATED,-121.6871337890625,36.448162078857422
91027744,2019,2019-07-09,9730,2019-06-29,0940,020621,,6,1,9,2700,0,3,5,,2,007,"ECHO VALLEY ROAD","ECHO VALLEY CT",1056.00,W,N,A,-,N,,,,,,,,,,Y,3,0,1,1,A,-,08,22107,,M,E,I,A,A,H,-,A,D,0,,,,,Y,,A,01,0,1,0,0,0,0,0,0,0,"- ","- ",36.826400756835938,-121.63546752929688,MONTEREY,UNINCORPORATED,-121.67346954345703,36.821659088134766
91027753,2019,2019-07-10,9730,2019-06-29,0950,014800,,6,1,9,2700,0,1,2,,1,070,"U.S. 101 SOUTHBOUND","SALA ROAD",1584.00,N,N,A,-,Y,,,,,,,,,,N,4,0,1,2,A,-,03,22350,,N,B,C,A,A,H,-,A,D,0,,,Y,,Y,,C,02,0,0,1,0,0,0,0,0,1,"- ","- ",36.444999694824219,-121.39420318603516,MONTEREY,UNINCORPORATED,-121.66043090820312,36.743709564208984
91027760,2019,2019-07-10,9730,2019-06-29,1335,022118,,6,1,9,2700,0,1,3,,1,022,"SR-1 SOUTHBOUND","HANDLEY DRIVE",30.00,S,N,A,-,Y,,,1,,,,,,S,Y,4,0,1,3,A,-,03,22350,,N,C,C,A,A,H,-,A,D,0,,,,,Y,,A,01,0,0,1,0,0,0,0,0,0,"- ","- ",36.564929962158203,-121.91226196289062,MONTEREY,UNINCORPORATED,-121.91221618652344,36.564960479736328
91028152,2019,2019-07-10,9730,2019-07-01,1827,020899,,1,2,9,2700,0,2,4,,1,073,"ELKHORN ROAD","WERNER ROAD",0.00,,Y,A,-,N,,,,,,,,,,Y,4,0,3,3,A,-,08,22107,,N,D,C,A,A,H,-,A,A,0,,,,,Y,,A,07,0,0,3,0,0,0,0,0,0,"- ","- ",36.878959655761719,-121.74727630615234,MONTEREY,UNINCORPORATED,-121.74723052978516,36.878978729248047
9102874,2020,2020-08-04,2704,2020-04-22,2004,5046,2704,3,5,3,2704,0,0,0,,0,002,"EL CAMINO REAL","APPLE AV",250.00,S,N,A,-,N,,,,,,,,,,Y,3,0,1,6,A,-,01,23152,A,N,C,E,A,A,H,-,C,D,0,,,Y,,Y,Y,C,02,0,1,0,0,0,0,0,0,1,"- ","- ",,,MONTEREY,GREENFIELD,-121.24551391601562,36.323287963867188
91028823,2019,2019-07-11,9735,2019-06-29,1700,020894,,6,2,9,2700,0,1,2,,2,044,"U.S. 101 NORTHBOUND","LOS LOBOS RD",1750.00,N,N,A,-,Y,,,,,,,,,,Y,3,0,2,1,A,-,01,23152,A,N,F,A,A,A,H,-,A,D,0,,,,,Y,Y,D,22,0,2,0,0,0,0,0,0,0,"- ","- ",35.981689453125,-120.90232849121094,MONTEREY,UNINCORPORATED,-120.90180206298828,35.979915618896484
91029211,2019,2019-07-11,9730,2019-07-02,1205,015367,,2,1,9,2700,0,1,3,,1,074,SR-1,"JENSEN ROAD",270.00,S,N,B,-,Y,,,1,,,,,,,Y,3,0,3,3,A,-,03,22350,,N,C,C,A,A,H,-,A,D,0,,,,,Y,,M,47,0,2,1,0,0,0,0,0,0,"- ","- ",36.852188110351562,-121.77114868164062,MONTEREY,UNINCORPORATED,-121.77112579345703,36.852188110351562
91029261,2019,2019-07-11,9730,2019-07-02,0550,020621,,2,3,9,2700,0,1,2,,1,030,"S/B US-101","SPENCE ROAD",0.00,,Y,A,-,Y,,,101,,,,,,,Y,3,0,2,2,A,-,09,21801,A,N,D,C,A,A,H,-,A,D,0,,,,,Y,,A,01,0,1,1,0,0,0,0,0,0,"- ","- ",36.612651824951172,-121.56710815429688,MONTEREY,UNINCORPORATED,-121.56709289550781,36.6126708984375
91029359,2019,2019-07-11,9730,2019-07-02,0612,015367,,2,1,9,2700,0,1,3,,1,066,SR-183,"PAJARO STREET",0.00,,Y,B,-,Y,,,183,,,,,,,N,4,0,1,2,A,-,12,21453,A,F,D,C,A,A,H,-,A,A,0,,,,,Y,,A,01,0,0,1,0,0,0,0,0,0,"- ","- ",36.762619018554688,-121.75375366210938,MONTEREY,UNINCORPORATED,-121.75377655029297,36.762580871582031
9102973,2020,2020-10-29,2707,2020-05-14,0930,2234,2707,4,5,3,2707,0,0,0,,0,002,"OCEAN VIEW BL","MOSS ST",40.00,W,N,A,-,N,,,,,,,,,,N,3,0,1,2,A,-,03,22350,,N,B,E,A,A,H,-,A,D,0,,Y,,,Y,,L,04,0,1,0,0,0,0,1,0,0,"- ","- ",,,MONTEREY,"PACIFIC GROVE",-121.92086029052734,36.627758026123047
91030112,2019,2019-07-12,9730,2019-07-03,0322,019100,,3,3,9,2700,0,1,2,,1,030,"US-101 N/B","CAMPHORA ROAD",528.00,N,N,B,-,Y,,,101,,,,,,N,Y,3,0,1,2,A,-,03,22350,,N,C,C,A,A,H,-,D,D,0,,,,,Y,,A,01,0,1,0,0,0,0,0,0,0,"- ","- ",36.452301025390625,-121.36753845214844,MONTEREY,UNINCORPORATED,-121.36756896972656,36.452251434326172
91030268,2019,2019-07-15,9730,2019-07-03,0705,015160,,3,1,9,2700,0,2,4,,1,073,"ELKHORN ROAD","GARIN ROAD",250.00,N,N,B,-,N,,,,,,,,,,Y,3,0,1,1,A,-,08,22107,,N,E,J,A,A,H,-,A,D,0,,,,,Y,,A,01,0,1,0,0,0,0,0,0,0,"- ","- ",36.875011444091797,-121.74539947509766,MONTEREY,UNINCORPORATED,-121.74477386474609,36.874057769775391
91030752,2019,2019-07-15,9730,2019-07-04,1626,022092,,4,2,9,2700,0,3,5,,2,007,"MAHER ROAD","ROYAL OAKS PLACE",400.00,S,N,A,-,N,,,,,,,,,,Y,3,0,2,1,A,-,01,23152,A,N,F,A,A,A,H,-,A,D,0,,,,,Y,Y,A,01,0,2,0,0,0,0,0,0,0,"- ","- ",36.83843994140625,-121.67228698730469,MONTEREY,UNINCORPORATED,-121.67233276367188,36.838447570800781
91030958,2019,2019-07-15,9730,2019-07-04,1842,022129,,4,2,9,2700,0,1,3,,1,072,SR-156,"MONTE DEL LAGO",337.00,E,N,B,-,Y,,,156,,,,,,,Y,3,0,3,2,A,-,09,21801,A,N,C,C,A,A,H,-,A,D,0,,,,,Y,,A,01,0,2,1,0,0,0,0,0,0,"- ","- ",36.771621704101562,-121.73243713378906,MONTEREY,UNINCORPORATED,-121.73242950439453,36.771591186523438
91031036,2019,2019-07-15,9730,2019-07-04,1215,019818,,4,1,9,2700,0,1,3,,1,014,SR-1,"GARRAPATA CRK BRDG",1584.00,S,N,A,-,Y,,,1,,,,,,,Y,4,0,2,2,A,-,03,22350,,N,C,C,A,A,H,-,A,D,0,,,,,Y,,A,07,0,0,2,0,0,0,0,0,0,"- ","- ",36.412120819091797,-121.91400909423828,MONTEREY,UNINCORPORATED,-121.91397857666016,36.412113189697266
91031192,2019,2019-07-16,9730,2019-07-05,0555,019569,,5,3,9,2700,0,3,5,,2,006,"BLACKIE RD","PRUNEDALE SOUTH RD",1056.00,W,N,B,-,N,,,,,,,,,,Y,4,0,2,2,A,-,09,21801,A,N,A,C,A,A,H,-,A,D,0,,,,,Y,,A,01,0,0,2,0,0,0,0,0,0,"- ","- ",36.775199890136719,-121.67800140380859,MONTEREY,UNINCORPORATED,-121.67515563964844,36.775474548339844
91031726,2019,2019-07-16,9735,2019-07-10,1053,020335,,3,1,9,2700,0,1,2,,1,040,US-101,"LAGOMARSINO AVE",849.00,N,N,A,-,Y,,,101,,,,,,,Y,4,0,1,1,A,-,08,22107,,N,E,I,A,A,H,-,A,D,0,,,,,Y,,A,07,0,0,1,0,0,0,0,0,0,"- ","- ",36.289600372314453,-121.19673919677734,MONTEREY,UNINCORPORATED,-121.19671630859375,36.289619445800781
91031775,2019,2019-07-16,9735,2019-07-13,0815,020036,,6,1,9,2700,0,1,2,,1,040,"US-101 N/B","ARROYO SECO RD",5280.00,S,N,B,-,Y,,,101,,,,,,N,Y,2,0,1,1,A,-,08,22107,,N,F,A,A,A,H,-,A,D,0,,,,,Y,,A,07,1,0,0,0,0,0,0,0,0,"- ","- ",36.388500213623047,-121.30583190917969,MONTEREY,UNINCORPORATED,-121.30587768554688,36.388462066650391
91032026,2019,2019-07-17,9730,2019-07-06,1013,020598,,6,1,9,2700,0,1,3,,1,072,SR-156,"MONTE DEL LAGO",0.00,,Y,A,-,Y,,,156,,,,,,,Y,3,0,2,3,A,-,08,22107,,N,C,C,A,A,H,-,A,D,0,,,,Y,Y,,F,26,0,2,0,0,0,0,0,0,0,"- ","- ",36.771308898925781,-121.73354339599609,MONTEREY,UNINCORPORATED,-121.73353576660156,36.771286010742188
91032080,2019,2019-07-17,9730,2019-07-06,1445,017184,,6,2,9,2700,0,1,3,,1,012,SR-1,"DOLAN CRK BRIDGE",2112.00,S,N,A,-,Y,,,1,,,,,,,Y,3,0,7,3,A,-,05,21460,A,N,A,C,A,A,H,-,A,A,0,,,,,Y,,A,07,0,4,3,0,0,0,0,0,0,"- ","- ",36.09954833984375,-121.62046813964844,MONTEREY,UNINCORPORATED,-121.62039184570312,36.09954833984375
91032133,2019,2019-07-17,9730,2019-07-06,1127,020598,,6,1,9,2700,0,1,3,,1,066,"SR-183 (MERRITT STREET)","SALINAS STREET",0.00,,Y,A,-,Y,,,183,,,,,,,N,4,0,1,2,A,-,03,22350,,N,C,C,A,A,H,-,A,A,0,,,,,Y,,A,01,0,0,1,0,0,0,0,0,0,"- ","- ",36.76190185546875,-121.75299835205078,MONTEREY,UNINCORPORATED,-121.75295257568359,36.761959075927734
91032161,2019,2019-07-17,9730,2019-07-06,1705,022092,,6,2,9,2700,0,3,5,,2,007,"CASTROVILLE BOULEVARD","PARADISE ROAD",0.00,,Y,A,-,N,,,,,,,,,,Y,3,0,2,2,A,-,09,21801,A,N,D,C,A,A,H,-,A,B,0,,,,,Y,,A,07,0,1,1,0,0,0,0,0,0,"- ","- ",36.799160003662109,-121.69844818115234,MONTEREY,UNINCORPORATED,-121.69850158691406,36.799171447753906
91032409,2019,2019-07-17,9730,2019-07-07,0018,020990,,7,3,9,2700,0,3,5,,2,004,"OLD STAGE ROAD","SPENCE ROAD",120.00,S,N,A,-,N,,,,,,,,,,Y,3,0,1,1,A,-,01,23152,A,M,E,I,A,A,H,-,D,D,0,,,,,Y,Y,D,22,0,1,0,0,0,0,0,0,0,"- ","- ",36.629711151123047,-121.53925323486328,MONTEREY,UNINCORPORATED,-121.53951263427734,36.629749298095703
91032482,2019,2019-07-17,9730,2019-07-07,2221,021856,,7,3,9,2700,0,1,2,,1,070,"NB US-101","REESE CIRCLE",550.00,S,N,A,-,Y,,,101,,,,,,,Y,3,0,2,2,A,-,01,23152,A,F,B,C,A,A,H,-,D,D,0,,,,,Y,Y,D,22,0,2,0,0,0,0,0,0,0,"- ","- ",36.773040771484375,-121.66915130615234,MONTEREY,UNINCORPORATED,-121.66915893554688,36.773040771484375
91032683,2019,2019-07-17,9730,2019-07-07,2250,020233,,7,3,9,2700,0,1,2,,1,070,"US-101 NORTHBOUND","REESE CIRCLE",1056.00,S,N,B,-,Y,,,101,,,,,,N,N,4,0,1,2,A,-,03,22350,,N,C,C,A,A,H,-,D,D,0,,,,,Y,,A,07,0,0,1,0,0,0,0,0,0,"- ","- ",36.765190124511719,-121.66777801513672,MONTEREY,UNINCORPORATED,-121.66783142089844,36.765174865722656
91032736,2019,2019-07-17,9730,2019-07-07,0000,020933,,7,3,9,2700,0,2,4,,1,023,"CARMEL VALLEY ROAD","TASSAJARA RD",5280.00,W,N,A,-,N,,,,,,,,,,Y,3,0,2,1,A,-,08,22107,,N,E,I,A,A,H,-,D,D,0,,,,,Y,,A,01,0,1,1,0,0,0,0,0,0,"- ","- ",36.408939361572266,-121.59329223632812,MONTEREY,UNINCORPORATED,-121.59349822998047,36.409343719482422
91033031,2019,2019-07-18,9730,2019-07-08,0610,015367,,1,1,9,2700,0,1,3,,1,066,SR-183,"RODGERS ROAD",1056.00,N,N,B,-,Y,,,183,,,,,,,Y,3,0,2,3,A,-,03,22350,,N,C,C,A,A,H,-,B,D,0,,,,,Y,,D,22,0,2,0,0,0,0,0,0,0,"- ","- ",36.732250213623047,-121.73502349853516,MONTEREY,UNINCORPORATED,-121.73502349853516,36.732250213623047
91033343,2019,2019-07-18,9730,2019-07-10,0110,020233,,3,3,9,2700,0,1,2,,1,050,US-101,"JOHN STREET OVERCROSS",165.00,N,N,B,-,Y,,,101,,,,,,,Y,2,0,2,1,A,-,01,23152,A,N,E,I,A,A,H,-,C,D,0,,,,,Y,Y,A,01,1,1,0,0,0,0,0,0,0,"- ","- ",36.622711181640625,-121.58051300048828,MONTEREY,UNINCORPORATED,-121.58052062988281,36.622699737548828
91033349,2019,2019-07-18,9730,2019-07-10,0800,020598,,3,1,9,2700,0,1,3,,1,022,"SR-1 S/B","ATHERTON DRIVE",500.00,N,N,B,-,Y,,,1,,,,,,S,N,4,0,1,2,A,-,03,22350,,N,C,C,A,A,H,-,A,D,0,,,,,Y,,D,22,0,0,1,0,0,0,0,0,0,"- ","- ",36.546699523925781,-121.90969848632812,MONTEREY,UNINCORPORATED,-121.90969085693359,36.546699523925781
91033428,2019,2019-07-18,9730,2019-07-10,1615,017803,,3,2,9,2700,0,1,3,,1,068,SR68,"B RD",528.00,W,N,A,-,Y,,,68,,,,,,,Y,4,0,1,2,A,-,03,22350,,N,C,C,A,A,H,-,A,D,0,,,,,Y,,D,22,0,0,1,0,0,0,0,0,0,"- ","- ",36.570529937744141,-121.76419067382812,MONTEREY,UNINCORPORATED,-121.76419067382812,36.570537567138672
91033509,2019,2019-07-18,9730,2019-07-11,2311,020896,,4,3,9,2700,0,2,4,,1,073,"SAN MIGUEL CANYON RD","HALL RD",0.00,,Y,B,-,N,,,,,,,,,,Y,2,0,1,1,A,-,03,22350,,N,E,I,A,A,H,-,D,D,0,,,,,Y,,A,01,1,0,0,0,0,0,0,0,0,"- ","- ",36.859451293945312,-121.69526672363281,MONTEREY,UNINCORPORATED,-121.69519805908203,36.859321594238281
91034828,2019,2019-07-22,9735,2019-07-14,2105,021120,,7,2,9,2700,0,1,2,,1,041,"US-101 N/B","CENTRAL AVE.",5544.00,N,N,A,-,Y,,,101,,,,,,N,Y,3,0,1,1,A,-,01,23152,A,N,F,I,A,A,H,-,D,D,0,,,,,Y,Y,A,01,0,1,0,0,0,0,0,0,0,"- ","- ",36.249099731445312,-121.17572021484375,MONTEREY,UNINCORPORATED,-121.17591857910156,36.24908447265625