CASE_ID,ACCIDENT_YEAR,PROC_DATE,JURIS,COLLISION_DATE,COLLISION_TIME,OFFICER_ID,REPORTING_DISTRICT,DAY_OF_WEEK,CHP_SHIFT,POPULATION,CNTY_CITY_LOC,SPECIAL_COND,BEAT_TYPE,CHP_BEAT_TYPE,CITY_DIVISION_LAPD,CHP_BEAT_CLASS,BEAT_NUMBER,PRIMARY_RD,SECONDARY_RD,DISTANCE,DIRECTION,INTERSECTION,WEATHER_1,WEATHER_2,STATE_HWY_IND,CALTRANS_COUNTY,CALTRANS_DISTRICT,STATE_ROUTE,ROUTE_SUFFIX,POSTMILE_PREFIX,POSTMILE,LOCATION_TYPE,RAMP_INTERSECTION,SIDE_OF_HWY,TOW_AWAY,COLLISION_SEVERITY,NUMBER_KILLED,NUMBER_INJURED,PARTY_COUNT,PRIMARY_COLL_FACTOR,PCF_CODE_OF_VIOL,PCF_VIOL_CATEGORY,PCF_VIOLATION,PCF_VIOL_SUBSECTION,HIT_AND_RUN,TYPE_OF_COLLISION,MVIW,PED_ACTION,ROAD_SURFACE,ROAD_COND_1,ROAD_COND_2,LIGHTING,CONTROL_DEVICE,CHP_ROAD_TYPE,PEDESTRIAN_ACCIDENT,BICYCLE_ACCIDENT,MOTORCYCLE_ACCIDENT,TRUCK_ACCIDENT,NOT_PRIVATE_PROPERTY,ALCOHOL_INVOLVED,STWD_VEHTYPE_AT_FAULT,CHP_VEHTYPE_AT_FAULT,COUNT_SEVERE_INJ,COUNT_VISIBLE_INJ,COUNT_COMPLAINT_PAIN,COUNT_PED_KILLED,COUNT_PED_INJURED,COUNT_BICYCLIST_KILLED,COUNT_BICYCLIST_INJURED,COUNT_MC_KILLED,COUNT_MC_INJURED,PRIMARY_RAMP,SECONDARY_RAMP,LATITUDE,LONGITUDE,COUNTY,CITY,POINT_X,POINT_Y
91193391,2020,2020-02-25,9730,2020-02-15,0925,019022,,6,1,2,2701,0,3,5,,2,002,"RIO ROAD WESTBOUND","CROSSROADS BOULEVARD",30.00,E,N,A,-,N,,,,,,,,,,Y,4,0,4,3,A,-,03,22350,,N,C,C,A,A,H,-,A,A,0,,,,,Y,,M,47,0,0,4,0,0,0,0,0,0,"- ","- ",36.538448333740234,-121.90828704833984,MONTEREY,CARMEL,-121.908406,36.538437000000002
91194094,2019,2020-02-26,9735,2019-09-16,1550,018995,,1,2,9,2700,0,3,5,,2,003,"METZ RD","CO RD G14 (METZ ROAD) MPM 7.0",1484.00,N,N,B,-,N,,,,,,,,,,Y,1,1,0,3,A,-,01,23152,A,F,C,C,A,A,H,-,A,D,0,,,,,Y,Y,D,22,0,0,0,0,0,0,0,0,0,"- ","- ",36.315128326416016,-121.17182922363281,MONTEREY,UNINCORPORATED,-121.17182922363281,36.315128326416016
91194110,2020,2020-02-26,9735,2020-02-19,1825,018995,,3,2,9,2700,0,3,5,,2,003,"CATTLEMEN RD","WILD HORSE RD",7920.00,S,N,A,-,N,,,,,,,,,,N,4,0,1,2,A,-,08,22107,,N,B,G,A,A,H,-,D,D,0,,Y,,,Y,,D,22,0,0,1,0,0,0,1,0,0,"- ","- ",36.193538665771484,-121.03598022460938,MONTEREY,UNINCORPORATED,-121.05928802490234,36.171169281005859
91194195,2020,2020-02-26,9730,2020-02-16,2315,022092,,7,3,9,2700,0,1,3,,2,062,"SR-1 (CABRILLO HIGHWAY) SOUTHBOUND","LIGHTFIGHTER DRIVE OFR",15.00,N,N,A,-,Y,,,1,,,,,,S,Y,3,0,1,1,A,-,01,23152,A,N,E,I,A,A,H,-,C,D,0,,,,,Y,Y,A,01,0,1,0,0,0,0,0,0,0,"- ","- ",36.645759582519531,-121.81868743896484,MONTEREY,UNINCORPORATED,-121.81840515136719,36.645122528076172
91194206,2020,2020-02-26,9730,2020-02-16,0925,018886,,7,1,9,2700,0,1,3,,1,068,SR-68,"TORERO DRIVE",1425.00,W,N,A,-,Y,,,68,,,,,,,Y,4,0,1,3,A,-,03,22350,,N,C,C,A,A,H,-,A,D,0,,Y,,,Y,,A,01,0,0,1,0,0,0,1,0,0,"- ","- ",36.590839385986328,-121.70807647705078,MONTEREY,UNINCORPORATED,-121.70805358886719,36.590805053710938
91194249,2020,2020-02-26,9730,2020-02-16,1308,019770,,7,1,9,2700,0,3,5,,2,007,"CASTROVILLE BOULEVARD","CIELO AZUL",275.00,S,N,A,-,N,,,,,,,,,,N,4,0,4,2,A,-,04,21703,,N,C,D,A,A,H,-,A,A,0,,,,Y,Y,,G,27,0,0,4,0,0,0,0,0,0,"- ","- ",36.772220611572266,-121.74205017089844,MONTEREY,UNINCORPORATED,-121.74201202392578,36.772167205810547
91194309,2020,2020-02-26,9730,2020-02-16,1730,022129,,7,2,9,2700,0,2,4,,1,073,"SAN MIGUEL CANYON ROAD","ECHO VALLEY ROAD",0.00,,Y,A,-,N,,,,,,,,,,Y,2,0,4,2,A,-,09,21802,A,N,D,C,A,A,H,-,A,A,0,,,,,Y,,A,01,1,1,2,0,0,0,0,0,0,"- ","- ",36.821739196777344,-121.67347717285156,MONTEREY,UNINCORPORATED,-121.67346954345703,36.821659088134766
91194378,2020,2020-02-26,9730,2020-02-16,0235,022151,,7,3,9,2700,0,2,4,,2,063,"BLANCO RD","RESERVATION RD",6.00,W,N,A,-,N,,,,,,,,,,Y,2,0,1,1,A,-,01,23152,A,N,E,I,A,A,H,-,C,A,0,,,,,Y,Y,A,01,1,0,0,0,0,0,0,0,0,"- ","- ",36.666660308837891,-121.75713348388672,MONTEREY,UNINCORPORATED,-121.75669097900391,36.66693115234375
91194533,2020,2020-02-27,9730,2020-02-17,1410,019981,,1,2,9,2700,0,3,5,,2,002,"RIO ROAD","BIRCH PL",100.00,W,N,A,-,N,,,,,,,,,,N,4,0,2,2,A,-,21,22106,,N,D,C,A,A,H,-,A,D,0,,,,,Y,,A,08,0,0,2,0,0,0,0,0,0,"- ","- ",36.540321350097656,-121.91195678710938,MONTEREY,UNINCORPORATED,-121.91162109375,36.540164947509766
91194761,2020,2020-02-27,9730,2020-02-17,2130,020970,,1,2,9,2700,0,3,5,,2,003,"CACHAGUA ROAD","ASOLEADO DRIVE",283.00,E,N,A,-,N,,,,,,,,,,Y,4,0,1,1,A,-,01,23152,A,N,E,I,A,A,H,-,D,D,0,,,,,Y,Y,D,22,0,0,1,0,0,0,0,0,0,"- ","- ",36.392528533935547,-121.63681030273438,MONTEREY,UNINCORPORATED,-121.64779663085938,36.396335601806641
91195155,2020,2020-03-11,9735,2020-02-19,1700,020710,,3,2,9,2700,0,1,3,,2,030,SR-146,"STONEWALL CANYON RD",2112.00,E,N,A,-,Y,,,146,,,,,,,Y,3,0,1,1,A,-,08,22107,,N,E,I,A,A,H,-,A,D,0,,,,,Y,,D,22,0,1,0,0,0,0,0,0,0,"- ","- ",36.423259735107422,-121.28801727294922,MONTEREY,UNINCORPORATED,-121.28801727294922,36.423187255859375
9119589,2020,2020-09-26,2706,2020-07-11,1028,530,2706,6,5,4,2706,0,0,0,,0,001,"LIGHTHOUSE AV","DAVID AV",0.00,,Y,A,-,N,,,,,,,,,,N,4,0,1,2,A,-,10,21950,A,N,B,B,B,A,H,-,A,A,0,Y,,,,Y,,A,01,0,0,1,0,1,0,0,0,0,"- ","- ",,,MONTEREY,MONTEREY,-121.90447235107422,36.616790771484375
9119590,2020,2020-09-26,2706,2020-07-06,1000,395,2706,1,5,4,2706,0,0,0,,0,002,"MUNRAS AV","CARMELITO AV",0.00,,Y,A,-,N,,,,,,,,,,N,3,0,1,2,A,-,12,22450,A,N,D,G,A,A,H,-,A,A,0,,Y,,,Y,,A,07,0,1,0,0,0,0,1,0,0,"- ","- ",,,MONTEREY,MONTEREY,-121.89450073242188,36.591861724853516
91198333,2020,2020-02-28,9730,2020-02-18,0740,015367,,2,1,1,2709,0,1,3,,2,062,"SR-1 SB","CALIFORNIA AVENUE",600.00,S,N,A,-,Y,,,1,,,,,,S,N,4,0,1,2,A,-,03,22350,,N,C,C,A,A,H,-,A,D,0,,,,,Y,,A,01,0,0,1,0,0,0,0,0,0,"- ","- ",36.623630523681641,-121.84371948242188,MONTEREY,"SAND CITY",-121.84369659423828,36.623573303222656
91198396,2020,2020-02-28,9730,2020-02-18,2250,020916,,2,3,9,2700,0,1,2,,1,030,"US-101 SOUTHBOUND","SOLEDAD PRISON ROAD O/C",950.00,N,N,A,-,Y,,,101,,,,,,S,Y,4,0,1,1,A,-,08,22107,,N,E,I,A,A,H,-,D,D,0,,,,,Y,,A,07,0,0,1,0,0,0,0,0,0,"- ","- ",36.466201782226562,-121.39057159423828,MONTEREY,UNINCORPORATED,-121.39052581787109,36.466281890869141
9119854,2020,2020-08-12,2707,2020-05-27,2113,2254,,3,5,3,2707,0,0,0,,0,002,LIGHTHOUSE,"PARK ST",25.00,W,N,A,-,N,,,,,,,,,,N,4,0,1,2,A,-,11,21954,A,N,G,B,D,A,H,-,C,A,0,Y,,,,Y,Y,N,60,0,0,1,0,1,0,0,0,0,"- ","- ",,,MONTEREY,"PACIFIC GROVE",-121.92033386230469,36.622215270996094
91198886,2020,2020-02-28,9735,2020-02-25,0410,020841,,2,3,9,2700,0,1,2,,2,044,US-101,"ALVARADO LN",6336.00,N,N,A,-,Y,,,101,,,,,,,Y,3,0,1,1,A,-,08,22107,,N,F,A,A,A,H,-,D,D,0,,,,,Y,,A,01,0,1,0,0,0,0,0,0,0,"- ","- ",35.961559295654297,-120.88558959960938,MONTEREY,UNINCORPORATED,-120.88563537597656,35.961517333984375
9119976,2020,2020-09-26,2712,2020-07-10,0005,1214,2712,5,5,3,2712,0,0,0,,0,001,"DE FOREST RD","BEACH RD",65.00,S,N,A,-,N,,,,,,,,,,Y,4,0,1,1,A,-,03,22350,,N,F,I,A,A,H,-,C,A,0,,,,,Y,,A,07,0,0,1,0,0,0,0,0,0,"- ","- ",,,MONTEREY,MARINA,-121.78854370117188,36.691177368164062
91200096,2020,2020-03-02,9730,2020-02-19,0755,017785,,3,1,9,2700,0,3,5,,2,004,"ALISAL ROAD","HARTNELL ROAD",6336.00,N,N,A,-,N,,,,,,,,,,Y,4,0,3,1,A,-,08,22107,,N,F,A,A,A,H,-,A,D,0,,,,,Y,,A,07,0,0,3,0,0,0,0,0,0,"- ","- ",36.660480499267578,-121.59011077880859,MONTEREY,UNINCORPORATED,-121.58935546875,36.659526824951172
91200117,2020,2020-03-02,9730,2020-02-19,1305,018350,,3,1,9,2700,0,1,S,,2,201,SR-1,"RIO ROAD",30.00,N,N,A,-,Y,,,1,,,,,,,N,4,0,1,2,A,-,21,22106,,N,C,C,A,A,H,-,A,A,0,,,,,Y,,D,22,0,0,1,0,0,0,0,0,0,"- ","- ",36.539710998535156,-121.91001892089844,MONTEREY,UNINCORPORATED,-121.91001129150391,36.539703369140625
91200244,2020,2020-03-04,9730,2020-02-19,2220,022118,,3,3,9,2700,0,1,3,,1,022,SR-1,"OLIVER ROAD",155.00,N,N,A,-,Y,,,1,,,,,,,Y,2,0,2,1,A,-,01,23152,A,N,E,I,A,A,H,-,D,D,0,,,,,Y,Y,A,01,1,1,0,0,0,0,0,0,0,"- ","- ",36.537448883056641,-121.91143798828125,MONTEREY,UNINCORPORATED,-121.9114990234375,36.5374755859375
91200386,2020,2020-03-03,9730,2020-02-21,1310,019022,,5,1,9,2700,0,1,3,,1,012,"SR-1 (CABRILLO HIGHWAY) SOUTHBOUND","LIME CREEK BRIDGE",363.00,N,N,A,-,Y,,,1,,,,,,S,Y,3,0,3,2,A,-,05,21460,A,N,A,C,A,A,H,-,A,D,0,,,,,Y,Y,D,22,0,1,2,0,0,0,0,0,0,"- ","- ",36.121219635009766,-121.63141632080078,MONTEREY,UNINCORPORATED,-121.63142395019531,36.121212005615234
91200798,2020,2020-03-03,9730,2020-02-22,1317,019315,,6,1,9,2700,0,1,2,,1,070,"US-101 (S/B)","CRAZYHORSE CANYON ROAD",400.00,S,N,B,-,Y,,,101,,,,,,,N,2,0,1,1,A,-,03,22350,,N,F,J,A,A,H,-,A,D,0,,,Y,,Y,,C,02,1,0,0,0,0,0,0,0,1,"- ","- ",36.817790985107422,-121.63413238525391,MONTEREY,UNINCORPORATED,-121.63413238525391,36.817790985107422
91200816,2020,2020-03-03,9730,2020-02-21,1802,019981,,5,2,9,2700,0,2,4,,1,073,"SALINAS ROAD","JONATHAN ROAD",6.00,N,N,A,-,N,,,,,,,,,,Y,4,0,1,2,A,-,03,22350,,N,C,C,A,A,H,-,C,D,0,,,,,Y,,A,07,0,0,1,0,0,0,0,0,0,"- ","- ",36.90093994140625,-121.74820709228516,MONTEREY,UNINCORPORATED,-121.7481689453125,36.900836944580078
91201400,2020,2020-03-04,9730,2020-02-23,2210,020990,,7,3,9,2700,0,3,5,,2,007,"ESPINOSA ROAD","RODGERS ROAD",2640.00,W,N,A,-,N,,,,,,,,,,Y,3,0,1,1,A,-,08,22107,,M,E,I,A,A,H,-,D,D,0,,,,,Y,,D,22,0,1,0,0,0,0,0,0,0,"- ","- ",36.746551513671875,-121.6986083984375,MONTEREY,UNINCORPORATED,-121.69969940185547,36.746971130371094
91202089,2020,2020-03-05,9730,2020-02-24,0840,015367,,1,1,9,2700,0,3,5,,2,007,"BAYVIEW ROAD","WALKER VALLEY ROAD",695.00,W,N,A,-,N,,,,,,,,,,Y,4,0,1,1,A,-,03,22350,,N,E,I,A,A,H,-,A,D,0,,,,,Y,,A,01,0,0,1,0,0,0,0,0,0,"- ","- ",36.807769775390625,-121.7156982421875,MONTEREY,UNINCORPORATED,-121.71556091308594,36.807701110839844
91202094,2020,2020-03-05,9730,2020-02-24,0745,015160,,1,1,9,2700,0,2,4,,1,075,"SAN JUAN ROAD","GONDA STREET",75.00,E,N,A,-,N,,,,,,,,,,N,4,0,1,2,A,-,03,22350,,N,C,C,A,A,H,-,A,D,0,,,,,Y,,A,01,0,0,1,0,0,0,0,0,0,"- ","- ",36.904468536376953,-121.74696350097656,MONTEREY,UNINCORPORATED,-121.74702453613281,36.904457092285156
91202095,2020,2020-03-05,9730,2020-02-24,1210,015160,,1,1,9,2700,0,2,4,,1,073,"ELKHORN ROAD","HALL ROAD",500.00,N,N,A,-,N,,,,,,,,,,Y,2,0,1,1,A,-,01,23152,A,N,E,I,A,A,H,-,A,D,0,,,,,Y,Y,A,01,1,0,0,0,0,0,0,0,0,"- ","- ",36.869850158691406,-121.74432373046875,MONTEREY,UNINCORPORATED,-121.74427795410156,36.869846343994141
91202298,2020,2020-03-05,9735,2020-02-25,1040,016696,,2,1,9,2700,0,3,5,,2,002,"JOLON ROAD","HEINSEN RD",10560.00,N,N,A,-,N,,,,,,,,,,Y,3,0,1,1,A,-,01,23152,F,N,E,I,A,A,H,-,A,D,0,,,,,Y,,A,01,0,1,0,0,0,0,0,0,0,"- ","- ",35.903499603271484,-120.9647216796875,MONTEREY,UNINCORPORATED,-120.95306396484375,35.898826599121094
91203252,2020,2020-03-06,9730,2020-02-22,1343,020899,,6,1,9,2700,0,1,3,,2,062,"NORTHBOUND SR-1","LIGHTFIGHTER DRIVE",3812.00,S,N,B,-,Y,,,1,,,,,,,Y,4,0,3,4,A,-,08,22107,,M,B,C,A,A,H,-,A,D,0,,,,,Y,,A,01,0,0,3,0,0,0,0,0,0,"- ","- ",36.640388488769531,-121.82504272460938,MONTEREY,UNINCORPORATED,-121.82502746582031,36.640369415283203
91203415,2020,2020-03-06,9730,2020-02-12,0749,016666,,3,1,9,2700,0,3,5,,2,005,"DAVIS ROAD","AMBROSE STREET",20.00,N,N,A,-,N,,,,,,,,,,N,4,0,1,2,A,-,03,22350,,F,C,C,A,A,H,-,A,D,0,,,,,Y,,A,01,0,0,1,0,0,0,0,0,0,"- ","- ",36.669399261474609,-121.68299865722656,MONTEREY,UNINCORPORATED,-121.68296813964844,36.669296264648438
91203547,2020,2020-03-06,9735,2020-03-04,2242,021275,,3,3,9,2700,0,2,4,,2,010,"ARROYO SECO RD","CEDAR AVE",212.00,W,N,A,-,N,,,,,,,,,,Y,3,0,2,2,A,-,01,23152,A,N,A,C,A,A,H,-,D,D,0,,,,,Y,Y,A,01,0,2,0,0,0,0,0,0,0,"- ","- ",36.304908752441406,-121.31159973144531,MONTEREY,UNINCORPORATED,-121.31191253662109,36.303882598876953
91203557,2020,2020-03-06,9730,2020-02-25,0635,016537,,2,1,9,2700,0,1,2,,1,050,"US-101 S/B","BORONDA RD. O/C",730.00,S,N,A,-,Y,,,101,,,,,,S,Y,4,0,2,2,A,-,07,21658,A,N,F,A,A,A,H,-,A,D,0,,,,,Y,,A,01,0,0,2,0,0,0,0,0,0,"- ","- ",36.719970703125,-121.66065216064453,MONTEREY,UNINCORPORATED,-121.66056060791016,36.719947814941406
91203561,2020,2020-03-06,9730,2020-02-25,0820,015367,,2,1,9,2700,0,3,5,,2,007,"CASTROVILLE BOULEVARD","SOUTH DRIVEWAY TO 13990 CASTROVILLE BLVD",45.00,N,N,A,-,N,,,,,,,,,,N,4,0,2,2,A,-,21,22106,,N,C,C,A,A,H,-,A,D,0,,,,,Y,,A,01,0,0,2,0,0,0,0,0,0,"- ","- ",36.779369354248047,-121.73587036132812,MONTEREY,UNINCORPORATED,-121.73587000000001,36.779369000000003
91203563,2020,2020-03-06,9730,2020-02-25,0125,020621,,2,3,9,2700,0,1,3,,1,072,SR-156,"PRUNEDALE N. ROAD",30.00,W,N,A,-,Y,,,156,,,,,,,Y,3,0,1,1,A,-,01,23152,A,N,E,I,A,A,H,-,C,A,0,,,,,Y,Y,A,01,0,1,0,0,0,0,0,0,0,"- ","- ",36.789321899414062,-121.66860961914062,MONTEREY,UNINCORPORATED,-121.66858673095703,36.78924560546875
91204073,2020,2020-03-09,9735,2020-03-01,1557,020710,,7,2,3,2705,0,1,2,,2,042,"US-101 NORTHBOUND","CANAL STREET",1584.00,S,N,B,-,Y,,,101,,,,,,N,Y,2,0,1,1,A,-,08,22107,,N,E,I,A,B,D,H,A,D,0,,,,,Y,,A,08,1,0,0,0,0,0,0,0,0,"- ","- ",36.202640533447266,-121.12362670898438,MONTEREY,"KING CITY",-121.12362670898438,36.20263671875
91205465,2020,2020-03-10,9730,2020-03-02,1540,019981,,1,2,9,2700,0,1,3,,1,022,SR1,"RILEY RANCH RD",75.00,N,N,A,-,Y,,,1,,,,,,,Y,3,0,1,2,A,-,09,21801,A,N,D,C,A,A,H,-,A,D,0,,,,,Y,,A,07,0,1,0,0,0,0,0,0,0,"- ","- ",36.518341064453125,-121.93451690673828,MONTEREY,UNINCORPORATED,-121.93453216552734,36.518360137939453
91205559,2020,2020-04-06,9730,2020-02-29,1353,020899,,6,1,9,2700,0,1,3,,2,062,"NORTHBOUND SR-1","FREMONT BOULEVARD",2270.00,S,N,A,-,Y,,,,,,,,,,N,4,0,1,3,A,-,03,22350,,N,C,C,A,A,H,-,A,D,0,,,,,Y,,D,22,0,0,1,0,0,0,0,0,0,"- ","- ",36.620071411132812,-121.84689331054688,MONTEREY,UNINCORPORATED,,
91205584,2020,2020-03-10,9730,2020-02-27,1502,022481,,4,2,9,2700,0,3,5,,2,006,"ESPINOSA ROAD",SR-183,2112.00,E,N,A,-,N,,,,,,,,,,Y,3,0,2,1,A,-,08,22107,,N,F,A,A,A,H,-,A,D,0,,,,,Y,,A,01,0,2,0,0,0,0,0,0,0,"- ","- ",36.74298095703125,-121.73477172851562,MONTEREY,UNINCORPORATED,,
91205986,2020,2020-03-11,9735,2020-03-08,2205,020335,,7,3,9,2700,0,1,2,,1,040,"S/B US-101","ARROYO SECO ROAD",5280.00,S,N,A,-,Y,,,101,,,,,,,Y,4,0,2,2,A,-,01,23152,A,M,C,C,A,A,H,-,D,D,0,,,,,Y,Y,A,01,0,0,2,0,0,0,0,0,0,"- ","- ",36.391880035400391,-121.30873107910156,MONTEREY,UNINCORPORATED,-121.30870056152344,36.391902923583984
91206506,2020,2020-03-11,9730,2020-03-01,0112,020990,,7,3,9,2700,0,1,2,,1,070,"US-101 NORTHBOUND","SALA ROAD",1500.00,S,N,A,B,Y,,,101,,,,,,N,Y,3,0,1,2,A,-,01,23152,F,M,C,C,A,A,H,-,D,D,0,,,,,Y,,A,07,0,1,0,0,0,0,0,0,0,"- ","- ",36.739200592041016,-121.65808868408203,MONTEREY,UNINCORPORATED,-121.65863800048828,36.738986968994141
91206533,2020,2020-03-11,9730,2020-02-29,1441,020899,,6,2,9,2700,0,1,3,,2,062,"SOUTHBOUND SR-1","FREMONT BOULEVARD",1637.00,N,N,A,-,Y,,,1,,,,,,,N,4,0,1,3,A,-,03,22350,,N,C,C,A,A,H,-,A,D,0,,,,,Y,,A,07,0,0,1,0,0,0,0,0,0,"- ","- ",36.628360748291016,-121.83824157714844,MONTEREY,UNINCORPORATED,-121.83822631835938,36.628349304199219
91206568,2020,2020-03-11,9730,2020-03-01,1650,022481,,7,2,9,2700,0,1,2,,1,030,"US-101 N/B FROM MORANDA ROAD","FRONT STREET",1100.00,N,N,A,-,Y,,,101,,,,R,,N,Y,3,0,1,1,A,-,08,22107,,N,E,I,A,B,H,-,A,D,0,,,,,Y,,D,22,0,1,0,0,0,0,0,0,0,"- ","- ",36.434429168701172,-121.33860015869141,MONTEREY,UNINCORPORATED,-121.33860015869141,36.434429168701172
91207011,2020,2020-03-12,9730,2020-03-02,0755,018350,,1,1,9,2700,0,3,5,,2,006,"HEBERT ROAD","MIDDLEFIELD ROAD",12.00,E,N,A,-,N,,,,,,,,,,Y,4,0,1,3,A,-,03,22350,,N,C,C,A,A,H,-,A,D,0,,,,,Y,,D,22,0,0,1,0,0,0,0,0,0,"- ","- ",36.758319854736328,-121.61345672607422,MONTEREY,UNINCORPORATED,-121.61354827880859,36.75836181640625
91207083,2020,2020-03-12,9730,2020-03-03,1234,014800,,2,1,9,2700,0,3,5,,2,004,"HARTNELL ROAD","ALISAL ROAD",1584.00,W,N,A,-,N,,,,,,,,,,Y,4,0,1,1,A,-,08,22107,,N,E,I,A,A,H,-,A,D,0,,,,,Y,,A,08,0,0,1,0,0,0,0,0,0,"- ","- ",36.641300201416016,-121.57900238037109,MONTEREY,UNINCORPORATED,-121.57887268066406,36.641490936279297
91207770,2020,2020-03-13,9730,2020-03-03,1820,020701,,2,2,9,2700,0,1,2,,1,050,"FUJI LANE","HARTNELL ROAD",3000.00,S,N,A,-,N,,,,,,,,,,Y,3,0,1,1,A,-,00,22017,,N,E,I,A,A,H,-,D,D,0,,,,,Y,,A,01,0,1,0,0,0,0,0,0,0,"- ","- ",36.630561828613281,-121.57089996337891,MONTEREY,UNINCORPORATED,,
91207804,2020,2020-03-13,9730,2020-03-03,0800,015160,,2,1,9,2700,0,1,3,,1,074,SR-1,"JENSEN ROAD",2640.00,S,N,A,-,Y,,,1,,,,,,,N,4,0,1,2,A,-,03,22350,,N,C,C,A,A,H,-,A,D,0,,,,,Y,,A,07,0,0,1,0,0,0,0,0,0,"- ","- ",36.845928192138672,-121.77108764648438,MONTEREY,UNINCORPORATED,-121.77113342285156,36.845932006835938
91209080,2020,2020-03-16,9730,2020-03-06,1413,021856,,5,2,9,2700,0,2,4,,1,073,"SAN MIGUEL CANYON ROAD","MORO ROAD",100.00,E,N,A,-,Y,,,,,,,,,,Y,4,0,1,3,A,-,03,22350,,N,C,C,A,A,H,-,A,D,0,,,,,Y,,D,22,0,0,1,0,0,0,0,0,0,"- ","- ",36.802398681640625,-121.66654205322266,MONTEREY,UNINCORPORATED,-121.66654205322266,36.802433013916016
91209100,2020,2020-03-16,9730,2020-03-06,1415,021358,,5,2,9,2700,0,3,5,,2,002,"LAURELES GRADE","CARMEL VALLEY ROAD",30.00,N,N,A,-,N,,,,,,,,,,Y,4,0,1,2,A,-,03,22350,,N,C,C,A,A,H,-,A,D,0,,,,,Y,,A,07,0,0,1,0,0,0,0,0,0,"- ","- ",36.501068115234375,-121.75644683837891,MONTEREY,UNINCORPORATED,-121.75649261474609,36.500980377197266
91209242,2020,2020-03-16,9730,2020-03-05,1300,018350,,4,1,9,2700,0,1,2,,1,070,"US-101 S/B","SAN MIGUEL CANYON ROAD",1200.00,S,N,A,-,Y,,,101,,,,,,S,Y,3,0,2,3,A,-,07,21658,A,F,B,C,A,A,H,-,A,D,0,,,,,Y,,A,01,0,1,1,0,0,0,0,0,0,"- ","- ",36.797821044921875,-121.66545867919922,MONTEREY,UNINCORPORATED,-121.66547393798828,36.797824859619141
91209409,2020,2020-03-16,9730,2020-03-08,0815,018886,,7,1,9,2700,0,1,3,,1,014,SR-1,"BIXBY BRIDGE",2000.00,S,N,B,-,Y,,,1,,,,,,,Y,4,0,1,1,A,-,01,23152,A,N,F,I,A,B,H,-,A,D,0,,,,,Y,Y,A,07,0,0,1,0,0,0,0,0,0,"- ","- ",36.365440368652344,-121.89965057373047,MONTEREY,UNINCORPORATED,-121.8995361328125,36.365478515625
91210450,2020,2020-03-17,9730,2020-03-08,0355,022151,,7,3,9,2700,0,3,5,,2,007,"MERIDIAN RD","DYER RD",1584.00,W,N,C,-,N,,,,,,,,,,Y,4,0,1,1,C,-,18,,,N,H,H,A,B,H,-,D,D,0,,,,,Y,,-,"- ",0,0,1,0,0,0,0,0,0,"- ","- ",36.788600921630859,-121.68962860107422,MONTEREY,UNINCORPORATED,-121.68891143798828,36.788536071777344
91211229,2020,2020-03-18,9730,2020-03-09,2045,022151,,1,2,9,2700,0,1,3,,1,012,SR-1,"GORDA MT RD",21120.00,S,N,B,-,Y,,,,,,,,,,Y,3,0,4,1,A,-,08,22107,,N,E,I,A,B,H,-,D,D,0,,,,,Y,,A,07,0,3,1,0,0,0,0,0,0,"- ","- ",36.815330505371094,-121.35858154296875,MONTEREY,UNINCORPORATED,-121.362832,35.811596000000002
91211634,2020,2020-03-19,9730,2020-03-09,1702,021888,,1,2,9,2700,0,3,5,,2,006,"PORTOLA DRIVE","TORO PARK CENTER",0.00,,Y,A,-,N,,,,,,,,,,Y,3,0,1,2,A,-,09,21804,A,N,D,C,A,A,H,-,A,D,0,,,,,Y,,A,07,0,1,0,0,0,0,0,0,0,"- ","- ",36.604488372802734,-121.69628143310547,MONTEREY,UNINCORPORATED,-121.69639100000001,36.604488000000003
91211684,2020,2020-03-19,9730,2020-03-09,1309,016666,,1,1,9,2700,0,2,4,,1,023,"CARMEL VALLEY ROAD","MIRAMONTE ROAD",528.00,E,N,A,-,N,,,,,,,,,,Y,4,0,2,2,A,-,08,22107,,N,D,C,A,A,H,-,A,A,0,,,,,Y,,A,01,0,0,2,0,0,0,0,0,0,"- ","- ",36.510501861572266,-121.76860046386719,MONTEREY,UNINCORPORATED,-121.76837158203125,36.510440826416016
91211739,2020,2020-03-19,9730,2020-03-09,0725,018350,,1,1,9,2700,0,1,3,,1,066,"SR-183 (MERRITT STREET)",SR-156,0.00,,Y,A,B,Y,,,183,,,,,,,Y,4,0,1,2,A,-,17,21461,A,N,D,C,A,A,H,-,A,A,0,,,,,Y,,A,01,0,0,1,0,0,0,0,0,0,"- ","- ",36.761238098144531,-121.75179290771484,MONTEREY,UNINCORPORATED,-121.75184631347656,36.761161804199219