CASE_ID,ACCIDENT_YEAR,PROC_DATE,JURIS,COLLISION_DATE,COLLISION_TIME,OFFICER_ID,REPORTING_DISTRICT,DAY_OF_WEEK,CHP_SHIFT,POPULATION,CNTY_CITY_LOC,SPECIAL_COND,BEAT_TYPE,CHP_BEAT_TYPE,CITY_DIVISION_LAPD,CHP_BEAT_CLASS,BEAT_NUMBER,PRIMARY_RD,SECONDARY_RD,DISTANCE,DIRECTION,INTERSECTION,WEATHER_1,WEATHER_2,STATE_HWY_IND,CALTRANS_COUNTY,CALTRANS_DISTRICT,STATE_ROUTE,ROUTE_SUFFIX,POSTMILE_PREFIX,POSTMILE,LOCATION_TYPE,RAMP_INTERSECTION,SIDE_OF_HWY,TOW_AWAY,COLLISION_SEVERITY,NUMBER_KILLED,NUMBER_INJURED,PARTY_COUNT,PRIMARY_COLL_FACTOR,PCF_CODE_OF_VIOL,PCF_VIOL_CATEGORY,PCF_VIOLATION,PCF_VIOL_SUBSECTION,HIT_AND_RUN,TYPE_OF_COLLISION,MVIW,PED_ACTION,ROAD_SURFACE,ROAD_COND_1,ROAD_COND_2,LIGHTING,CONTROL_DEVICE,CHP_ROAD_TYPE,PEDESTRIAN_ACCIDENT,BICYCLE_ACCIDENT,MOTORCYCLE_ACCIDENT,TRUCK_ACCIDENT,NOT_PRIVATE_PROPERTY,ALCOHOL_INVOLVED,STWD_VEHTYPE_AT_FAULT,CHP_VEHTYPE_AT_FAULT,COUNT_SEVERE_INJ,COUNT_VISIBLE_INJ,COUNT_COMPLAINT_PAIN,COUNT_PED_KILLED,COUNT_PED_INJURED,COUNT_BICYCLIST_KILLED,COUNT_BICYCLIST_INJURED,COUNT_MC_KILLED,COUNT_MC_INJURED,PRIMARY_RAMP,SECONDARY_RAMP,LATITUDE,LONGITUDE,COUNTY,CITY,POINT_X,POINT_Y
91235380,2020,2020-05-08,9730,2020-04-28,0915,015367,,2,1,9,2700,0,1,3,,1,066,"SR-183 (MERRITT STREET)","PAJARO STREET",0.00,,Y,A,-,Y,,,183,,,,,,,N,4,0,2,2,A,-,12,21453,A,N,D,C,A,A,H,-,A,A,0,,,,,Y,,-,"- ",0,0,2,0,0,0,0,0,0,"- ","- ",36.762619018554688,-121.75375366210938,MONTEREY,UNINCORPORATED,-121.75377655029297,36.762580871582031
91236339,2020,2020-05-11,9735,2020-05-04,0732,021988,,1,1,9,2700,0,3,5,,2,004,"JOLON ROAD","NEW PLEYTO RD",2112.00,E,N,A,-,N,,,,,,,,,,Y,3,0,1,1,A,-,08,22107,,N,F,I,A,A,H,-,A,D,0,,,,,Y,,A,07,0,1,0,0,0,0,0,0,0,"- ","- ",35.903888702392578,-120.97820281982422,MONTEREY,UNINCORPORATED,-120.97709655761719,35.903488159179688
91236830,2020,2020-05-12,9735,2020-05-04,1558,022034,,1,2,9,2700,0,1,3,,1,034,"SR-198 EAST BOUND",SR-25,675.00,W,N,A,-,Y,,,198,,,,,,,N,4,0,1,2,A,-,08,22107,,N,B,C,A,A,H,-,A,D,0,,,,,Y,,A,01,0,0,1,0,0,0,0,0,0,"- ","- ",36.186351776123047,-120.82337951660156,MONTEREY,UNINCORPORATED,-120.82339477539062,36.186386108398438
91236848,2020,2020-08-19,9730,2020-05-01,1405,022481,,5,2,9,2700,0,1,2,,1,070,"CRAZY HORSE CANYON RD","ECHO VALLEY RD ON RAMP TO US-101 SB",0.00,,Y,A,-,N,,,,,,,,,,Y,2,0,2,2,A,-,09,21801,A,N,D,C,A,A,H,-,A,D,0,,,,,Y,,A,01,1,1,0,0,0,0,0,0,0,"- ","- ",36.817958831787109,-121.63243103027344,MONTEREY,UNINCORPORATED,-121.63243900000001,36.818036999999997
91237103,2020,2020-05-13,9730,2020-05-02,2220,020933,,6,3,9,2700,0,3,5,,2,007,"WOOD ST","POMBER ST",16.00,E,N,A,-,N,,,,,,,,,,Y,3,0,1,4,A,-,01,23152,A,N,E,C,A,A,H,-,C,D,0,,,,,Y,Y,A,01,0,1,0,0,0,0,0,0,0,"- ","- ",36.761299133300781,-121.74839782714844,MONTEREY,UNINCORPORATED,-121.748603,36.761274
91237150,2020,2020-05-13,9730,2020-05-02,1725,019569,,6,2,9,2700,0,1,3,,1,014,SR-1,"ROCKY CREEK BRIDGE",135.00,N,N,A,-,Y,,,1,,,,,,,Y,2,0,3,2,A,-,21,22106,,N,D,C,A,A,H,-,A,D,0,,,Y,,Y,,A,01,2,1,0,0,0,0,0,0,2,"- ","- ",36.380100250244141,-121.90170288085938,MONTEREY,UNINCORPORATED,-121.90167236328125,36.380069732666016
91237256,2020,2020-05-13,9735,2020-05-08,1415,020710,,5,2,9,2700,0,1,2,,1,040,"US-101 SOUTHBOUND","JOLON ROAD",9240.00,N,N,A,-,Y,,,101,,,,,,S,Y,4,0,1,2,A,-,01,23152,A,N,C,C,A,A,H,-,A,D,0,,,,Y,Y,Y,A,01,0,0,1,0,0,0,0,0,0,"- ","- ",35.899200439453125,-120.84203338623047,MONTEREY,UNINCORPORATED,-120.84200286865234,35.899204254150391
91237429,2020,2020-05-13,9735,2020-05-11,0558,017681,,1,3,9,2700,0,3,5,,2,001,"WALNUT AVENUE","12TH STREET",281.00,W,N,A,-,N,,,,,,,,,,Y,3,0,1,2,A,-,09,21801,A,N,D,C,A,A,H,-,D,D,0,,,,Y,Y,,F,25,0,1,0,0,0,0,0,0,0,"- ","- ",36.322059631347656,-121.25710296630859,MONTEREY,UNINCORPORATED,-121.25666809082031,36.322242736816406
91237446,2020,2020-05-13,9730,2020-05-01,0855,014800,,5,1,9,2700,0,3,5,,2,004,"ZABALA ROAD","ALISAL ROAD",1584.00,E,N,A,-,N,,,,,,,,,,N,3,0,1,2,A,-,05,21650,,N,B,C,A,A,H,-,A,D,0,,,,,Y,,E,22,0,1,0,0,0,0,0,0,0,"- ","- ",36.384101867675781,-121.34020233154297,MONTEREY,UNINCORPORATED,-121.56757354736328,36.644447326660156
91237664,2020,2020-05-14,9735,2020-05-12,2354,020335,,2,3,9,2700,0,1,2,,2,044,US-101,"LOS LOBOS RD",1134.00,N,N,A,-,Y,,,101,,,,,,,Y,4,0,1,1,A,-,08,22107,,N,F,J,A,A,H,-,D,D,0,,,,,Y,,D,23,0,0,1,0,0,0,0,0,0,"- ","- ",35.978260040283203,-120.90104675292969,MONTEREY,UNINCORPORATED,-120.901123046875,35.978229522705078
91237697,2020,2020-05-14,9730,2020-05-04,0638,019239,,1,1,9,2700,0,3,5,,2,004,"SPENCE RD","OLD STAGE RD",1584.00,W,N,A,-,N,,,,,,,,,,Y,4,0,1,1,A,-,08,22107,,N,F,A,A,A,H,-,A,D,0,,,,,Y,,A,01,0,0,1,0,0,0,0,0,0,"- ","- ",36.626800537109375,-121.5447998046875,MONTEREY,UNINCORPORATED,-121.54415893554688,36.627216339111328
91237754,2020,2020-05-14,9730,2020-05-04,1200,015367,,1,1,9,2700,0,1,3,,1,074,"SR-1 SB","MOLERA ROAD",16.00,N,N,A,-,Y,,,1,,,,,,S,Y,2,0,1,1,A,-,08,22107,,N,F,A,A,A,H,-,A,D,0,,,,,Y,,A,07,1,0,0,0,0,0,0,0,0,"- ","- ",36.745830535888672,-121.77130126953125,MONTEREY,UNINCORPORATED,-121.77149200439453,36.745964050292969
91238019,2020,2020-05-14,9730,2020-05-05,1950,019818,,2,2,9,2700,0,1,3,,1,012,SR-1,"MILE POST MARKER 49",0.00,N,N,B,-,Y,,,1,,,,,,,Y,3,0,1,1,A,-,01,23152,A,N,E,I,A,A,H,-,B,D,0,,,,,Y,Y,A,01,0,1,0,0,0,0,0,0,0,"- ","- ",36.272850036621094,-121.81217193603516,MONTEREY,UNINCORPORATED,-121.81217193603516,36.272823333740234
91238314,2020,2020-05-15,9730,2020-05-05,2040,021396,,2,2,9,2700,0,1,3,,1,072,SR-156,"MERIDIAN ROAD",0.00,,Y,A,-,Y,,,156,,,,,,,Y,4,0,1,2,A,-,09,21802,A,N,D,C,A,A,H,-,C,D,0,,,,,Y,,A,01,0,0,1,0,0,0,0,0,0,"- ","- ",36.788078308105469,-121.67903137207031,MONTEREY,UNINCORPORATED,-121.67902374267578,36.788055419921875
91238327,2020,2020-05-15,9730,2020-05-05,2300,022061,,2,3,9,2700,0,3,5,,2,007,"SAN JUAN GRADE ROAD","CRAZY HORSE CANYON RD",10560.00,N,N,A,-,N,,,,,,,,,,Y,4,0,1,1,A,-,08,22107,,N,E,I,A,A,H,-,D,D,0,,,,,Y,,A,01,0,0,1,0,0,0,0,0,0,"- ","- ",36.798030853271484,-121.58209228515625,MONTEREY,UNINCORPORATED,-121.58220672607422,36.794792175292969
91238455,2020,2020-05-15,9730,2020-05-06,1310,019981,,3,1,9,2700,0,2,4,,1,023,"CARMEL VALLEY ROAD","PANETTA ROAD",300.00,W,N,A,-,N,,,,,,,,,,Y,3,0,1,1,A,-,08,22107,,N,E,I,A,A,H,-,A,D,0,,,,,Y,,A,07,0,1,0,0,0,0,0,0,0,"- ","- ",36.487701416015625,-121.74022674560547,MONTEREY,UNINCORPORATED,-121.73995971679688,36.487518310546875
91238500,2020,2020-05-15,9730,2020-05-06,1745,021358,,3,2,9,2700,0,1,2,,1,070,"US-101 N/B","VIERRA CANYON RD",0.00,,Y,A,-,N,,,101,,,,,,N,Y,2,0,1,2,A,-,03,22350,,N,D,C,A,A,H,-,A,D,0,,,Y,,Y,,C,02,1,0,0,0,0,0,0,0,1,"- ","- ",36.791759490966797,-121.66678619384766,MONTEREY,UNINCORPORATED,-121.66703033447266,36.791812896728516
91239433,2020,2020-05-19,9730,2020-05-08,1939,021358,,5,2,9,2700,0,3,5,,2,003,"RIVER ROAD","PARKER ROAD",3000.00,S,N,A,-,N,,,,,,,,,,Y,2,0,5,2,A,-,01,23152,A,N,A,C,A,A,H,-,B,D,0,,,,,Y,Y,A,01,2,3,0,0,0,0,0,0,0,"- ","- ",36.576271057128906,-121.58811187744141,MONTEREY,UNINCORPORATED,-121.59731292724609,36.583049774169922
91239510,2020,2020-05-19,9735,2020-05-08,0435,022118,,5,3,9,2700,0,1,3,,1,034,SR-198,SR-25,2640.00,W,N,A,-,Y,,,198,,,,,,,Y,3,0,1,1,A,-,08,22107,,N,F,J,A,A,H,-,D,D,0,,,,,Y,,A,07,0,1,0,0,0,0,0,0,0,"- ","- ",36.186649322509766,-120.82949066162109,MONTEREY,UNINCORPORATED,-120.82949066162109,36.186676025390625
91239694,2020,2020-05-19,9730,2020-05-08,0825,016537,,5,1,9,2700,0,1,2,,1,050,"US-101 S/B","AIRPORT BLVD.",550.00,N,N,A,-,Y,,,,,,,,,,Y,4,0,2,2,A,-,05,21651,B,N,A,C,A,A,D,-,A,D,0,,,,,Y,,D,22,0,0,2,0,0,0,0,0,0,"- ","- ",36.662139892578125,-121.62380981445312,MONTEREY,UNINCORPORATED,-121.623779296875,36.662094116210938
91239766,2020,2020-05-19,9730,2020-05-09,0535,016537,,6,3,9,2700,0,1,2,,1,050,"US-101 S/B","GOULD RD.",528.00,N,N,B,-,Y,,,101,,,,,,S,Y,4,0,3,2,A,-,08,22107,,N,C,C,A,A,H,-,B,D,0,,,,,Y,,A,01,0,0,3,0,0,0,0,0,0,"- ","- ",36.638679504394531,-121.60269927978516,MONTEREY,UNINCORPORATED,-121.60269927978516,36.638679504394531
91239811,2020,2020-05-19,9735,2020-05-12,0545,021120,,2,3,9,2700,0,1,2,,1,040,"US-101 S/B","ARROYO SECO RD",0.00,,Y,A,-,Y,,,,,,,,,,N,4,0,2,2,A,-,09,21802,A,N,D,C,A,A,H,-,A,A,0,,,,,Y,,D,22,0,0,2,0,0,0,0,0,0,"- ","- ",36.403018951416016,-121.31770324707031,MONTEREY,UNINCORPORATED,-121.31669616699219,36.4033203125
91239884,2020,2020-05-19,9730,2020-05-11,1630,022481,,1,2,9,2700,0,1,3,,1,022,SR-1,"OCEAN AVENUE",20.00,S,N,A,-,Y,,,1,,,,,,,Y,3,0,1,2,A,-,03,22350,,N,C,C,A,A,H,-,A,A,0,,,,,Y,,A,01,0,1,0,0,0,0,0,0,0,"- ","- ",36.556098937988281,-121.91124725341797,MONTEREY,UNINCORPORATED,-121.91118621826172,36.556110382080078
91239886,2020,2020-05-19,9730,2020-05-09,1751,019981,,6,2,3,2712,0,1,3,,2,062,"SR-1 N/B","LIGHTFIGHTER DR",2640.00,N,N,B,-,Y,,,1,,,,,,N,N,4,0,1,2,A,-,17,23115,A,M,E,J,A,A,H,-,A,D,0,,,Y,,Y,,-,99,0,0,1,0,0,0,0,0,1,"- ","- ",36.651851654052734,-121.81520843505859,MONTEREY,MARINA,-121.81510162353516,36.651897430419922
91239890,2020,2020-06-22,9730,2020-02-18,2500,022151,,2,4,9,2700,0,1,3,,1,012,"STATE ROUTE 1 NORTHBOUND","CHINA BASIN STREET",1848.00,S,N,A,-,Y,,,1,,,,,,N,Y,1,2,0,1,A,-,01,23152,A,N,F,A,A,A,H,-,D,D,0,,,,,Y,Y,A,01,0,0,0,0,0,0,0,0,0,"- ","- ",36.048099517822266,-121.58808135986328,MONTEREY,UNINCORPORATED,-121.58811950683594,36.048061370849609
91240213,2020,2020-05-20,9730,2020-05-10,2056,020896,,7,2,9,2700,0,1,3,,1,068,"SR-68 WESTBOUND","YORK RD",5280.00,E,N,A,-,Y,,,68,,,,,,W,Y,2,0,3,3,A,-,01,23152,A,N,C,C,A,A,D,-,D,A,0,,,,,Y,Y,D,22,1,1,1,0,0,0,0,0,0,"- ","- ",36.569358825683594,-121.79711151123047,MONTEREY,UNINCORPORATED,-121.797119140625,36.569332122802734
91240275,2020,2020-05-20,9730,2020-05-10,0815,019022,,7,1,9,2700,0,1,3,,1,012,"SR-1 (CABRILLO HIGHWAY) NORTHBOUND","PARTINGTON COVE VISTA POINT",240.00,S,N,A,B,Y,,,1,,,,,,N,Y,3,0,1,1,A,-,08,22107,,N,E,I,A,A,H,-,A,D,0,,,,,Y,,A,01,0,1,0,0,0,0,0,0,0,"- ","- ",36.169841766357422,-121.68389892578125,MONTEREY,UNINCORPORATED,-121.68389129638672,36.169765472412109
91240282,2020,2020-05-20,9730,2020-05-10,1740,021396,,7,2,9,2700,0,1,2,,1,050,"S/B US-101","HARTNELL ROAD",539.00,N,N,A,-,Y,,,101,,,,,,,Y,3,0,1,1,A,-,01,23152,A,N,F,A,A,A,D,-,A,D,0,,,,,Y,Y,A,01,0,1,0,0,0,0,0,0,0,"- ","- ",36.624809265136719,-121.58358001708984,MONTEREY,UNINCORPORATED,-121.58363342285156,36.624740600585938
91240740,2020,2020-05-21,9730,2020-05-12,1255,019529,,2,1,9,2700,0,3,5,,2,003,"LAGUNA ROAD","RIVER ROAD",1200.00,E,N,B,-,N,,,,,,,,,,Y,4,0,2,2,A,-,08,22107,,N,B,C,A,A,H,-,A,D,0,,,,,Y,,D,22,0,0,2,0,0,0,0,0,0,"- ","- ",36.598320007324219,-121.61762237548828,MONTEREY,UNINCORPORATED,-121.61734771728516,36.59857177734375
91240783,2020,2020-05-21,9730,2020-05-12,2200,016666,,2,3,9,2700,0,1,3,,1,012,"SR-1 S/B",LUCIA,60.00,N,N,A,-,Y,,,,,,,,,,Y,2,0,1,1,A,-,03,22350,,N,F,A,A,A,H,-,C,D,0,,,Y,,Y,,C,02,1,0,0,0,0,0,0,0,1,"- ","- ",36.011299133300781,-121.33049774169922,MONTEREY,UNINCORPORATED,-121.551061,36.020491
91240889,2020,2020-05-21,9730,2020-05-15,0745,016537,,5,1,9,2700,0,1,2,,1,030,"US-101 N/B","MAIN ST. O/C (CHUALAR)",60.00,S,N,A,-,Y,,,101,,,,,,N,Y,4,0,1,2,A,-,03,22350,,N,C,C,A,A,A,-,A,D,0,,,,,Y,,A,01,0,0,1,0,0,0,0,0,0,"- ","- ",36.569328308105469,-121.51773834228516,MONTEREY,UNINCORPORATED,-121.51776885986328,36.569297790527344
91240917,2020,2020-05-21,9730,2020-05-16,2500,019239,,6,4,9,2700,0,3,5,,2,007,"SANDHOLDT RD","MOSS LANDING RD",2112.00,N,N,A,-,N,,,,,,,,,,Y,3,0,1,2,A,-,08,22107,,F,C,E,A,A,H,-,D,D,0,,,,,Y,,A,01,0,1,0,0,0,0,0,0,0,"- ","- ",36.803199768066406,-121.78700256347656,MONTEREY,UNINCORPORATED,-121.79030609130859,36.797222137451172
91242800,2020,2020-05-27,9735,2020-05-23,0655,017257,,6,1,9,2700,0,1,3,,1,034,SR-198,"FREEMAN FLAT RD",6864.00,E,N,A,-,Y,,,,,,,,,,Y,3,0,2,2,A,-,09,21804,A,N,D,C,A,A,H,-,A,A,0,,,,,Y,,D,22,0,2,0,0,0,0,0,0,0,"- ","- ",36.119258880615234,-121.04248809814453,MONTEREY,UNINCORPORATED,-120.99591064453125,36.153945922851562
91242980,2020,2020-05-27,9730,2020-05-17,1408,020065,,7,2,6,2708,0,1,2,,1,050,"US-101 S/B","AIRPORT BLVD. O/C",60.00,S,N,B,-,Y,,,101,,,,,,S,Y,3,0,3,2,A,-,08,22107,,N,C,C,A,A,D,-,A,D,0,,,,,Y,,A,01,0,1,2,0,0,0,0,0,0,"- ","- ",36.66046142578125,-121.62288665771484,MONTEREY,SALINAS,-121.62286376953125,36.660476684570312
91243039,2020,2020-05-27,9730,2020-05-18,0600,019315,,1,1,9,2700,0,1,2,,1,030,"US-101 (S/B)","CHUALAR MAIN ST",528.00,S,N,B,-,Y,,,101,,,,,,,Y,2,0,1,3,A,-,03,22350,,N,C,C,A,B,D,-,B,D,0,,,,,Y,,A,07,1,0,0,0,0,0,0,0,0,"- ","- ",36.567768096923828,-121.51641082763672,MONTEREY,UNINCORPORATED,-121.51643371582031,36.567745208740234
91243060,2020,2020-05-27,9730,2020-05-18,2305,022238,,1,3,9,2700,0,1,2,,1,030,"US-101 S/B","THE SALINAS RIVER BRIDGE",240.00,N,N,A,-,Y,,,101,,,,,,S,Y,4,0,1,2,A,-,03,22350,,N,C,C,A,A,H,-,D,D,0,,,,,Y,,A,01,0,0,1,0,0,0,0,0,0,"- ","- ",36.412330627441406,-121.32032012939453,MONTEREY,UNINCORPORATED,-121.32032775878906,36.412326812744141
91243197,2020,2020-05-27,9730,2020-05-26,1810,019529,,2,2,9,2700,0,3,5,,2,005,"ALISAL ROAD","SCONEGERG PARKWAY",3595.00,S,N,A,-,N,,,,,,,,,,Y,2,0,2,2,A,-,06,21750,,N,A,C,A,A,H,-,A,D,0,,,,,Y,,A,01,1,0,1,0,0,0,0,0,0,"- ","- ",36.663051605224609,-121.59246826171875,MONTEREY,UNINCORPORATED,,
91243290,2020,2020-05-27,9730,2020-05-18,0823,015367,,1,1,9,2700,0,3,5,,2,007,"MONTE ROAD","SALINAS RIVER BRIDGE",462.00,N,N,A,-,N,,,,,,,,,,Y,3,0,1,1,A,-,03,22350,,N,E,I,A,A,H,-,A,D,0,,,,,Y,,A,01,0,1,0,0,0,0,0,0,0,"- ","- ",36.733600616455078,-121.77999877929688,MONTEREY,UNINCORPORATED,,
91243375,2020,2020-05-27,9730,2020-05-27,0645,017785,,3,1,9,2700,0,3,5,,2,004,"OLD STAGE ROAD","ASSOCIATED LANE",3168.00,E,N,A,-,N,,,,,,,,,,N,4,0,1,2,A,-,06,21750,A,N,B,C,A,A,H,-,A,D,0,,,,Y,Y,,A,01,0,0,1,0,0,0,0,0,0,"- ","- ",36.531120300292969,-121.47177886962891,MONTEREY,UNINCORPORATED,-121.46588134765625,36.525440216064453
91243675,2020,2020-05-28,9730,2020-05-20,0635,022481,,3,1,9,2700,0,1,2,,1,030,US-101,"CHUALAR ROAD",268.00,S,N,B,-,Y,,,101,,,,,,,Y,2,0,2,2,A,-,03,22350,,N,C,C,A,A,H,-,A,D,0,,,,,Y,,A,01,1,1,0,0,0,0,0,0,0,"- ","- ",36.568729400634766,-121.51747894287109,MONTEREY,UNINCORPORATED,-121.51747131347656,36.568737030029297
91243706,2020,2020-05-28,9730,2020-05-21,1130,015367,,4,1,9,2700,0,1,3,,1,066,"SR-183 (MERRITT STREET)","WOOD STREET",8.00,N,N,A,-,Y,,,183,,,,,,,N,2,0,1,2,A,-,09,21804,A,N,F,A,A,A,H,-,A,D,0,,,Y,,Y,,A,01,1,0,0,0,0,0,0,0,1,"- ","- ",36.760719299316406,-121.75138854980469,MONTEREY,UNINCORPORATED,-121.75135040283203,36.760772705078125
91243769,2020,2020-05-28,9730,2020-05-18,1523,020065,,1,2,9,2700,0,3,5,,2,005,"RUSSELL ROAD","NORTH MAIN STREET",120.00,E,N,A,-,N,,,,,,,,,,N,4,0,1,2,A,-,03,22350,,N,C,C,A,A,H,-,A,A,0,,,,Y,Y,,F,25,0,0,1,0,0,0,0,0,0,"- ","- ",36.734378814697266,-121.65560913085938,MONTEREY,UNINCORPORATED,-121.65582275390625,36.734333038330078
91243786,2020,2020-06-05,9730,2020-05-21,0226,022129,,4,3,9,2700,0,1,3,,2,062,"SR-1 S/B","8TH STREET OVERCROSSING",494.00,S,N,A,-,Y,,,1,,,,,,S,Y,3,0,1,3,A,-,00,23153,F,F,C,C,A,A,H,-,D,D,0,,,,,Y,Y,A,01,0,1,0,0,0,0,0,0,0,"- ","- ",36.659988403320312,-121.81667327880859,MONTEREY,UNINCORPORATED,-121.81663513183594,36.659988403320312
91243944,2020,2020-05-28,9730,2020-05-21,1715,019818,,4,2,9,2700,0,3,5,,2,006,"ORD AVENUE","SHERMAN BOULEVARD",0.00,,Y,A,-,N,,,,,,,,,,Y,3,0,1,1,A,-,01,23152,A,N,E,I,A,A,H,-,A,A,0,,,,,Y,Y,A,01,0,1,0,0,0,0,0,0,0,"- ","- ",36.650749206542969,-121.72696685791016,MONTEREY,UNINCORPORATED,-121.73184204101562,36.653701782226562
91243957,2020,2020-05-28,9730,2020-05-22,1717,020598,,5,2,9,2700,0,1,3,,1,072,"E/B SR-156","CATHEDRAL OAK ROAD",900.00,E,N,A,-,Y,,,156,,,,,,,Y,4,0,2,2,A,-,03,22350,,N,C,C,A,A,H,-,A,D,0,,,,,Y,,A,01,0,0,2,0,0,0,0,0,0,"- ","- ",36.777500152587891,-121.71209716796875,MONTEREY,UNINCORPORATED,-121.71208190917969,36.777446746826172
91245407,2020,2020-06-01,9730,2020-05-21,1628,020899,,4,2,9,2700,0,1,2,,1,070,US-101,"CRAZY HORSE CANYON ROAD",0.00,,Y,A,-,Y,,,101,,,,,,,Y,4,0,3,2,A,-,12,22450,A,N,D,C,A,A,H,-,A,A,0,,,,,Y,,A,01,0,0,3,0,0,0,0,0,0,"- ","- ",36.818771362304688,-121.63316345214844,MONTEREY,UNINCORPORATED,-121.63295745849609,36.818370819091797
91245456,2020,2020-06-01,9730,2020-05-23,1045,019239,,6,1,6,2708,0,1,2,,1,050,"US-101 NB","LAUREL DRIVE O.C.",528.00,S,N,A,-,Y,,,101,,,,,,N,Y,4,0,1,2,A,-,08,22107,,N,B,C,A,A,H,-,A,D,0,,,,Y,Y,,A,01,0,0,1,0,0,0,0,0,0,"- ","- ",36.694999694824219,-121.66290283203125,MONTEREY,SALINAS,-121.66297149658203,36.694953918457031
91245487,2020,2020-06-01,9730,2020-05-23,0625,016537,,6,1,9,2700,0,2,4,,2,063,"DAVIS RD.","AMBROSE DR.",160.00,N,N,A,-,N,,,,,,,,,,Y,3,0,1,1,A,-,08,22107,,N,E,J,A,A,H,-,A,D,0,,,,,Y,,A,01,0,1,0,0,0,0,0,0,0,"- ","- ",36.669551849365234,-121.68271636962891,MONTEREY,UNINCORPORATED,-121.68270111083984,36.669612884521484
91245492,2020,2020-06-01,9730,2020-05-23,1202,017184,,6,1,9,2700,0,1,3,,1,014,SR-1,"PACKARD RD",528.00,S,N,A,-,Y,,,1,,,,,,,Y,4,0,1,1,D,-,00,,,N,E,I,A,A,H,-,A,A,0,,,Y,,Y,,-,"- ",0,0,1,0,0,0,0,0,1,"- ","- ",36.210220336914062,-121.73988342285156,MONTEREY,UNINCORPORATED,-121.73990631103516,36.210147857666016
91245502,2020,2020-06-01,9730,2020-05-23,2500,022061,,6,4,9,2700,0,2,4,,1,073,"SAN MIGUEL CANYON ROAD","HALL ROAD",0.00,,Y,A,-,N,,,,,,,,,,Y,4,0,2,1,A,-,08,22107,,M,H,I,A,A,H,-,C,A,0,,,,,Y,,A,01,0,0,2,0,0,0,0,0,0,"- ","- ",36.859409332275391,-121.69526672363281,MONTEREY,UNINCORPORATED,-121.69519805908203,36.859321594238281
91245521,2020,2020-06-01,9730,2020-05-25,0640,017785,,1,1,9,2700,0,3,5,,2,004,"ASSOCIATED LANE","FANOE ROAD",200.00,W,N,A,-,N,,,,,,,,,,Y,4,0,2,1,A,-,03,22350,,N,E,I,A,A,H,-,A,D,0,,,,,Y,,A,08,0,0,2,0,0,0,0,0,0,"- ","- ",36.53118896484375,-121.44908905029297,MONTEREY,UNINCORPORATED,-121.44904327392578,36.531158447265625
91245681,2020,2020-06-01,9730,2020-05-26,1745,021396,,2,2,9,2700,0,3,5,,2,004,"CAMPHORIA GLORIA ROAD","N/B US-101",13200.00,E,N,A,-,N,,,,,,,,,,Y,3,0,1,1,A,-,08,22107,,N,F,A,A,A,H,-,A,D,0,,,,,Y,,A,01,0,1,0,0,0,0,0,0,0,"- ","- ",36.480861663818359,-121.34990692138672,MONTEREY,UNINCORPORATED,-121.349919,36.48086
91245872,2020,2020-06-01,9730,2020-05-29,1328,019239,,5,1,9,2700,0,1,3,,1,068,SR-68,"TORERO DR",1584.00,E,N,A,-,Y,,,68,,,,,,,Y,4,0,1,2,A,-,08,22107,,N,D,C,A,A,H,-,A,D,0,,,,,Y,,A,01,0,0,1,0,0,0,0,0,0,"- ","- ",36.596298217773438,-121.70050048828125,MONTEREY,UNINCORPORATED,-121.70052337646484,36.596324920654297
91245874,2020,2020-06-01,9730,2020-05-26,1500,022481,,2,2,9,2700,0,3,5,,2,007,"LEWIS ROAD","VEGA ROAD",150.00,W,N,A,-,N,,,,,,,,,,Y,2,0,1,2,A,-,03,22350,,N,A,G,A,A,H,-,A,D,0,,Y,,,Y,,A,01,1,0,0,0,0,0,1,0,0,"- ","- ",36.884799957275391,-121.72705841064453,MONTEREY,UNINCORPORATED,-121.72705078125,36.884773254394531
91246059,2020,2020-06-01,9735,2020-05-29,0550,020036,,5,3,9,2700,0,3,5,,2,003,"METZ RD","SPRECKELS RD",18480.00,N,N,A,-,N,,,,,,,,,,Y,3,0,1,1,A,-,08,22107,,N,F,A,A,A,H,-,B,D,0,,,,,Y,,A,01,0,1,0,0,0,0,0,0,0,"- ","- ",36.315311431884766,-121.17221069335938,MONTEREY,UNINCORPORATED,-121.17084503173828,36.314193725585938