CASE_ID,ACCIDENT_YEAR,PROC_DATE,JURIS,COLLISION_DATE,COLLISION_TIME,OFFICER_ID,REPORTING_DISTRICT,DAY_OF_WEEK,CHP_SHIFT,POPULATION,CNTY_CITY_LOC,SPECIAL_COND,BEAT_TYPE,CHP_BEAT_TYPE,CITY_DIVISION_LAPD,CHP_BEAT_CLASS,BEAT_NUMBER,PRIMARY_RD,SECONDARY_RD,DISTANCE,DIRECTION,INTERSECTION,WEATHER_1,WEATHER_2,STATE_HWY_IND,CALTRANS_COUNTY,CALTRANS_DISTRICT,STATE_ROUTE,ROUTE_SUFFIX,POSTMILE_PREFIX,POSTMILE,LOCATION_TYPE,RAMP_INTERSECTION,SIDE_OF_HWY,TOW_AWAY,COLLISION_SEVERITY,NUMBER_KILLED,NUMBER_INJURED,PARTY_COUNT,PRIMARY_COLL_FACTOR,PCF_CODE_OF_VIOL,PCF_VIOL_CATEGORY,PCF_VIOLATION,PCF_VIOL_SUBSECTION,HIT_AND_RUN,TYPE_OF_COLLISION,MVIW,PED_ACTION,ROAD_SURFACE,ROAD_COND_1,ROAD_COND_2,LIGHTING,CONTROL_DEVICE,CHP_ROAD_TYPE,PEDESTRIAN_ACCIDENT,BICYCLE_ACCIDENT,MOTORCYCLE_ACCIDENT,TRUCK_ACCIDENT,NOT_PRIVATE_PROPERTY,ALCOHOL_INVOLVED,STWD_VEHTYPE_AT_FAULT,CHP_VEHTYPE_AT_FAULT,COUNT_SEVERE_INJ,COUNT_VISIBLE_INJ,COUNT_COMPLAINT_PAIN,COUNT_PED_KILLED,COUNT_PED_INJURED,COUNT_BICYCLIST_KILLED,COUNT_BICYCLIST_INJURED,COUNT_MC_KILLED,COUNT_MC_INJURED,PRIMARY_RAMP,SECONDARY_RAMP,LATITUDE,LONGITUDE,COUNTY,CITY,POINT_X,POINT_Y
91280985,2020,2020-08-05,9730,2020-07-26,0458,020576,,7,3,9,2700,0,2,4,,1,073,"SAN MIGUEL CANYON ROAD","CORTO SAN MIGUEL ROAD",100.00,S,N,B,-,N,,,,,,,,,,Y,3,0,1,1,A,-,01,23152,A,N,E,I,A,A,H,-,D,D,0,,,,,Y,Y,A,01,0,1,0,0,0,0,0,0,0,"- ","- ",36.856700897216797,-121.69420623779297,MONTEREY,UNINCORPORATED,-121.69407653808594,36.856548309326172
9128104,2020,2020-08-25,2707,2020-06-18,1451,1983,2707,4,5,3,2707,0,0,0,,0,001,"SUNSET DR","CONGRESS AV",0.00,,Y,A,-,N,,,,,,,,,,N,4,0,1,2,A,-,21,22106,,N,B,C,A,A,H,-,A,A,0,,,,,Y,,A,01,0,0,1,0,0,0,0,0,0,"- ","- ",,,MONTEREY,"PACIFIC GROVE",-121.92704010009766,36.613239288330078
91281303,2020,2020-08-05,9730,2020-07-28,0850,014800,,2,1,9,2700,0,3,5,,2,005,"HARRISON ROAD","RUSSELL ROAD",725.00,N,N,A,B,N,,,,,,,,,,N,4,0,1,1,A,-,08,22107,,N,E,I,A,A,H,-,A,D,0,,,,,Y,,A,01,0,0,1,0,0,0,0,0,0,"- ","- ",36.44110107421875,-121.39219665527344,MONTEREY,UNINCORPORATED,-121.65634918212891,36.736415863037109
91281556,2020,2020-08-06,9730,2020-07-27,1530,022481,,1,2,9,2700,0,3,5,,2,007,"UNNAMED ROAD SOUTH OF LIVE OAK ROAD","LIVE OAK ROAD",528.00,S,N,A,-,N,,,,,,,,,,Y,3,0,1,1,C,-,18,,,N,E,I,A,A,H,-,A,D,0,,,,,Y,,-,"- ",0,1,0,0,0,0,0,0,0,"- ","- ",36.841411590576172,-121.7041015625,MONTEREY,UNINCORPORATED,,
91281569,2020,2020-08-06,9730,2020-07-29,2500,022061,,3,4,9,2700,0,3,5,,2,007,"CASTROVILLE BOULEVARD","SAN MIGUEL CANYON",305.00,S,N,A,-,N,,,,,,,,,,Y,3,0,1,1,A,-,01,23152,A,M,E,I,A,A,H,-,D,D,0,,,,,Y,Y,D,22,0,1,0,0,0,0,0,0,0,"- ","- ",36.808250427246094,-121.67282104492188,MONTEREY,UNINCORPORATED,-121.67289733886719,36.808151245117188
91281599,2020,2020-08-06,9730,2020-07-28,1300,019770,,2,1,9,2700,0,1,3,,1,012,SR-1,"JULIA PFEIFFER BRUNS PARK",1584.00,N,N,A,-,Y,,,1,,,,,,,N,4,0,1,2,A,-,03,22350,,N,C,C,A,A,H,-,A,D,0,,,,,Y,,A,01,0,0,1,0,0,0,0,0,0,"- ","- ",36.162708282470703,-121.67365264892578,MONTEREY,UNINCORPORATED,-121.67363739013672,36.162715911865234
91281673,2020,2020-08-06,9730,2020-07-30,1720,018810,,4,2,9,2700,0,1,3,,2,062,"SR-1 N/B","TIOGA AVENUE OVERCROSSING",1584.00,N,N,B,-,Y,,,,,,,,,,Y,4,0,4,5,A,-,16,24002,A,N,C,C,A,A,H,-,A,D,0,,,,,Y,,D,22,0,0,4,0,0,0,0,0,0,"- ","- ",36.621280670166016,-121.84619140625,MONTEREY,UNINCORPORATED,-121.84687042236328,36.620151519775391
91281885,2020,2020-08-06,9730,2020-08-04,1645,019818,,2,2,9,2700,0,3,5,,2,007,"CASTROVILLE BLVD.","PARADISE RD",173.00,N,N,B,-,N,,,,,,,,,,Y,2,0,1,1,A,-,08,22107,,N,E,I,A,A,H,-,A,D,0,,,,,Y,,D,22,1,0,0,0,0,0,0,0,0,"- ","- ",36.799491882324219,-121.69801330566406,MONTEREY,UNINCORPORATED,-121.69805908203125,36.799488067626953
91281894,2020,2020-08-06,9730,2020-08-03,1550,019818,,1,2,9,2700,0,1,3,,1,024,"SR-68 (HOLMAN HWY)","SKYLINE FOREST DR",0.00,,Y,A,-,Y,,,68,,,,,,,Y,3,0,2,2,A,-,09,21802,A,N,D,C,A,A,H,-,A,A,0,,,,,Y,,A,01,0,1,1,0,0,0,0,0,0,"- ","- ",36.585769653320312,-121.91855621337891,MONTEREY,UNINCORPORATED,-121.91860198974609,36.585765838623047
9128354,2020,2020-11-04,2708,2020-06-01,1536,13133,SALIN,1,5,6,2708,0,0,0,,0,006,"NORTH MAIN ST","CASENTINI ST",210.00,S,N,A,-,Y,MON,5,183,-,-,0.170,H,-,N,N,3,0,1,2,A,-,03,22350,,F,C,C,A,A,H,-,A,A,0,,,,,Y,,A,01,0,1,0,0,0,0,0,0,0,"- ","- ",,,MONTEREY,SALINAS,-121.65283966064453,36.684703826904297
91283664,2020,2020-08-10,9735,2020-07-11,1623,021988,,6,2,3,2704,0,2,S,,2,901,"ELM AVE","12TH ST",16.00,W,N,A,-,N,,,,,,,,,,Y,3,0,6,2,A,-,01,23152,A,N,D,C,A,A,H,-,A,A,0,,,,,Y,Y,A,01,0,3,3,0,0,0,0,0,0,"- ","- ",36.31365966796875,-121.24826812744141,MONTEREY,GREENFIELD,-121.24826812744141,36.313716888427734
9128367,2020,2020-10-22,2708,2020-06-17,1500,13133,SALIN,3,5,6,2708,0,0,0,,0,006,"WEST LAUREL DR","NORTH DAVIS RD",86.00,E,N,A,-,N,,,,,,,,,,N,4,0,1,2,A,-,01,23152,A,F,C,C,A,A,H,-,A,A,0,,,,,Y,Y,-,,0,0,1,0,0,0,0,0,0,"- ","- ",,,MONTEREY,SALINAS,-121.66779327392578,36.697898864746094
9128371,2020,2020-11-25,2708,2020-06-12,1540,58583,,5,5,6,2708,0,0,0,,0,009,"RT 68","NISSEN RD",209.00,S,N,A,-,Y,MON,5,68,-,-,20.110,I,5,E,Y,3,0,1,2,A,-,09,21801,A,N,D,C,A,A,H,-,A,D,0,,,,,Y,,-,,0,1,0,0,0,0,0,0,0,"- ","- ",,,MONTEREY,SALINAS,-121.65959167480469,36.657512664794922
9128385,2020,2021-09-02,2708,2020-05-01,0637,31945,,5,5,6,2708,0,0,0,,0,009,"RT 68","WORK ST",288.00,W,N,A,-,Y,MON,5,68,-,-,21.750,H,-,W,N,4,0,1,2,A,-,04,21703,,N,C,C,A,A,H,-,B,D,0,,,,,Y,,A,01,0,0,1,0,0,0,0,0,0,"- ","- ",,,MONTEREY,SALINAS,-121.64379119873047,36.670364379882812
91283884,2020,2020-08-11,9730,2020-07-31,1618,020899,,5,2,9,2700,0,1,3,,1,066,SR-183,"WASHINGTON STREET",115.00,E,N,A,-,Y,,,183,,,,,,,Y,4,0,1,4,A,-,03,22350,,N,B,E,A,A,H,-,A,D,0,,,,,Y,,A,07,0,0,1,0,0,0,0,0,0,"- ","- ",36.769149780273438,-121.7625732421875,MONTEREY,UNINCORPORATED,-121.76260375976562,36.76910400390625
91283886,2020,2020-08-11,9730,2020-07-30,1739,019239,,4,2,3,2712,0,1,3,,2,062,"SR-1 NB","RESERVATION RD U.C.",3696.00,S,N,A,-,Y,,,1,,,,,,N,Y,4,0,3,3,A,-,07,21658,A,M,B,C,A,A,H,-,A,D,0,,,,,Y,,A,01,0,0,3,0,0,0,0,0,0,"- ","- ",36.689300537109375,-121.80840301513672,MONTEREY,MARINA,-121.80836486816406,36.689292907714844
91283908,2020,2020-08-11,9730,2020-07-31,0620,018886,,5,1,9,2700,0,3,5,,2,007,"COOPER STREET","MCDOUGALL STREET",0.00,,Y,B,-,N,,,,,,,,,,Y,4,0,1,2,A,-,09,21802,A,N,B,C,A,A,H,-,A,A,0,,,,,Y,,A,01,0,0,1,0,0,0,0,0,0,"- ","- ",36.768798828125,-121.76026916503906,MONTEREY,UNINCORPORATED,-121.76023101806641,36.768688201904297
91283922,2020,2020-08-11,9730,2020-07-31,2136,022129,,5,2,9,2700,0,1,3,,1,074,"SR-1 S/B","SALINAS ROAD OVERCROSSING",90.00,N,N,A,-,Y,,,1,,,,,,S,Y,4,0,2,1,A,-,08,22107,,N,E,I,A,A,H,-,D,D,0,,,,,Y,,A,01,0,0,2,0,0,0,0,0,0,"- ","- ",36.870201110839844,-121.77040863037109,MONTEREY,UNINCORPORATED,-121.77011108398438,36.870201110839844
91283926,2020,2020-08-11,9730,2020-07-31,0755,016666,,5,1,9,2700,0,3,5,,2,002,"LAURELES GRADE ROAD","CARMEL VALLEY ROAD",12.00,N,N,A,-,N,,,,,,,,,,N,4,0,1,2,A,-,21,22106,,N,C,C,A,A,H,-,A,A,0,,,,,Y,,A,01,0,0,1,0,0,0,0,0,0,"- ","- ",36.5010986328125,-121.75659942626953,MONTEREY,UNINCORPORATED,-121.75653076171875,36.500942230224609
91283974,2020,2020-08-11,9730,2020-07-31,0515,017785,,5,3,9,2700,0,3,5,,2,003,"FOLETTA ROAD","CHUALAR RIVER ROAD",4224.00,S,N,B,-,N,,,,,,,,,,Y,4,0,1,1,A,-,08,22107,,N,F,A,A,A,H,-,D,D,0,,,,,Y,,A,07,0,0,1,0,0,0,0,0,0,"- ","- ",36.558319091796875,-121.50803375244141,MONTEREY,UNINCORPORATED,-121.50675964355469,36.557235717773438
91284051,2020,2020-08-11,9730,2020-08-01,1507,020701,,6,2,9,2700,0,1,2,,1,070,"US-101 SOUTHBOUND","DUNBARTON ROAD",1000.00,N,N,A,-,Y,,,101,,,,,,S,Y,4,0,5,2,A,-,03,22350,,N,C,C,A,A,H,-,A,D,0,,,,,Y,,A,01,0,0,5,0,0,0,0,0,0,"- ","- ",36.839580535888672,-121.63210296630859,MONTEREY,UNINCORPORATED,-121.63209533691406,36.839584350585938
91284682,2020,2020-08-12,9730,2020-08-03,1355,019529,,1,1,9,2700,0,1,3,,1,022,"STATE ROUTE 1","GARRAPATA CREEK BRIDGE",821.00,N,N,A,-,Y,,,1,,,,,,,Y,1,1,1,3,A,-,08,22107,,N,D,C,A,A,H,-,A,D,0,,,Y,,Y,,A,01,0,0,1,0,0,0,0,1,1,"- ","- ",36.419879913330078,-121.91290283203125,MONTEREY,UNINCORPORATED,-121.91285705566406,36.419864654541016
91284783,2020,2020-08-12,9730,2020-06-08,2500,017502,,1,4,9,2700,0,1,3,,1,012,SR-1,"SAN LUIS OBISPO COUNTY LINE",49632.00,N,N,A,-,Y,,,1,,,,,,,Y,1,1,0,1,A,-,08,22107,,N,E,I,A,A,H,-,D,D,0,,,,,Y,Y,A,07,0,0,0,0,0,0,0,0,0,"- ","- ",35.871040344238281,-121.44036102294922,MONTEREY,UNINCORPORATED,-121.44033050537109,35.871150970458984
91284819,2020,2020-08-12,9730,2020-08-04,1640,020701,,2,2,9,2700,0,1,3,,1,074,"JENSEN ROAD","HILLTOP ROAD",0.00,,Y,A,-,N,,,,,,,,,,Y,4,0,1,2,A,-,09,21801,A,N,D,C,A,A,H,-,A,D,0,,,,,Y,,A,01,0,0,1,0,0,0,0,0,0,"- ","- ",36.853809356689453,-121.77179718017578,MONTEREY,UNINCORPORATED,-121.77179700000001,36.853808999999998
91284997,2020,2020-08-12,9730,2020-08-04,2120,020933,,2,2,9,2700,0,1,3,,1,014,SR-1,"LAFLER CANYON",528.00,N,N,A,-,Y,,,1,,,,,,,Y,3,0,1,1,A,-,01,23152,A,N,E,I,A,A,D,-,D,D,0,,,,,Y,Y,A,01,0,1,0,0,0,0,0,0,0,"- ","- ",36.201900482177734,-121.72737884521484,MONTEREY,UNINCORPORATED,-121.72737121582031,36.201885223388672
91285201,2020,2020-08-12,9730,2020-08-05,2105,020621,,3,2,9,2700,0,3,5,,2,007,"ELKHORN ROAD","WAUGH ROAD",1056.00,S,N,A,-,N,,,,,,,,,,Y,4,0,1,1,A,-,01,23152,A,N,F,A,A,A,H,-,D,D,0,,,,,Y,Y,D,22,0,0,1,0,0,0,0,0,0,"- ","- ",36.85797119140625,-121.7548828125,MONTEREY,UNINCORPORATED,-121.75482940673828,36.858425140380859
91285224,2020,2020-08-12,9730,2020-08-06,1453,019818,,4,2,9,2700,0,1,2,,1,050,"US 101 N/B","HARTNELL RD",250.00,N,N,A,-,Y,,,,,,,,,,Y,3,0,2,2,A,-,09,21801,A,F,E,I,A,A,D,-,A,A,0,,,,,Y,,A,01,0,2,0,0,0,0,0,0,0,"- ","- ",36.623218536376953,-121.58129119873047,MONTEREY,UNINCORPORATED,-121.58115386962891,36.623180389404297
91285538,2020,2020-08-13,9730,2020-08-06,1608,019981,,4,2,9,2700,0,1,3,,1,022,SR-1,"VALLEY WAY",75.00,S,N,A,-,Y,,,1,,,,,,,Y,4,0,2,3,A,-,08,22107,,N,B,C,A,A,H,-,A,D,0,,,,,Y,,A,07,0,0,2,0,0,0,0,0,0,"- ","- ",36.559951782226562,-121.91171264648438,MONTEREY,UNINCORPORATED,-121.91169738769531,36.559951782226562
91285696,2020,2020-08-13,9730,2020-08-11,1140,017502,,2,1,9,2700,0,3,5,,2,006,"ESPINOSA ROAD","RODGERS ROAD",6864.00,W,N,B,-,N,,,,,,,,,,Y,4,0,2,2,A,-,03,22350,,N,C,C,A,A,H,-,A,D,0,,,,,Y,,A,01,0,0,2,0,0,0,0,0,0,"- ","- ",36.748111724853516,-121.71444702148438,MONTEREY,UNINCORPORATED,-121.71396636962891,36.748069763183594
91286239,2020,2020-08-14,9735,2020-07-31,1700,020894,,5,2,9,2700,0,3,5,,2,001,"MESA VERDE RD","WILD HORSE RD",3500.00,N,N,A,-,N,,,,,,,,,,Y,2,0,2,3,C,-,18,,,N,E,J,A,A,H,-,A,D,0,,,,Y,Y,,-,"- ",1,1,0,0,0,0,0,0,0,"- ","- ",36.191761016845703,-121.08319854736328,MONTEREY,UNINCORPORATED,-121.08309936523438,36.191688537597656
91286327,2020,2020-08-14,9730,2020-08-05,1524,021856,,3,2,9,2700,0,2,4,,1,075,"MONTEREY PENINSULA RECREATIONAL TRAIL",SR-183,2640.00,W,N,A,G,N,,,,,,,,,,N,2,0,1,1,C,-,18,,,N,E,I,A,A,A,-,A,D,0,,Y,,,Y,,-,"- ",1,0,0,0,0,0,1,0,0,"- ","- ",36.756740570068359,-121.75924682617188,MONTEREY,UNINCORPORATED,,
91286591,2020,2020-08-14,9730,2020-08-11,0555,019328,,2,3,9,2700,0,1,2,,1,070,"US-101 N/B","BLACKIE RD. O/C",300.00,S,N,A,-,Y,,,,,,,,,,Y,4,0,2,7,A,-,03,22350,,N,C,C,A,A,H,-,B,D,0,,,,,Y,,A,07,0,0,2,0,0,0,0,0,0,"- ","- ",36.467800140380859,-121.4078369140625,MONTEREY,UNINCORPORATED,-121.66924285888672,36.772006988525391
9128687,2020,2020-09-30,2706,2020-07-24,0717,395,2706,5,5,4,2706,0,0,0,,0,002,"CAMINO EL ESTERO","FREMONT ST",0.00,,Y,B,-,N,,,,,,,,,,N,4,0,1,2,A,-,07,21658,A,N,D,C,A,A,H,-,A,A,0,,,,,Y,,D,22,0,0,1,0,0,0,0,0,0,"- ","- ",,,MONTEREY,MONTEREY,-121.88925933837891,36.595130920410156
9128691,2020,2020-09-30,2706,2020-07-12,2220,826,2706,7,5,4,2706,0,0,0,,0,001,"DICKMAN AV","HAWTHORNE ST",92.00,W,N,A,-,N,,,,,,,,,,N,3,0,1,2,A,-,08,22107,,N,B,E,A,A,H,-,D,D,0,,Y,,,Y,,L,04,0,1,0,0,0,0,1,0,0,"- ","- ",,,MONTEREY,MONTEREY,-121.90036010742188,36.610057830810547
91287094,2020,2020-11-20,9735,2020-08-15,0550,017681,,6,3,9,2700,0,1,2,,1,040,"US-101 SOUTHBOUND","LOS COCHES ROAD",69.00,N,N,A,-,Y,,,101,,,,,,S,Y,3,0,3,2,A,-,03,22350,,N,C,C,A,A,H,-,D,D,0,,,,,Y,,D,22,0,1,2,0,0,0,0,0,0,"- ","- ",36.366199493408203,-121.28066253662109,MONTEREY,UNINCORPORATED,-121.28069305419922,36.366165161132812
91287104,2020,2020-08-17,9730,2020-08-05,1648,021794,,3,2,9,2700,0,1,2,,1,030,"SOUTHBOUND US-101","CAMPHORA GLORIA ROAD",2640.00,N,N,B,-,Y,,,101,,,,,,,Y,4,0,1,2,A,-,03,22350,,N,C,C,A,A,H,-,A,D,0,,,,,Y,,A,01,0,0,1,0,0,0,0,0,0,"- ","- ",36.439861297607422,-121.34947204589844,MONTEREY,UNINCORPORATED,-121.34944915771484,36.439888000488281
91287118,2020,2020-08-17,9730,2020-08-11,1050,015367,,2,1,9,2700,0,3,5,,2,007,"RICO STREET","MCDOUGALL STREET",3.00,W,N,A,-,N,,,,,,,,,,N,4,0,1,2,A,-,10,21950,A,N,G,B,B,A,H,-,A,A,0,Y,,,,Y,,D,22,0,0,1,0,1,0,0,0,0,"- ","- ",36.765300750732422,-121.75563049316406,MONTEREY,UNINCORPORATED,-121.75562286376953,36.765281677246094
91287519,2020,2020-08-17,9730,2020-08-05,1757,021856,,3,2,9,2700,0,1,3,,1,074,SR-1,"STRUVE RD S.",2640.00,S,N,A,-,Y,,,1,,,,,,,Y,4,0,2,2,A,-,03,22350,,M,C,C,A,A,H,-,A,D,0,,,,,Y,,A,01,0,0,2,0,0,0,0,0,0,"- ","- ",36.825901031494141,-121.77568054199219,MONTEREY,UNINCORPORATED,-121.77567291259766,36.825889587402344
91287584,2020,2020-08-17,9730,2020-08-13,1821,021856,,4,2,9,2700,0,3,5,,2,007,"PARADISE RD","DESMOND RD",427.00,W,N,B,-,N,,,,,,,,,,Y,2,0,1,1,A,-,01,23152,G,N,E,I,A,A,H,-,A,D,0,,,Y,,Y,Y,C,02,1,0,0,0,0,0,0,0,1,"- ","- ",36.802230834960938,-121.70245361328125,MONTEREY,UNINCORPORATED,-121.70223999023438,36.802211761474609
91288167,2020,2020-08-18,9730,2020-08-08,0126,022129,,6,3,9,2700,0,1,3,,1,074,SR-1,"DOLAN ROAD",0.00,,Y,B,-,Y,,,1,,,,,,,Y,3,0,1,1,A,-,01,23152,A,M,E,I,A,A,H,-,C,A,0,,,,,Y,Y,D,22,0,1,0,0,0,0,0,0,0,"- ","- ",36.80426025390625,-121.78391265869141,MONTEREY,UNINCORPORATED,-121.7838134765625,36.804252624511719
91288320,2020,2020-08-18,9730,2020-08-08,2151,022129,,6,2,9,2700,0,3,5,,2,007,"LAS LOMAS DRIVE","THOMAS ROAD",321.00,S,N,B,-,N,,,,,,,,,,Y,3,0,1,1,A,-,08,22107,,M,E,I,A,A,H,-,D,D,0,,,,,Y,,A,01,0,1,0,0,0,0,0,0,0,"- ","- ",36.867630004882812,-121.73329162597656,MONTEREY,UNINCORPORATED,-121.73333740234375,36.867595672607422
91288418,2020,2020-08-18,9730,2020-08-09,1150,019770,,7,1,9,2700,0,1,3,,1,014,"STATE ROUTE 1","CLEAR RIDGE ROAD",792.00,S,N,A,-,Y,,,1,,,,,,,N,4,0,1,2,A,-,09,21804,A,N,B,C,A,A,H,-,A,D,0,,,,,Y,,A,01,0,0,1,0,0,0,0,0,0,"- ","- ",36.270320892333984,-121.80792999267578,MONTEREY,UNINCORPORATED,-121.80791473388672,36.27032470703125
91288490,2020,2020-08-18,9730,2020-08-09,1220,017785,,7,1,9,2700,0,1,2,,1,030,"US-101 S/B","FRONT STREET",500.00,N,N,A,-,Y,,,101,,,,,,S,Y,3,0,1,1,A,-,08,22107,,N,F,A,A,A,H,-,A,D,0,,,Y,,Y,,C,02,0,1,0,0,0,0,0,0,1,"- ","- ",36.433120727539062,-121.33795166015625,MONTEREY,UNINCORPORATED,-121.33804321289062,36.433067321777344
91288523,2020,2020-08-18,9730,2020-08-09,1735,021396,,7,2,9,2700,0,2,4,,1,073,"WERNER ROAD","ELKHORN ROAD",50.00,W,N,A,-,N,,,,,,,,,,N,4,0,1,2,A,-,03,22350,,N,C,C,A,A,H,-,B,D,0,,,,,Y,,A,07,0,0,1,0,0,0,0,0,0,"- ","- ",36.878910064697266,-121.74741363525391,MONTEREY,UNINCORPORATED,-121.74739837646484,36.878952026367188
91288678,2020,2020-08-19,9730,2020-08-09,1344,021776,,7,1,9,2700,0,1,2,,1,070,"NORTHBOUND US-101","DUNBARTON ROAD",3168.00,S,N,A,-,Y,,,101,,,,,,,N,3,0,2,3,A,-,03,22350,,N,C,C,A,A,H,-,A,D,0,,,Y,,Y,,C,02,0,1,1,0,0,0,0,0,2,"- ","- ",36.828208923339844,-121.62830352783203,MONTEREY,UNINCORPORATED,-121.62832641601562,36.828201293945312
91288864,2020,2020-08-19,9730,2020-08-09,1350,021396,,7,1,9,2700,0,2,4,,1,073,"SAN MIGUEL CANYON ROAD","ECHO VALLEY ROAD",0.00,,Y,A,-,N,,,,,,,,,,Y,3,0,1,2,A,-,09,21802,A,N,D,C,A,A,H,-,A,D,0,,,Y,,Y,,C,02,0,1,0,0,0,0,0,0,1,"- ","- ",36.821689605712891,-121.67353057861328,MONTEREY,UNINCORPORATED,-121.67346954345703,36.821659088134766
91289453,2020,2020-08-20,9730,2020-08-10,0520,020576,,1,3,9,2700,0,1,2,,1,070,"US-101 SOUTHBOUND","SALA ROAD OVERCROSSING",0.00,S,N,B,-,Y,,,101,,,,,,S,Y,3,0,1,2,A,-,03,22350,,F,C,C,A,A,H,-,D,D,0,,,,Y,Y,,A,01,0,1,0,0,0,0,0,0,0,"- ","- ",36.74359130859375,-121.66036987304688,MONTEREY,UNINCORPORATED,-121.66049957275391,36.743537902832031
91289534,2020,2020-08-20,9730,2020-08-12,1447,020899,,3,2,9,2700,0,1,3,,2,062,"NORTHBOUND SR-1","IMJIN PARKWAY",320.00,S,N,B,-,Y,,,1,,,,,,,Y,4,0,2,3,A,-,03,22350,,N,C,C,A,A,H,-,A,D,0,,,,,Y,,A,01,0,0,2,0,0,0,0,0,0,"- ","- ",36.668521881103516,-121.81301116943359,MONTEREY,UNINCORPORATED,-121.81330108642578,36.668682098388672
91289784,2020,2020-08-20,9735,2020-08-11,1530,020894,,2,2,9,2700,0,1,2,,2,043,"U.S. 101","PARIS VALLEY RD",5280.00,N,N,A,-,Y,,,,,,,,,,Y,4,0,1,1,A,-,08,22107,,N,E,I,A,A,H,-,A,D,0,,,,,Y,,A,01,0,0,1,0,0,0,0,0,0,"- ","- ",36.086841583251953,-121.01206970214844,MONTEREY,UNINCORPORATED,-121.01150512695312,36.086784362792969
91290291,2020,2020-08-21,9730,2020-08-12,0550,015367,,3,3,9,2700,0,3,5,,2,007,"SALINAS ROAD","BAY FARMS ROAD",612.00,W,N,A,-,N,,,,,,,,,,Y,3,0,3,3,A,-,05,21460,A,N,A,C,A,A,H,-,D,D,0,,,,,Y,,D,22,0,2,1,0,0,0,0,0,0,"- ","- ",36.871829986572266,-121.76451110839844,MONTEREY,UNINCORPORATED,-121.764404296875,36.871925354003906
91290607,2020,2020-08-24,9735,2020-08-12,0730,016696,,3,1,9,2700,0,1,3,,1,034,"SR 198 EB","CATTLEMAN ROAD",0.00,,Y,A,-,Y,,,198,,,,,,E,Y,2,0,1,2,A,-,12,22450,A,N,D,C,A,A,H,-,A,A,0,,,,Y,Y,,D,22,1,0,0,0,0,0,0,0,0,"- ","- ",36.126518249511719,-121.01557922363281,MONTEREY,UNINCORPORATED,-121.01564025878906,36.126579284667969
91290692,2020,2020-08-24,9730,2020-08-12,1130,016666,,3,1,9,2700,0,1,3,,1,014,SR-1,"NEPANTHE SOUTH DRIVEWAY",33.00,S,N,A,-,Y,,,,,,,,,,N,3,0,1,1,A,-,03,22350,,N,F,A,A,A,H,-,A,D,0,,Y,,,Y,,L,04,0,1,0,0,0,0,1,0,0,"- ","- ",36.131999969482422,-121.45269775390625,MONTEREY,UNINCORPORATED,-121.758498,36.222365000000003
91291053,2020,2020-08-24,9730,2020-08-12,2148,022151,,3,2,9,2700,0,1,3,,2,062,"SR-1 NOTHBOUND","LIGHTFIGHTER DR",1584.00,N,N,A,-,Y,,,1,,,,,,,Y,3,0,2,2,A,-,03,22350,,N,C,C,A,A,C,-,D,D,0,,,,,Y,,A,01,0,1,1,0,0,0,0,0,0,"- ","- ",36.654098510742188,-121.81600189208984,MONTEREY,UNINCORPORATED,-121.81603240966797,36.654090881347656
91291061,2020,2020-08-24,9730,2020-08-14,0045,020990,,5,3,9,2700,0,1,2,,1,070,"US-101 SOUTHBOUND","CRAZY HORSE CANYON ROAD",6860.00,N,N,A,B,Y,,,101,,,,,,S,Y,3,0,1,1,A,-,01,23152,G,N,E,I,A,A,H,-,D,D,0,,,,,Y,Y,A,07,0,1,0,0,0,0,0,0,0,"- ","- ",36.836631774902344,-121.63081359863281,MONTEREY,UNINCORPORATED,-121.6307373046875,36.836662292480469
91291959,2020,2020-08-25,9730,2020-08-15,1223,020576,,6,1,9,2700,0,1,3,,1,024,"SR-68 (HOLMAN HIGHWAY)","SKYLINE FOREST DR",200.00,W,N,A,-,Y,,,68,,,,,,,N,3,0,1,1,B,-,22,,,N,F,A,A,A,H,-,A,D,0,,Y,,,Y,,L,04,0,1,0,0,0,0,1,0,0,"- ","- ",36.585269927978516,-121.91889953613281,MONTEREY,UNINCORPORATED,-121.91868591308594,36.585193634033203
91291981,2020,2020-08-25,9730,2020-08-14,1225,018886,,5,1,9,2700,0,1,3,,1,068,SR-68,"YORK ROAD",400.00,E,N,A,-,Y,,,68,,,,,,,Y,4,0,1,2,A,-,03,22350,,N,C,C,A,A,H,-,A,D,0,,,,,Y,,A,01,0,0,1,0,0,0,0,0,0,"- ","- ",36.571281433105469,-121.80699157714844,MONTEREY,UNINCORPORATED,-121.80699920654297,36.571235656738281