CASE_ID,ACCIDENT_YEAR,PROC_DATE,JURIS,COLLISION_DATE,COLLISION_TIME,OFFICER_ID,REPORTING_DISTRICT,DAY_OF_WEEK,CHP_SHIFT,POPULATION,CNTY_CITY_LOC,SPECIAL_COND,BEAT_TYPE,CHP_BEAT_TYPE,CITY_DIVISION_LAPD,CHP_BEAT_CLASS,BEAT_NUMBER,PRIMARY_RD,SECONDARY_RD,DISTANCE,DIRECTION,INTERSECTION,WEATHER_1,WEATHER_2,STATE_HWY_IND,CALTRANS_COUNTY,CALTRANS_DISTRICT,STATE_ROUTE,ROUTE_SUFFIX,POSTMILE_PREFIX,POSTMILE,LOCATION_TYPE,RAMP_INTERSECTION,SIDE_OF_HWY,TOW_AWAY,COLLISION_SEVERITY,NUMBER_KILLED,NUMBER_INJURED,PARTY_COUNT,PRIMARY_COLL_FACTOR,PCF_CODE_OF_VIOL,PCF_VIOL_CATEGORY,PCF_VIOLATION,PCF_VIOL_SUBSECTION,HIT_AND_RUN,TYPE_OF_COLLISION,MVIW,PED_ACTION,ROAD_SURFACE,ROAD_COND_1,ROAD_COND_2,LIGHTING,CONTROL_DEVICE,CHP_ROAD_TYPE,PEDESTRIAN_ACCIDENT,BICYCLE_ACCIDENT,MOTORCYCLE_ACCIDENT,TRUCK_ACCIDENT,NOT_PRIVATE_PROPERTY,ALCOHOL_INVOLVED,STWD_VEHTYPE_AT_FAULT,CHP_VEHTYPE_AT_FAULT,COUNT_SEVERE_INJ,COUNT_VISIBLE_INJ,COUNT_COMPLAINT_PAIN,COUNT_PED_KILLED,COUNT_PED_INJURED,COUNT_BICYCLIST_KILLED,COUNT_BICYCLIST_INJURED,COUNT_MC_KILLED,COUNT_MC_INJURED,PRIMARY_RAMP,SECONDARY_RAMP,LATITUDE,LONGITUDE,COUNTY,CITY,POINT_X,POINT_Y
91367342,2020,2020-12-15,9730,2020-12-06,1000,022481,,7,1,9,2700,0,3,5,,2,007,"SAN JON ROAD","BORONDA ROAD",3168.00,W,N,A,-,N,,,,,,,,,,Y,4,0,1,1,A,-,08,22107,,N,F,A,A,A,H,-,A,D,0,,,,,Y,,A,07,0,0,1,0,0,0,0,0,0,"- ","- ",36.72161865234375,-121.69303131103516,MONTEREY,UNINCORPORATED,-121.69301605224609,36.720794677734375
91367653,2020,2020-12-15,9730,2020-12-07,1016,020598,,1,1,9,2700,0,1,3,,1,074,"SR-1 N/B","JENSEN ROAD",2376.00,N,N,A,-,Y,,,1,,,,,,N,Y,4,0,2,2,A,-,03,22350,,N,C,C,A,A,C,-,A,D,0,,,,,Y,,D,22,0,0,2,0,0,0,0,0,0,"- ","- ",36.860401153564453,-121.77110290527344,MONTEREY,UNINCORPORATED,-121.77106475830078,36.860401153564453
91367725,2020,2020-12-15,9735,2020-12-13,0230,021988,,7,3,9,2700,0,3,5,,2,002,"NACIMIENTO LAKE DR","JOLON RD",4752.00,S,N,A,-,N,,,,,,,,,,Y,3,0,1,1,A,-,01,23152,A,N,E,I,A,A,H,-,D,D,0,,,,,Y,Y,D,22,0,1,0,0,0,0,0,0,0,"- ","- ",35.861579895019531,-120.84046173095703,MONTEREY,UNINCORPORATED,-120.84054565429688,35.861293792724609
91368365,2020,2020-12-16,9730,2020-12-09,1357,019239,,3,1,9,2700,0,2,4,,1,023,"CARMEL VALLEY RD","SAN CLEMENTE DR",700.00,W,N,A,-,N,,,,,,,,,,Y,2,0,2,1,A,-,08,22107,,N,F,A,A,A,H,-,A,D,0,,,,,Y,,A,07,1,0,1,0,0,0,0,0,0,"- ","- ",36.458999633789062,-121.7073974609375,MONTEREY,UNINCORPORATED,-121.70600128173828,36.457172393798828
91369118,2020,2020-12-17,9730,2020-12-10,2130,021888,,4,2,9,2700,0,3,5,,2,007,"BLACKIE ROAD","COMMERCIAL PARKWAY",8448.00,E,N,A,-,N,,,,,,,,,,Y,3,0,1,1,A,-,08,22107,,N,F,A,A,A,H,-,D,D,0,,,,,Y,,A,07,0,1,0,0,0,0,0,0,0,"- ","- ",36.771598815917969,-121.71353149414062,MONTEREY,UNINCORPORATED,-121.71929168701172,36.772445678710938
91369174,2020,2020-12-17,9730,2020-12-11,1945,019818,,5,2,9,2700,0,3,5,,2,002,"LAURELES GRADE RD","RINCONADA DR",4224.00,S,N,C,-,N,,,,,,,,,,Y,3,0,1,1,A,-,08,22107,,N,E,I,A,B,H,-,D,D,0,,,,,Y,,A,07,0,1,0,0,0,0,0,0,0,"- ","- ",36.526401519775391,-121.75493621826172,MONTEREY,UNINCORPORATED,-121.75250244140625,36.5289306640625
91370825,2020,2020-12-18,9730,2020-12-12,1150,018302,,6,1,9,2700,0,2,4,,2,063,"BLANCO ROAD","DAVIS ROAD",114.00,E,N,B,-,N,,,,,,,,,,N,3,0,1,2,A,-,03,22350,,N,C,G,A,B,H,-,A,D,0,,Y,,,Y,,D,22,0,1,0,0,0,0,1,0,0,"- ","- ",36.666721343994141,-121.68460083007812,MONTEREY,UNINCORPORATED,-121.68479919433594,36.666614532470703
91370882,2020,2020-12-18,9730,2020-12-11,1638,022092,,5,2,9,2700,0,1,2,,1,070,"US-101 NORTHBOUND","VIERRA CANYON ROAD",1214.00,N,N,B,C,Y,,,101,,,,,,N,Y,4,0,1,2,A,-,08,22107,,M,C,C,A,B,H,-,B,D,0,,,,,Y,,A,01,0,0,1,0,0,0,0,0,0,"- ","- ",36.795310974121094,-121.666259765625,MONTEREY,UNINCORPORATED,-121.66627502441406,36.795310974121094
91371042,2020,2020-12-18,9730,2020-12-12,1015,019569,,6,1,9,2700,0,1,2,,1,070,"RALPH LN","ASSISI WAY",1056.00,N,N,B,-,N,,,,,,,,,,Y,4,0,4,3,A,-,08,22107,,N,A,C,A,B,H,-,A,D,0,,,,,Y,,A,01,0,0,4,0,0,0,0,0,0,"- ","- ",36.759601593017578,-121.66490173339844,MONTEREY,UNINCORPORATED,-121.66499328613281,36.759880065917969
91371072,2020,2020-12-18,9730,2020-12-12,0900,018302,,6,1,9,2700,0,3,5,,2,002,"LAURELES GRADE","BARONET ROAD",1056.00,S,N,B,-,N,,,,,,,,,,Y,4,0,1,1,A,-,03,22350,,N,E,I,A,B,H,-,A,D,0,,,,,Y,,A,01,0,0,1,0,0,0,0,0,0,"- ","- ",36.555728912353516,-121.75449371337891,MONTEREY,UNINCORPORATED,-121.75431060791016,36.556015014648438
91371164,2020,2020-12-18,9730,2020-12-12,1350,020701,,6,1,9,2700,0,3,5,,2,005,"CROSS ROAD","PESANTE ROAD",170.00,W,N,B,-,N,,,,,,,,,,Y,2,0,3,1,A,-,03,22350,,N,E,I,A,B,H,-,A,D,0,,,,,Y,,A,08,1,0,2,0,0,0,0,0,0,"- ","- ",36.777210235595703,-121.65799713134766,MONTEREY,UNINCORPORATED,-121.65805816650391,36.777114868164062
91372907,2020,2020-12-22,9730,2020-12-13,1558,021794,,7,2,9,2700,0,1,2,,1,070,"US-101 SOUTHBOUND","CRAZY HORSE CANYON RD",220.00,N,N,C,-,Y,,,101,,,,,,S,Y,2,0,2,1,A,-,03,22350,,N,F,A,A,B,H,-,A,D,0,,,,,Y,,A,01,1,0,1,0,0,0,0,0,0,"- ","- ",36.818870544433594,-121.63224792480469,MONTEREY,UNINCORPORATED,-121.63218688964844,36.818748474121094
91373041,2020,2020-12-22,9730,2020-12-13,1212,019022,,7,1,4,2706,0,1,3,,1,068,"SR-1 S/B FROM SR-68 W/B","SR-68 W/B",1100.00,S,N,B,-,Y,,,1,,,,R,,S,Y,4,0,1,1,A,-,08,22107,,N,E,I,A,B,H,-,A,D,0,,,,,Y,,A,01,0,0,1,0,0,0,0,0,0,"- ","- ",36.595081329345703,-121.87114715576172,MONTEREY,MONTEREY,-121.87114715576172,36.595081329345703
91373474,2020,2020-12-22,9730,2020-12-10,0616,016666,,4,1,9,2700,0,1,3,,1,068,"SR-68 W/B","SAN BENANCIO ROAD",25.00,E,N,A,-,Y,,,68,,,,,,W,Y,4,0,2,3,A,-,03,22350,,N,C,C,A,A,H,-,C,A,0,,,,,Y,,D,22,0,0,2,0,0,0,0,0,0,"- ","- ",36.579788208007812,-121.72071838378906,MONTEREY,UNINCORPORATED,-121.72071838378906,36.579780578613281
9137367,2020,2020-10-02,2712,2020-07-30,2055,1215,2712,4,5,3,2712,0,0,0,,0,001,"IMJIN PKWY","RESERVATION RD",260.00,S,N,A,-,N,,,,,,,,,,Y,4,0,1,3,A,-,06,21750,,N,C,C,A,A,H,-,D,A,0,,,Y,,Y,,C,02,0,0,1,0,0,0,0,0,1,"- ","- ",,,MONTEREY,MARINA,-121.76709747314453,36.670841217041016
9137381,2020,2020-09-17,2705,2020-07-31,0549,K23576,2705,5,5,3,2705,0,0,0,,0,002,"S 1ST ST","RT 101",160.00,N,N,A,-,N,,,,,,,,,,Y,4,0,1,3,A,-,03,22350,,N,C,C,A,A,H,-,A,D,0,,,,,Y,,A,01,0,0,1,0,0,0,0,0,0,"- ",SF,,,MONTEREY,"KING CITY",-121.11275482177734,36.201854705810547
9137382,2020,2020-09-17,2705,2020-07-21,1556,23716,,2,5,3,2705,0,0,0,,0,901,"ELLIS ST","N RUSS  AV",0.00,,Y,A,-,N,,,,,,,,,,Y,3,0,2,2,A,-,12,22450,A,N,D,C,A,A,H,-,A,-,0,,,,,Y,,A,01,0,1,1,0,0,0,0,0,0,"- ","- ",,,MONTEREY,"KING CITY",-121.13044738769531,36.213169097900391
91374385,2020,2020-12-23,9730,2020-12-16,2017,020899,,3,2,9,2700,0,3,5,,2,005,"SAN JUAN GRADE ROAD","CRAZY HORSE CANYON ROAD",103.00,S,N,A,-,N,,,,,,,,,,Y,3,0,4,2,A,-,01,23152,F,N,A,C,A,A,H,-,D,D,0,,,,,Y,,A,01,0,1,3,0,0,0,0,0,0,"- ","- ",36.773200988769531,-121.60366058349609,MONTEREY,UNINCORPORATED,-121.60362243652344,36.773296356201172
91375068,2020,2020-12-24,9730,2020-12-17,0613,019981,,4,1,9,2700,0,1,2,,1,070,"US 101 N/B","SAN JUAN ROAD",2640.00,S,N,C,-,Y,,,,,,,,,,Y,4,0,2,4,A,-,03,22350,,N,C,C,A,B,H,-,C,D,0,,,,,Y,,D,22,0,0,2,0,0,0,0,0,0,"- ","- ",36.850578308105469,-121.63590240478516,MONTEREY,UNINCORPORATED,,
91375951,2020,2020-12-28,9730,2020-12-17,1630,021856,,4,2,9,2700,0,1,3,,1,066,SR-183,"PAJARO ST",170.00,S,N,A,-,Y,,,183,,,,,,,Y,4,0,2,2,A,-,09,21801,A,N,D,C,A,A,H,-,B,D,0,,,,,Y,,A,01,0,0,2,0,0,0,0,0,0,"- ","- ",36.762218475341797,-121.75337982177734,MONTEREY,UNINCORPORATED,-121.75334930419922,36.762256622314453
91376298,2020,2021-04-12,9730,2020-12-16,1546,020899,,3,2,9,2700,0,2,4,,1,073,"SAN MIGUEL CANYON ROAD","PRUNEDALE NORTH ROAD",0.00,,Y,B,-,N,,,,,,,,,,Y,4,0,1,2,A,-,09,21804,A,N,D,C,A,A,F,-,A,A,0,,,,,Y,,A,07,0,0,1,0,0,0,0,0,0,"- ","- ",36.801639556884766,-121.66583251953125,MONTEREY,UNINCORPORATED,-121.66584777832031,36.801540374755859
91376700,2020,2020-12-29,9735,2020-12-19,1610,022118,,6,2,9,2700,0,3,5,,2,004,"PEACH TREE ROAD",SR-198,52272.00,S,N,A,-,N,,,,,,,,,,Y,3,0,2,1,A,-,08,22107,,N,E,I,A,A,H,-,A,D,0,,,,,Y,,A,01,0,2,0,0,0,0,0,0,0,"- ","- ",36.099010467529297,-120.69217681884766,MONTEREY,UNINCORPORATED,-120.69325256347656,36.098655700683594
91376738,2020,2020-12-29,9730,2020-12-17,1245,015367,,4,1,4,2706,0,1,3,,2,062,"SR-1 NB","RAMONA AVENUE",75.00,S,N,A,-,Y,,,1,,,,,,N,Y,3,0,1,2,A,-,07,21658,A,N,B,C,A,A,H,-,A,D,0,,,,,Y,,A,01,0,1,0,0,0,0,0,0,0,"- ","- ",36.601028442382812,-121.86250305175781,MONTEREY,MONTEREY,-121.86253356933594,36.601055145263672
91376792,2020,2020-12-29,9730,2020-12-18,1228,016666,,5,1,9,2700,0,2,4,,1,023,"CARMEL VALLEY ROAD","VALLE VISTA",40.00,W,N,A,-,N,,,,,,,,,,Y,4,0,2,3,A,-,03,22350,,N,C,C,A,A,H,-,A,D,0,,,,,Y,,D,22,0,0,2,0,0,0,0,0,0,"- ","- ",36.476001739501953,-121.72100067138672,MONTEREY,UNINCORPORATED,-121.72059631347656,36.476108551025391
91376898,2020,2020-12-29,9730,2020-12-22,0805,017785,,2,1,9,2700,0,3,5,,2,003,"RIVER ROAD","CHUALAR RIVER ROAD",2112.00,N,N,A,-,N,,,,,,,,,,Y,4,0,2,1,A,-,03,22350,,N,F,A,A,A,H,-,A,D,0,,,,Y,Y,,F,26,0,0,2,0,0,0,0,0,0,"- ","- ",36.560859680175781,-121.55446624755859,MONTEREY,UNINCORPORATED,-121.55437469482422,36.560817718505859
91376940,2020,2020-12-29,9735,2020-12-24,0700,017257,,4,1,9,2700,0,1,2,,2,045,"US 101 NORTHBOUND","JOLON ROAD (BRADLEY)",13200.00,N,N,A,-,Y,,,,,,,,,,Y,4,0,1,1,A,-,08,22107,,N,F,A,A,A,H,-,A,A,0,,,,,Y,,A,07,0,0,1,0,0,0,0,0,0,"- ","- ",35.911491394042969,-120.84958648681641,MONTEREY,UNINCORPORATED,-121.13774108886719,36.204509735107422
91376959,2020,2020-12-29,9730,2020-12-20,2300,020970,,7,3,9,2700,0,1,3,,1,066,SR-183,"OLD CEMETERY RD",680.00,N,N,A,-,N,,,183,,,,,,,Y,4,0,1,1,A,-,08,22107,,N,E,I,A,A,H,-,D,D,0,,,,,Y,Y,A,01,0,0,1,0,0,0,0,0,0,"- ","- ",36.687179565429688,-121.68360137939453,MONTEREY,UNINCORPORATED,-121.68351745605469,36.687294006347656
91377051,2020,2020-12-29,9730,2020-12-22,1650,020391,,2,2,9,2700,0,3,5,,2,006,"ESPINOSA RD",SR-183,2693.00,E,N,A,-,N,,,,,,,,,,Y,2,0,3,3,A,-,01,23152,F,N,A,C,A,A,H,-,A,D,0,,,,,Y,,A,01,2,0,1,0,0,0,0,0,0,"- ","- ",36.742729187011719,-121.73164367675781,MONTEREY,UNINCORPORATED,-121.731909,36.742637000000002
91377297,2020,2020-12-29,9730,2020-12-22,0410,020621,,2,3,9,2700,0,3,5,,2,007,"TARPEY ROAD","GRANGER LANE",550.00,W,N,A,-,N,,,,,,,,,,Y,4,0,1,1,A,-,08,22107,,N,E,I,A,A,H,-,D,D,0,,,,,Y,,D,22,0,0,1,0,0,0,0,0,0,"- ","- ",36.861820220947266,-121.68321228027344,MONTEREY,UNINCORPORATED,-121.68317413330078,36.861743927001953
9137743,2020,2020-10-10,2712,2020-08-10,1527,1062,2712,1,5,3,2712,0,0,0,,0,001,"RESERVATION RD","VISTA DEL CAMINO AV",52.00,W,N,A,-,N,,,,,,,,,,N,4,0,1,2,A,-,03,22350,,N,C,C,A,A,H,-,A,A,0,,,,,Y,,A,07,0,0,1,0,0,0,0,0,0,"- ","- ",,,MONTEREY,MARINA,-121.79773712158203,36.686618804931641
91377842,2020,2020-12-30,9730,2020-12-23,0714,019981,,3,1,9,2700,0,1,3,,1,068,SR-68,"PASADERA DRIVE",528.00,W,N,A,-,Y,,,68,,,,,,,Y,4,0,1,2,A,-,05,21460,A,N,B,C,A,A,H,-,A,D,0,,,,,Y,,D,22,0,0,1,0,0,0,0,0,0,"- ","- ",36.567470550537109,-121.78169250488281,MONTEREY,UNINCORPORATED,-121.78169250488281,36.567462921142578
91378585,2020,2020-12-31,9730,2020-12-22,1245,018350,,2,1,6,2708,0,1,2,,1,050,"US-101 N/B","BORONDA ROAD",1584.00,S,N,A,-,Y,,,101,,,,,,N,Y,4,0,1,2,A,-,03,22350,,N,C,C,A,A,H,-,A,D,0,,,,,Y,,A,01,0,0,1,0,0,0,0,0,0,"- ","- ",36.718250274658203,-121.66050720214844,MONTEREY,SALINAS,-121.66069030761719,36.718299865722656
91378653,2020,2020-12-31,9730,2020-10-14,1642,019818,,3,2,9,2700,0,3,5,,2,003,"HARKINS RD","FIFTH ST",1056.00,N,N,A,-,N,,,,,,,,,,Y,1,1,1,2,A,-,01,23152,F,N,E,J,A,A,H,-,A,D,0,,,,,Y,,A,01,1,0,0,0,0,0,0,0,0,"- ","- ",36.629230499267578,-121.64315795898438,MONTEREY,UNINCORPORATED,-121.64335632324219,36.628917694091797
91378752,2020,2020-12-31,9735,2020-12-25,0110,021988,,5,3,9,2700,0,1,3,,1,035,SR-198,"GRIFFIN RD",413.00,E,N,A,-,Y,,,198,,,,,,,N,2,0,2,1,C,-,18,,,N,E,H,A,A,H,-,D,D,0,,,,,Y,,-,"- ",1,0,1,0,0,0,0,0,0,"- ","- ",36.196189880371094,-120.71234130859375,MONTEREY,UNINCORPORATED,-120.71237182617188,36.196136474609375
91378905,2020,2020-12-31,9730,2020-09-05,2051,021358,,6,2,9,2700,0,3,5,,2,003,"HARKINS ROAD","FIFTH STREET",1056.00,N,N,A,-,N,,,,,,,,,,Y,1,1,0,2,A,-,03,22350,,F,G,B,E,A,H,-,D,D,0,Y,,,,Y,,A,08,0,0,0,1,0,0,0,0,0,"- ","- ",36.630180358886719,-121.64256286621094,MONTEREY,UNINCORPORATED,-121.64335632324219,36.628917694091797
91378909,2020,2020-12-31,9730,2020-10-12,1925,020916,,1,2,9,2700,0,2,4,,1,073,"SAN MIGUEL CANYON ROAD","WILSON WAY",41.00,S,N,A,-,N,,,,,,,,,,Y,1,1,0,2,A,-,11,21954,A,N,G,B,E,A,H,-,D,D,0,Y,,,,Y,Y,N,60,0,0,0,1,0,0,0,0,0,"- ","- ",36.828399658203125,-121.67752075195312,MONTEREY,UNINCORPORATED,-121.67760467529297,36.828506469726562
91378922,2020,2020-12-31,9730,2020-10-01,1535,022481,,4,2,9,2700,0,2,4,,1,023,"CARMEL VALLEY ROAD","VIA QUINTANA",203.00,W,N,A,-,N,,,,,,,,,,Y,1,1,0,1,A,-,01,23152,A,N,E,I,A,A,H,-,A,D,0,,,,,Y,Y,A,07,0,0,0,0,0,0,0,0,0,"- ","- ",36.524620056152344,-121.79653167724609,MONTEREY,UNINCORPORATED,-121.796367,36.524853
91378923,2020,2020-12-31,9730,2020-10-05,2306,022129,,1,3,9,2700,0,3,5,,2,006,"ESPINOSA ROAD","CHRISTENSEN ROAD",4752.00,W,N,E,-,N,,,,,,,,,,Y,1,1,0,2,A,-,03,22350,,N,D,C,A,A,H,-,D,D,0,,,,Y,Y,,A,01,0,0,0,0,0,0,0,0,0,"- ","- ",36.739368438720703,-121.67372131347656,MONTEREY,UNINCORPORATED,-121.67359924316406,36.739326477050781
91378937,2020,2020-12-31,9730,2020-11-19,1931,019818,,4,2,9,2700,0,3,5,,2,007,"SALINAS RD","WERNER RD.",230.00,W,N,A,-,N,,,,,,,,,,Y,1,1,0,1,A,-,08,22107,,N,E,I,A,A,H,-,D,A,0,,,,,Y,,A,01,0,0,0,0,0,0,0,0,0,"- ","- ",36.878448486328125,-121.75084686279297,MONTEREY,UNINCORPORATED,-121.75215911865234,36.878105163574219
91379016,2020,2020-12-31,9730,2020-11-07,0542,017785,,6,3,9,2700,0,1,2,,1,030,"US-101 NORTHBOUND","ESPERANZA ROAD",0.00,,Y,B,-,Y,,,101,,,,,,N,Y,1,1,1,3,A,-,09,21802,A,F,D,C,A,B,H,-,D,A,0,,,,,Y,Y,A,07,0,0,1,0,0,0,0,0,0,"- ","- ",36.589958190917969,-121.53961944580078,MONTEREY,UNINCORPORATED,-121.53958129882812,36.590003967285156
91380049,2020,2021-01-04,9730,2020-12-24,1305,015367,,4,1,9,2700,0,1,3,,1,022,SR-1,"OCEAN AVENUE",100.00,N,N,A,-,Y,,,1,,,,,,,N,4,0,1,2,A,-,03,22350,,N,C,C,A,A,H,-,A,D,0,,,,,Y,,D,22,0,0,1,0,0,0,0,0,0,"- ","- ",36.556358337402344,-121.91123199462891,MONTEREY,UNINCORPORATED,-121.91121673583984,36.556362152099609
91380817,2021,2021-01-05,9735,2021-01-02,0740,017681,,6,1,9,2700,0,3,5,,2,002,"JOLON ROAD","BRADLEY LOCKWOOD RD",225.00,N,N,B,-,N,,,,,,,,,,Y,2,0,5,1,A,-,08,22107,,N,E,I,A,A,H,-,A,D,0,,,,,Y,,D,22,4,0,1,0,0,0,0,0,0,"- ","- ",36.936679840087891,-121.06957244873047,MONTEREY,UNINCORPORATED,-121.06496429443359,35.936508178710938
91380858,2020,2021-01-05,9735,2020-12-31,1544,021431,,4,2,9,2700,0,3,5,,2,001,"PINE CANYON ROAD","JOLON ROAD",650.00,S,N,A,-,N,,,,,,,,,,Y,4,0,1,3,A,-,03,22350,,N,C,C,A,A,H,-,A,D,0,,,,,Y,,D,22,0,0,1,0,0,0,0,0,0,"- ","- ",36.191520690917969,-121.14528656005859,MONTEREY,UNINCORPORATED,-121.14524078369141,36.191516876220703
91381295,2020,2021-01-05,9730,2020-12-25,0140,020677,,5,3,9,2700,0,1,2,,1,050,"US-101 N/B","GOULD RD",5808.00,N,N,A,-,Y,,,101,,,,,,N,Y,4,0,1,2,A,-,01,23152,A,N,C,C,A,A,H,-,D,D,0,,,,,Y,Y,A,01,0,0,1,0,0,0,0,0,0,"- ","- ",36.638908386230469,-121.60324096679688,MONTEREY,UNINCORPORATED,-121.60303497314453,36.639190673828125
91382378,2020,2021-01-06,9730,2020-12-26,1550,020391,,6,2,9,2700,0,1,3,,1,024,"SR-68 (HOLMAN HWY)","SR-1 S/B TO SR-68 (HOLMAN HWY)",0.00,,Y,A,-,Y,,,68,,,,,,,Y,4,0,1,2,A,-,09,21803,A,N,B,C,A,A,H,-,A,A,0,,,,,Y,,A,01,0,0,1,0,0,0,0,0,0,"- ","- ",36.575321197509766,-121.91300201416016,MONTEREY,UNINCORPORATED,-121.9129638671875,36.575351715087891
91382709,2020,2021-01-06,9730,2020-12-26,1803,021856,,6,2,9,2700,0,1,3,,1,072,"SR-156 EASTBOUND","CASTROVILLE BLVD",1584.00,W,N,A,-,Y,,,156,,,,,,E,Y,4,0,4,2,A,-,01,23152,A,M,C,C,A,A,H,-,C,D,0,,,,,Y,Y,A,07,0,0,4,0,0,0,0,0,0,"- ","- ",36.765880584716797,-121.74800872802734,MONTEREY,UNINCORPORATED,-121.74799346923828,36.765857696533203
91382868,2020,2021-01-06,9730,2020-12-26,1456,021856,,6,2,9,2700,0,1,3,,1,066,"PAJARO ST",SR-183,0.00,,Y,B,-,Y,,,,,,,,,,Y,4,0,1,3,A,-,17,21451,A,N,A,C,A,A,H,-,A,D,0,,,,,Y,,A,01,0,0,1,0,0,0,0,0,0,"- ","- ",36.762561798095703,-121.75379943847656,MONTEREY,UNINCORPORATED,-121.753783,36.762571000000001
91382886,2020,2021-01-06,9730,2020-12-26,1733,021856,,6,2,9,2700,0,1,3,,1,066,SR-183,"SALINAS ST",170.00,N,N,A,-,N,,,183,,,,,,,N,4,0,1,2,A,-,09,21804,A,N,D,C,A,A,H,-,C,D,0,,,,,Y,,A,01,0,0,1,0,0,0,0,0,0,"- ","- ",36.762298583984375,-121.75340270996094,MONTEREY,UNINCORPORATED,-121.75340270996094,36.762298583984375
91383369,2020,2021-01-07,9730,2020-12-29,1915,019818,,2,2,9,2700,0,1,3,,2,062,"SR-1 N/B","FREMONT BLVD",1157.00,N,N,A,-,Y,,,1,,,,,,N,Y,3,0,2,1,A,-,08,22107,,N,F,A,A,A,H,-,D,D,0,,,,,Y,,A,01,0,2,0,0,0,0,0,0,0,"- ","- ",36.626918792724609,-121.83883666992188,MONTEREY,UNINCORPORATED,-121.83882904052734,36.626914978027344
91383465,2021,2021-01-07,9735,2021-01-01,1006,022537,,5,1,9,2700,0,3,5,,2,003,"BITTERWATER RD","INDUSTRIAL WAY",18480.00,E,N,A,-,N,,,,,,,,,,Y,2,0,1,1,A,-,08,22107,,N,E,I,A,A,H,-,A,D,0,,,,,Y,,A,07,1,0,0,0,0,0,0,0,0,"- ","- ",36.270481109619141,-121.06493377685547,MONTEREY,UNINCORPORATED,-121.07766723632812,36.266990661621094
91384013,2020,2021-01-08,9730,2020-12-31,2318,020896,,4,3,9,2700,0,2,4,,1,023,"CARMEL VALLEY RD","ROBINSON CANYON RD U/C",0.00,,Y,A,-,N,,,,,,,,,,Y,2,0,1,1,A,-,08,22107,,N,F,I,A,A,H,-,C,D,0,,,,,Y,,A,01,1,0,0,0,0,0,0,0,0,"- ","- ",36.522541046142578,-121.80679321289062,MONTEREY,UNINCORPORATED,-121.80857086181641,36.5230712890625
91384018,2020,2021-01-08,9730,2020-12-30,1210,015367,,3,1,9,2700,0,1,3,,1,022,SR-1,"SAN JOSE CREEK BRIDGE",665.00,N,N,A,-,Y,,,1,,,,,,,Y,4,0,2,2,A,-,03,22350,,N,C,C,A,A,H,-,A,D,0,,,,,Y,,A,07,0,0,2,0,0,0,0,0,0,"- ","- ",36.524570465087891,-121.92446899414062,MONTEREY,UNINCORPORATED,-121.92449188232422,36.524600982666016
91384036,2020,2021-01-08,9730,2020-12-31,1103,020598,,4,1,9,2700,0,1,2,,1,070,"US-101 N/B","REESE CIRCLE",0.00,,Y,A,-,Y,,,101,,,,,,N,Y,4,0,1,1,C,-,18,,,N,E,I,A,A,H,-,A,D,0,,,,,Y,,-,"- ",0,0,1,0,0,0,0,0,0,"- ","- ",36.772499084472656,-121.66880035400391,MONTEREY,UNINCORPORATED,-121.66912841796875,36.772480010986328
91384046,2020,2021-01-08,9730,2020-12-31,1448,021856,,4,2,9,2700,0,1,3,,1,072,"SR-156 EASTBOUND","CASTROVILLE BLVD",57.00,W,N,A,-,Y,,,156,,,,,,E,N,4,0,1,3,A,-,03,22350,,N,C,C,A,A,H,-,A,D,0,,,,,Y,,E,22,0,0,1,0,0,0,0,0,0,"- ","- ",36.768280029296875,-121.74327850341797,MONTEREY,UNINCORPORATED,-121.74327087402344,36.768241882324219
91384054,2020,2021-01-08,9730,2020-12-31,1815,020916,,4,2,9,2700,0,3,5,,2,004,"OLD STAGE ROAD","SPENCE ROAD",0.00,,Y,A,-,N,,,,,,,,,,Y,2,0,2,2,A,-,09,21802,A,N,A,C,A,A,H,-,D,D,0,,,,,Y,,D,22,1,1,0,0,0,0,0,0,0,"- ","- ",36.629890441894531,-121.53994750976562,MONTEREY,UNINCORPORATED,-121.53988647460938,36.629878997802734
91384146,2021,2021-01-08,9730,2021-01-03,1100,019770,,7,1,9,2700,0,1,3,,1,012,"STATE ROUTE 1","COUNTY LINE ROAD",1848.00,N,N,E,-,Y,,,1,,,,,,,Y,2,0,1,1,A,-,03,22350,,N,E,I,A,A,H,-,A,A,0,,,Y,,Y,,C,02,1,0,0,0,0,0,0,0,1,"- ","- ",35.798500061035156,-121.34729766845703,MONTEREY,UNINCORPORATED,-121.34732055664062,35.798599243164062