CASE_ID,ACCIDENT_YEAR,PROC_DATE,JURIS,COLLISION_DATE,COLLISION_TIME,OFFICER_ID,REPORTING_DISTRICT,DAY_OF_WEEK,CHP_SHIFT,POPULATION,CNTY_CITY_LOC,SPECIAL_COND,BEAT_TYPE,CHP_BEAT_TYPE,CITY_DIVISION_LAPD,CHP_BEAT_CLASS,BEAT_NUMBER,PRIMARY_RD,SECONDARY_RD,DISTANCE,DIRECTION,INTERSECTION,WEATHER_1,WEATHER_2,STATE_HWY_IND,CALTRANS_COUNTY,CALTRANS_DISTRICT,STATE_ROUTE,ROUTE_SUFFIX,POSTMILE_PREFIX,POSTMILE,LOCATION_TYPE,RAMP_INTERSECTION,SIDE_OF_HWY,TOW_AWAY,COLLISION_SEVERITY,NUMBER_KILLED,NUMBER_INJURED,PARTY_COUNT,PRIMARY_COLL_FACTOR,PCF_CODE_OF_VIOL,PCF_VIOL_CATEGORY,PCF_VIOLATION,PCF_VIOL_SUBSECTION,HIT_AND_RUN,TYPE_OF_COLLISION,MVIW,PED_ACTION,ROAD_SURFACE,ROAD_COND_1,ROAD_COND_2,LIGHTING,CONTROL_DEVICE,CHP_ROAD_TYPE,PEDESTRIAN_ACCIDENT,BICYCLE_ACCIDENT,MOTORCYCLE_ACCIDENT,TRUCK_ACCIDENT,NOT_PRIVATE_PROPERTY,ALCOHOL_INVOLVED,STWD_VEHTYPE_AT_FAULT,CHP_VEHTYPE_AT_FAULT,COUNT_SEVERE_INJ,COUNT_VISIBLE_INJ,COUNT_COMPLAINT_PAIN,COUNT_PED_KILLED,COUNT_PED_INJURED,COUNT_BICYCLIST_KILLED,COUNT_BICYCLIST_INJURED,COUNT_MC_KILLED,COUNT_MC_INJURED,PRIMARY_RAMP,SECONDARY_RAMP,LATITUDE,LONGITUDE,COUNTY,CITY,POINT_X,POINT_Y
91434038,2021,2021-03-24,9730,2021-03-16,0000,020990,,2,3,9,2700,0,1,2,,1,070,"US-101 SOUTHBOUND","RALPH LANE",30.00,S,N,A,-,Y,,,101,,,,,,S,Y,4,0,1,1,A,-,01,23152,A,N,E,I,A,A,H,-,D,D,0,,,,,Y,Y,A,07,0,0,1,0,0,0,0,0,0,"- ","- ",36.7559814453125,-121.66522979736328,MONTEREY,UNINCORPORATED,-121.66510009765625,36.756019592285156
91434074,2021,2021-03-24,9730,2021-03-16,1650,020701,,2,2,9,2700,0,1,2,,1,070,"US-101 SOUTHBOUND","SAN MIGUEL CANYON ROAD",450.00,N,N,A,-,Y,,,101,,,,,,S,Y,4,0,1,1,A,-,08,22107,,N,E,I,A,A,H,-,A,D,0,,,,,Y,,A,01,0,0,1,0,0,0,0,0,0,"- ","- ",36.800430297851562,-121.66319274902344,MONTEREY,UNINCORPORATED,-121.66316223144531,36.800380706787109
91434173,2021,2021-03-24,9730,2021-03-17,1329,020576,,3,1,9,2700,0,1,3,,1,072,SR-156,"PRUNEDALE N RD",150.00,E,N,A,-,Y,,,156,,,,,,,Y,4,0,1,3,A,-,03,22350,,N,C,C,A,A,H,-,A,A,0,,,,,Y,,A,08,0,0,1,0,0,0,0,0,0,"- ","- ",36.789508819580078,-121.66782379150391,MONTEREY,UNINCORPORATED,-121.66781616210938,36.789508819580078
91434924,2021,2021-03-25,9730,2021-03-18,1520,019239,,4,2,9,2700,0,3,5,,2,006,"SAN JON RD","BORONDA RD",45.00,S,N,B,C,N,,,,,,,,,,Y,4,0,1,2,A,-,09,21800,B,N,B,C,A,B,H,-,A,D,0,,,,,Y,,A,01,0,0,1,0,0,0,0,0,0,"- ","- ",36.718299865722656,-121.68379974365234,MONTEREY,UNINCORPORATED,-121.68367004394531,36.718170166015625
91435080,2021,2021-03-25,9730,2021-03-21,1215,018302,,7,1,9,2700,0,1,3,,1,068,SR-68,"QUAIL RIDGE LANE",528.00,E,N,A,-,Y,,,68,,,,,,,N,3,0,1,1,C,-,18,,,N,H,H,A,A,H,-,A,D,0,,,,,Y,,-,"- ",0,1,0,0,0,0,0,0,0,"- ","- ",36.57135009765625,-121.74526214599609,MONTEREY,UNINCORPORATED,-121.74525451660156,36.571342468261719
91435277,2021,2021-03-25,9735,2021-03-15,1235,016696,,1,1,9,2700,0,3,5,,2,001,"14TH STREET","PINE AVENUE",150.00,N,N,B,-,N,,,,,,,,,,N,3,0,1,1,A,-,08,22107,,N,E,J,A,A,H,-,A,D,0,,,Y,,Y,,C,06,0,1,0,0,0,0,0,0,1,"- ","- ",36.320518493652344,-121.27577209472656,MONTEREY,UNINCORPORATED,-121.91629028320312,36.618576049804688
91435302,2021,2021-03-25,9730,2021-03-22,1100,015367,,1,1,9,2700,0,2,4,,2,063,"BLANCO ROAD","RESEARCH DRIVE",2200.00,N,N,A,-,N,,,,,,,,,,Y,4,0,1,1,C,-,18,,,N,E,I,A,A,H,-,A,D,0,,,,,Y,,-,"- ",0,0,1,0,0,0,0,0,0,"- ","- ",36.674610137939453,-121.75090026855469,MONTEREY,UNINCORPORATED,-121.75112152099609,36.674430847167969
91435412,2021,2021-03-25,9730,2021-03-22,1455,019770,,1,2,9,2700,0,1,3,,1,022,"STATE ROUTE 1","GARRAPATA TROUT FARM ROAD",270.00,N,N,A,-,Y,,,1,,,,,,,Y,4,0,1,2,A,-,09,21804,A,N,D,C,A,A,H,-,A,D,0,,,,,Y,,A,01,0,0,1,0,0,0,0,0,0,"- ","- ",36.418910980224609,-121.91319274902344,MONTEREY,UNINCORPORATED,-121.9132080078125,36.418918609619141
91435418,2021,2021-03-25,9730,2021-03-21,1615,020391,,7,2,9,2700,0,1,3,,2,062,"SR-1 NORTHBOUND","FREMONT BLVD",255.00,N,N,A,-,Y,,,,,,,,,,Y,3,0,1,1,A,-,08,22107,,N,E,I,A,A,H,-,A,D,0,,,,,Y,,A,01,0,1,0,0,0,0,0,0,0,"- ","- ",36.624458312988281,-121.84043884277344,MONTEREY,UNINCORPORATED,-121.84141540527344,36.623977661132812
91436754,2021,2021-03-26,9730,2021-03-18,1740,019239,,4,2,9,2700,0,3,5,,2,003,"RIVER RD","LAS PALMAS RD",2112.00,E,N,B,C,N,,,,,,,,,,Y,4,0,1,1,C,-,18,,,N,E,I,A,B,F,-,A,D,0,,,,,Y,,-,"- ",0,0,1,0,0,0,0,0,0,"- ","- ",36.62030029296875,-121.66280364990234,MONTEREY,UNINCORPORATED,-121.66278076171875,36.620262145996094
91436847,2021,2021-03-26,9730,2021-03-23,1040,017785,,2,1,3,2711,0,1,2,,1,030,"US-101 SOUTHBOUND","SR-146 OVER-CROSSING",50.00,S,N,A,-,Y,,,101,,,,,,S,Y,3,0,1,2,A,-,07,21658,A,N,B,C,A,A,H,-,A,D,0,,,,Y,Y,,A,07,0,1,0,0,0,0,0,0,0,"- ","- ",36.419200897216797,-121.32363891601562,MONTEREY,SOLEDAD,-121.32366180419922,36.419178009033203
91436889,2021,2021-03-26,9730,2021-03-25,0950,018886,,4,1,9,2700,0,3,5,,2,007,"MORO ROAD","SAN MIGUEL CANYON ROAD",800.00,N,N,B,-,N,,,,,,,,,,Y,4,0,2,2,A,-,09,21804,A,N,D,C,A,A,H,-,A,D,0,,,,,Y,,A,01,0,0,2,0,0,0,0,0,0,"- ","- ",36.803131103515625,-121.66390228271484,MONTEREY,UNINCORPORATED,-121.66409301757812,36.803066253662109
91436936,2021,2021-03-26,9730,2021-03-22,0825,019328,,1,1,9,2700,0,3,5,,2,007,"TARPEY RD.","MAHER RD.",0.00,,Y,A,-,N,,,,,,,,,,Y,4,0,4,2,A,-,09,21802,A,N,D,C,A,A,H,-,A,D,0,,,,,Y,,A,08,0,0,4,0,0,0,0,0,0,"- ","- ",36.861801147460938,-121.68598175048828,MONTEREY,UNINCORPORATED,-121.68705749511719,36.861038208007812
91438220,2020,2021-03-29,9730,2020-12-29,1830,020391,,2,2,9,2700,0,1,2,,1,070,"US-101 SOUTHBOUND","LAUREL DR",1463.00,N,N,A,-,Y,,,101,,,,,,S,Y,1,1,0,2,A,-,11,21954,A,F,G,B,E,A,H,-,D,D,0,Y,,,Y,Y,Y,N,60,0,0,0,1,0,0,0,0,0,"- ","- ",36.701740264892578,-121.66635894775391,MONTEREY,UNINCORPORATED,-121.66635894775391,36.701740264892578
91438637,2021,2021-03-29,9730,2021-03-22,0643,020576,,1,1,9,2700,0,1,2,,1,030,"US-101 NORTHBOUND","SOLEDAD STATE PRISON RD",1320.00,N,N,A,-,Y,,,101,,,,,,N,Y,4,0,1,2,A,-,03,22350,,N,C,C,A,A,H,-,A,D,0,,,,,Y,,D,22,0,0,1,0,0,0,0,0,0,"- ","- ",36.466690063476562,-121.39082336425781,MONTEREY,UNINCORPORATED,-121.39083099365234,36.466667175292969
91438658,2021,2021-03-29,9730,2021-03-20,1350,020701,,6,1,9,2700,0,1,3,,1,072,SR-156,"CATHERDAL OAK ROAD",0.00,,Y,A,-,Y,,,156,,,,,,,Y,3,0,1,2,A,-,08,22107,,N,D,C,A,A,H,-,A,A,0,,,Y,,Y,,C,02,0,1,0,0,0,0,0,0,1,"- ","- ",36.776668548583984,-121.71511077880859,MONTEREY,UNINCORPORATED,-121.71509552001953,36.776630401611328
91438723,2021,2021-03-29,9730,2021-03-23,2146,020933,,2,2,9,2700,0,2,4,,1,023,"CARMEL VALLEY RD","SCARLETT RD",528.00,E,N,A,-,N,,,,,,,,,,Y,3,0,1,1,A,-,01,23152,A,N,E,I,A,A,H,-,D,D,0,,,,,Y,Y,A,01,0,1,0,0,0,0,0,0,0,"- ","- ",36.5166015625,-121.78230285644531,MONTEREY,UNINCORPORATED,-121.79227447509766,36.523105621337891
91439314,2021,2021-03-30,9735,2021-03-23,1720,019330,,2,2,9,2700,0,3,5,,2,001,"ARROYO SECO RD","FORT ROMIE RD",2112.00,E,N,A,-,N,,,,,,,,,,Y,3,0,2,1,A,-,08,22107,,N,F,A,A,A,H,-,A,D,0,,,,,Y,,A,07,0,1,1,0,0,0,0,0,0,"- ","- ",36.398170471191406,-121.32656860351562,MONTEREY,UNINCORPORATED,-121.32705688476562,36.397941589355469
91439402,2021,2021-03-30,9730,2021-03-25,0630,017785,,4,1,3,2711,0,1,2,,1,030,"US-101 NORTHBOUND","FRONT STREET",200.00,N,N,B,-,Y,,,101,,,,,,N,Y,4,0,1,3,A,-,03,22350,,N,C,C,A,A,H,-,C,D,0,,,,,Y,,A,01,0,0,1,0,0,0,0,0,0,"- ","- ",36.432090759277344,-121.33734893798828,MONTEREY,SOLEDAD,-121.33731079101562,36.432102203369141
91439704,2021,2021-03-30,9730,2021-03-26,2254,020970,,5,3,9,2700,0,1,3,,1,012,SR-1,"MPM 41",50.00,N,N,A,-,Y,,,1,,,,,,,Y,3,0,1,1,A,-,01,23152,A,N,E,I,A,A,H,-,D,D,0,,,,,Y,Y,A,01,0,1,0,0,0,0,0,0,0,"- ","- ",36.201629638671875,-121.72799682617188,MONTEREY,UNINCORPORATED,-121.72800445556641,36.201648712158203
91440074,2021,2021-03-31,9730,2021-03-28,1303,019328,,7,1,9,2700,0,1,2,,1,070,US-101,"BLACKIE RD.",1320.00,S,N,A,-,Y,,,101,,,,,,,Y,4,0,1,2,A,-,03,22350,,N,C,C,A,A,H,-,A,D,0,,,,,Y,,A,01,0,0,1,0,0,0,0,0,0,"- ","- ",36.765510559082031,-121.66793823242188,MONTEREY,UNINCORPORATED,-121.66793060302734,36.765514373779297
91440165,2021,2021-03-31,9730,2021-03-29,0615,017785,,1,1,6,2708,0,1,2,,1,050,"US-101 NORTHBOUND","JOHN STREET",528.00,S,N,B,-,Y,,,101,,,,,,N,Y,4,0,1,2,A,-,08,22107,,N,E,I,A,A,H,-,C,D,0,,,,Y,Y,,A,01,0,0,1,0,0,0,0,0,0,"- ","- ",36.670249938964844,-121.63819885253906,MONTEREY,SALINAS,-121.63820648193359,36.670242309570312
91440257,2021,2021-03-31,9730,2021-03-29,1739,019239,,1,2,9,2700,0,3,5,,2,003,"RIVER RD","CHUALAR RIVER RD",1056.00,W,N,A,-,N,,,,,,,,,,Y,4,0,1,1,A,-,08,22107,,N,E,I,A,A,H,-,A,D,0,,,,,Y,,A,01,0,0,1,0,0,0,0,0,0,"- ","- ",36.558399200439453,-121.55239868164062,MONTEREY,UNINCORPORATED,-121.54969024658203,36.553546905517578
91441081,2021,2021-04-01,9735,2021-03-26,1255,020036,,5,1,9,2700,0,1,2,,1,041,"US-101 N/B","CANAL ST",480.00,N,N,A,-,Y,,,,,,,,,,Y,4,0,1,2,A,-,03,22350,,N,C,C,A,A,D,-,A,A,0,,,,Y,Y,,G,26,0,0,1,0,0,0,0,0,0,"- ","- ",36.203819274902344,-121.13198089599609,MONTEREY,UNINCORPORATED,-121.133056640625,36.203948974609375
91441198,2021,2021-04-01,9735,2021-03-28,2042,021988,,7,2,9,2700,0,1,2,,1,040,"US 101 N/B","HUDSON RD",8976.00,N,N,A,-,Y,,,,,,,,,,Y,3,0,2,1,A,-,01,23152,A,N,F,I,A,A,H,-,D,D,0,,,,,Y,Y,A,01,0,1,1,0,0,0,0,0,0,"- ","- ",36.376411437988281,-121.29228210449219,MONTEREY,UNINCORPORATED,-121.28675842285156,36.371852874755859
91441718,2021,2021-04-02,9735,2021-03-19,1045,016696,,5,1,9,2700,0,3,5,,2,001,"METZ ROAD","ELM AVENUE",10560.00,S,N,B,-,N,,,,,,,,,,Y,4,0,1,1,A,-,01,23152,F,N,F,J,A,A,H,-,A,D,0,,,,,Y,,A,07,0,0,1,0,0,0,0,0,0,"- ","- ",36.319908142089844,-121.18125152587891,MONTEREY,UNINCORPORATED,-121.17876434326172,36.319869995117188
91443352,2021,2021-04-05,9730,2021-03-26,1046,016666,,5,1,9,2700,0,1,3,,2,062,"SR-1 N/B","SOLEDAD DRIVE",528.00,S,N,A,-,Y,,,1,,,,,,N,Y,3,0,1,1,A,-,08,22107,,N,E,I,A,A,H,-,A,D,0,,,,,Y,,E,22,0,1,0,0,0,0,0,0,0,"- ","- ",36.577201843261719,-121.90869903564453,MONTEREY,UNINCORPORATED,-121.90875244140625,36.577281951904297
91443833,2021,2021-04-06,9730,2021-03-26,1540,020899,,5,2,9,2700,0,1,3,,2,062,"EASTBOUND SR-68","SKYLINE FOREST DRIVE",2376.00,E,N,A,-,Y,,,68,,,,,,,Y,4,0,6,3,A,-,03,22350,,N,C,C,A,A,H,-,A,D,0,,,,,Y,,A,01,0,0,6,0,0,0,0,0,0,"- ","- ",36.580051422119141,-121.91618347167969,MONTEREY,UNINCORPORATED,-121.91615295410156,36.580081939697266
91443848,2021,2021-04-06,9730,2021-03-27,1128,020576,,6,1,9,2700,0,1,3,,1,066,SR-183,SR-1,300.00,E,N,A,-,Y,,,183,,,,,,,Y,4,0,2,2,A,-,09,21804,A,N,D,C,A,A,H,-,A,D,0,,,,,Y,,A,07,0,0,2,0,0,0,0,0,0,"- ","- ",36.770511627197266,-121.76442718505859,MONTEREY,UNINCORPORATED,-121.76445007324219,36.770481109619141
91443895,2021,2021-04-06,9730,2021-03-27,1950,021396,,6,2,9,2700,0,3,5,,2,004,"OLD STAGE ROAD","WILLIAMS ROAD",6336.00,S,N,A,-,N,,,,,,,,,,Y,2,0,2,1,A,-,01,23152,A,N,E,I,A,A,H,-,D,D,0,,,,,Y,Y,A,01,2,0,0,0,0,0,0,0,0,"- ","- ",36.680290222167969,-121.55677795410156,MONTEREY,UNINCORPORATED,-121.56200408935547,36.684505462646484
9144401,2020,2020-09-22,2707,2020-07-19,1142,2245,2707,7,5,3,2707,0,0,0,,0,002,"EARDLEY AV","PINE AV",0.00,,Y,A,-,N,,,,,,,,,,Y,4,0,2,2,A,-,08,22107,,F,A,I,A,A,H,-,A,D,0,,,,,Y,,A,07,0,0,2,0,0,0,0,0,0,"- ","- ",,,MONTEREY,"PACIFIC GROVE",-121.90840148925781,36.615810394287109
91444018,2021,2021-04-06,9730,2021-03-29,1001,016666,,1,1,9,2700,0,1,3,,1,022,"SR-1 S/B","MESA DRIVE",10.00,N,N,A,-,Y,,,1,,,,,,S,N,4,0,3,2,A,-,03,22350,,N,C,C,A,A,H,-,A,D,0,,,,,Y,,A,07,0,0,3,0,0,0,0,0,0,"- ","- ",36.546501159667969,-121.90959930419922,MONTEREY,UNINCORPORATED,-121.90966033935547,36.546489715576172
91444095,2021,2021-04-06,9730,2021-03-29,0024,020990,,1,3,9,2700,0,2,4,,1,075,"SAN JUAN ROAD","MURPHY RD",10.00,E,N,A,-,Y,,,,,,,,,,Y,2,0,1,1,A,-,03,22350,,N,E,I,A,A,H,-,D,D,0,,,,,Y,,A,01,1,0,0,0,0,0,0,0,0,"- ","- ",36.896419525146484,-121.67556762695312,MONTEREY,UNINCORPORATED,-121.676046,36.896383999999998
91444111,2021,2021-04-06,9730,2021-03-24,2038,019818,,3,2,9,2700,0,1,3,,1,014,SR-1,"PFEIFFER CANYON BRDG",1056.00,S,N,B,-,Y,,,,,,,,,,Y,3,0,1,2,A,-,01,23152,A,F,D,C,A,A,H,-,C,D,0,,,Y,,Y,,A,01,0,1,0,0,0,0,0,0,1,"- ","- ",36.238239288330078,-121.76981353759766,MONTEREY,UNINCORPORATED,-121.77175140380859,36.238254547119141
91444862,2021,2021-04-07,9730,2021-03-30,2226,021888,,2,3,9,2700,0,3,5,,2,007,"VIERRA CANYON ROAD",SR-156,0.00,,Y,A,-,N,,,,,,,,,,Y,3,0,2,2,A,-,01,23152,A,N,D,C,A,A,H,-,C,A,0,,,,,Y,Y,A,01,0,2,0,0,0,0,0,0,0,"- ","- ",36.79193115234375,-121.66506958007812,MONTEREY,UNINCORPORATED,-121.66501617431641,36.791927337646484
91444969,2021,2021-04-07,9730,2021-04-01,1729,019239,,4,2,9,2700,0,3,5,,2,006,"DAVIS RD","AMBROSE DR",30.00,S,N,A,-,N,,,,,,,,,,N,4,0,1,2,A,-,03,22350,,N,C,C,A,A,H,-,A,D,0,,,,,Y,,A,08,0,0,1,0,0,0,0,0,0,"- ","- ",36.669101715087891,-121.68309783935547,MONTEREY,UNINCORPORATED,-121.68305969238281,36.669178009033203
91445083,2021,2021-04-07,9730,2021-04-01,1645,019529,,4,2,9,2700,0,3,5,,2,005,"OLD STAGE ROAD","ZABALA ROAD",0.00,,Y,A,-,N,,,,,,,,,,Y,4,0,1,2,A,-,09,21802,A,N,B,C,A,A,H,-,A,D,0,,,,,Y,,E,22,0,0,1,0,0,0,0,0,0,"- ","- ",36.665500640869141,-121.55008697509766,MONTEREY,UNINCORPORATED,-121.55007934570312,36.665496826171875
91445123,2021,2021-04-07,9730,2021-04-02,1735,020598,,5,2,9,2700,0,1,2,,1,070,"US-101 S/B","SAN JUAN ROAD",2006.00,S,N,A,-,Y,,,101,,,,,,S,N,4,0,1,2,A,-,03,22350,,M,C,C,A,A,H,-,A,D,0,,,,,Y,,D,22,0,0,1,0,0,0,0,0,0,"- ","- ",36.853900909423828,-121.63410186767578,MONTEREY,UNINCORPORATED,-121.63407135009766,36.853878021240234
91445255,2021,2021-04-07,9735,2021-04-04,1145,017257,,7,1,3,2705,0,1,2,,1,041,"US 101 NORTHBOUND","CANAL STREET UNDERCROSSING",0.00,N,N,A,-,Y,,,,,,,,,,Y,3,0,3,5,A,-,03,22350,,N,C,C,A,A,D,-,A,A,0,,,,,Y,,A,01,0,1,2,0,0,0,0,0,0,"- ","- ",36.203250885009766,-121.12956237792969,MONTEREY,"KING CITY",-121.12969207763672,36.203464508056641
91445577,2021,2021-11-02,9735,2021-02-02,1913,018995,,2,2,9,2700,0,1,2,,2,044,"US-101 (SOUTHBOUND)","LOS LOBOS RD",6864.00,S,N,A,-,Y,,,101,,,,,,,Y,1,1,2,4,A,-,01,23152,A,N,A,C,A,A,H,-,D,D,0,,,,Y,Y,Y,A,01,1,1,0,0,0,0,0,0,0,"- ","- ",35.9598388671875,-120.88423919677734,MONTEREY,UNINCORPORATED,-120.88417816162109,35.959884643554688
9144652,2020,2020-10-07,2706,2020-08-24,1522,395,2706,1,5,4,2706,0,0,0,,0,002,"PACIFIC ST",ALAMEDA,213.00,N,N,A,-,N,,,,,,,,,,Y,4,0,1,1,A,-,03,22350,,N,E,I,A,A,H,-,A,D,0,,,Y,,Y,,C,02,0,0,1,0,0,0,0,0,1,"- ","- ",,,MONTEREY,MONTEREY,-121.90030670166016,36.589313507080078
91446912,2021,2021-04-09,9735,2021-03-29,0943,020036,,1,1,9,2700,0,3,5,,2,001,"DOUD RD","VIDA RD",261.00,S,N,B,-,N,,,,,,,,,,Y,3,0,1,1,A,-,01,23152,A,M,E,I,A,A,H,-,A,D,0,,,,,Y,Y,A,01,0,1,0,0,0,0,0,0,0,"- ","- ",36.379989624023438,-121.29721069335938,MONTEREY,UNINCORPORATED,-121.29718699999999,36.379922999999998
91446943,2021,2021-04-09,9735,2021-03-28,1830,022537,,7,2,9,2700,0,3,5,,2,003,"METZ ROAD","BLUE JAY LANE",4224.00,S,N,A,-,N,,,,,,,,,,Y,3,0,2,1,A,-,01,23152,A,M,F,A,A,A,H,-,A,D,0,,,,,Y,Y,A,01,0,2,0,0,0,0,0,0,0,"- ","- ",36.399810791015625,-121.25276184082031,MONTEREY,UNINCORPORATED,-121.25128936767578,36.395648956298828
91447011,2021,2021-04-09,9730,2021-04-05,1814,021776,,1,2,9,2700,0,1,3,,1,066,"SR-183 (MERRITT STREET)","SALINAS STREET",0.00,,Y,A,-,Y,,,183,,,,,,,N,4,0,1,2,A,-,09,21802,A,N,D,C,A,A,H,-,A,A,0,,,,,Y,,A,01,0,0,1,0,0,0,0,0,0,"- ","- ",36.761890411376953,-121.75296783447266,MONTEREY,UNINCORPORATED,-121.7529296875,36.761943817138672
91447093,2021,2021-04-09,9730,2021-04-07,1414,019239,,3,2,9,2700,0,3,5,,2,003,"CACHAGUA RD","TASSAJARA RD",110.00,N,N,A,-,N,,,,,,,,,,Y,4,0,1,1,A,-,01,23152,A,N,F,A,A,A,H,-,A,D,0,,,,,Y,Y,D,22,0,0,1,0,0,0,0,0,0,"- ","- ",36.391399383544922,-121.59529876708984,MONTEREY,UNINCORPORATED,-121.59529113769531,36.391220092773438
91447315,2021,2021-04-09,9730,2021-04-07,1840,019818,,3,2,9,2700,0,2,4,,1,023,"CARMEL VALLEY RD","DORIS DR.",0.00,,Y,A,-,N,,,,,,,,,,N,3,0,1,2,A,-,09,21801,A,N,D,G,A,A,H,-,B,D,0,,Y,,,Y,,A,01,0,1,0,0,0,0,1,0,0,"- ","- ",36.523628234863281,-121.81015014648438,MONTEREY,UNINCORPORATED,-121.81011199951172,36.523593902587891
91449111,2021,2021-04-13,9730,2021-04-06,1725,019529,,2,2,9,2700,0,1,2,,1,030,"UNITED STATES 101 (NORTHBOUND)","ESPERANZA ROAD",500.00,N,N,A,-,Y,,,,,,,,,,Y,4,0,1,1,A,-,01,23152,F,N,E,I,A,A,H,-,A,D,0,,,,,Y,Y,A,01,0,0,1,0,0,0,0,0,0,"- ","- ",36.590599060058594,-121.54029846191406,MONTEREY,UNINCORPORATED,-121.54081726074219,36.590866088867188
91450238,2021,2021-04-14,9730,2021-04-11,0925,018886,,7,1,9,2700,0,1,2,,1,070,"US-101 NB","MALLORY CANYON ROAD",450.00,S,N,A,-,Y,,,101,,,,,,N,Y,3,0,1,1,A,-,08,22107,,N,E,I,A,A,H,-,A,D,0,,,,,Y,,A,01,0,1,0,0,0,0,0,0,0,"- ","- ",36.812648773193359,-121.64218139648438,MONTEREY,UNINCORPORATED,-121.64221954345703,36.812690734863281
91450301,2021,2021-04-14,9730,2021-04-12,2130,021888,,1,2,9,2700,0,1,3,,1,066,SR-183,"COOPER ROAD",2640.00,N,N,A,-,Y,,,183,,,,,,,Y,3,0,1,2,A,-,08,22107,,N,D,C,A,A,H,-,D,D,0,,,,Y,Y,,D,22,0,1,0,0,0,0,0,0,0,"- ","- ",36.719871520996094,-121.72325897216797,MONTEREY,UNINCORPORATED,-121.72328186035156,36.7198486328125
91450522,2021,2021-04-14,9730,2021-04-12,1140,017502,,1,1,9,2700,0,1,3,,1,022,SR-1,"RILEY RANCH ROAD",250.00,N,N,A,-,Y,,,1,,,,,,,N,4,0,2,2,A,-,03,22350,,N,C,C,A,A,H,-,A,D,0,,,,,Y,,A,08,0,0,2,0,0,0,0,0,0,"- ","- ",36.518669128417969,-121.93424224853516,MONTEREY,UNINCORPORATED,-121.93419647216797,36.518604278564453
91450534,2021,2021-04-14,9730,2021-04-12,1610,019529,,1,2,9,2700,0,3,5,,2,005,"OLD STAGE ROAD","OLD NATIVIDAD ROAD",1920.00,S,N,A,-,N,,,,,,,,,,Y,4,0,1,1,A,-,08,22107,,N,E,I,A,A,H,-,A,D,0,,,,,Y,,A,01,0,0,1,0,0,0,0,0,0,"- ","- ",36.726039886474609,-121.59406280517578,MONTEREY,UNINCORPORATED,-121.59474182128906,36.727413177490234
91450606,2021,2021-04-14,9730,2021-04-11,1215,018886,,7,1,9,2700,0,1,2,,1,070,"US 101 NB","SAN MIGUEL CANYON ROAD",528.00,N,N,A,-,Y,,,,,,,,,,N,4,0,1,2,A,-,03,22350,,N,C,C,A,A,H,-,A,D,0,,,,,Y,,A,07,0,0,1,0,0,0,0,0,0,"- ","- ",36.800521850585938,-121.66297912597656,MONTEREY,UNINCORPORATED,-121.66297149658203,36.800361633300781
91451011,2021,2021-04-15,9735,2021-04-11,1508,021988,,7,2,9,2700,0,3,5,,2,001,"ENFIELD RD","CROWN AVE",64.00,N,N,A,-,N,,,,,,,,,,Y,2,0,1,2,A,-,01,23152,A,N,E,E,A,A,H,-,A,D,0,,,Y,,Y,Y,C,06,1,0,0,0,0,0,0,0,1,"- ","- ",36.186988830566406,-121.14582824707031,MONTEREY,UNINCORPORATED,-121.14577484130859,36.186874389648438
91451040,2021,2021-04-15,9730,2021-04-13,1713,019239,,2,2,9,2700,0,1,3,,1,068,"SR-68 EB","QUAIL RIDGE LN",900.00,E,N,A,-,Y,,,68,,,,,,E,Y,4,0,2,3,A,-,03,22350,,N,C,C,A,A,H,-,A,D,0,,,,,Y,,A,01,0,0,2,0,0,0,0,0,0,"- ","- ",36.571300506591797,-121.74459838867188,MONTEREY,UNINCORPORATED,-121.74464416503906,36.571483612060547
91451524,2021,2021-04-15,9730,2021-04-14,0610,015367,,3,1,9,2700,0,1,3,,1,074,"SR-1 NB","PRESTON STREET",380.00,S,N,A,-,Y,,,1,,,,,,N,Y,3,0,1,1,C,-,18,,,N,F,I,A,A,H,-,B,D,0,,,,,Y,,-,"- ",0,1,0,0,0,0,0,0,0,"- ","- ",36.757148742675781,-121.76531219482422,MONTEREY,UNINCORPORATED,-121.76533508300781,36.757148742675781