CASE_ID,ACCIDENT_YEAR,PROC_DATE,JURIS,COLLISION_DATE,COLLISION_TIME,OFFICER_ID,REPORTING_DISTRICT,DAY_OF_WEEK,CHP_SHIFT,POPULATION,CNTY_CITY_LOC,SPECIAL_COND,BEAT_TYPE,CHP_BEAT_TYPE,CITY_DIVISION_LAPD,CHP_BEAT_CLASS,BEAT_NUMBER,PRIMARY_RD,SECONDARY_RD,DISTANCE,DIRECTION,INTERSECTION,WEATHER_1,WEATHER_2,STATE_HWY_IND,CALTRANS_COUNTY,CALTRANS_DISTRICT,STATE_ROUTE,ROUTE_SUFFIX,POSTMILE_PREFIX,POSTMILE,LOCATION_TYPE,RAMP_INTERSECTION,SIDE_OF_HWY,TOW_AWAY,COLLISION_SEVERITY,NUMBER_KILLED,NUMBER_INJURED,PARTY_COUNT,PRIMARY_COLL_FACTOR,PCF_CODE_OF_VIOL,PCF_VIOL_CATEGORY,PCF_VIOLATION,PCF_VIOL_SUBSECTION,HIT_AND_RUN,TYPE_OF_COLLISION,MVIW,PED_ACTION,ROAD_SURFACE,ROAD_COND_1,ROAD_COND_2,LIGHTING,CONTROL_DEVICE,CHP_ROAD_TYPE,PEDESTRIAN_ACCIDENT,BICYCLE_ACCIDENT,MOTORCYCLE_ACCIDENT,TRUCK_ACCIDENT,NOT_PRIVATE_PROPERTY,ALCOHOL_INVOLVED,STWD_VEHTYPE_AT_FAULT,CHP_VEHTYPE_AT_FAULT,COUNT_SEVERE_INJ,COUNT_VISIBLE_INJ,COUNT_COMPLAINT_PAIN,COUNT_PED_KILLED,COUNT_PED_INJURED,COUNT_BICYCLIST_KILLED,COUNT_BICYCLIST_INJURED,COUNT_MC_KILLED,COUNT_MC_INJURED,PRIMARY_RAMP,SECONDARY_RAMP,LATITUDE,LONGITUDE,COUNTY,CITY,POINT_X,POINT_Y
91503634,2021,2021-06-23,9730,2021-06-16,1350,019529,,3,1,9,2700,0,2,4,,1,073,"SAN MIGUEL CANYON ROAD","POND DEROSA LANE",800.00,N,N,A,-,N,,,,,,,,,,Y,4,0,1,2,A,-,05,21460,A,N,B,C,A,A,H,-,A,D,0,,,,,Y,,A,01,0,0,1,0,0,0,0,0,0,"- ","- ",36.817878723144531,-121.67308807373047,MONTEREY,UNINCORPORATED,-121.67298889160156,36.818756103515625
91503641,2021,2021-06-23,9730,2021-06-16,1615,019529,,3,2,9,2700,0,3,5,,2,006,"SALINAS ROAD","TRAFTON ROAD",0.00,,Y,A,-,N,,,,,,,,,,Y,4,0,1,3,A,-,09,21801,A,N,D,C,A,A,H,-,A,D,0,,,,,Y,,A,07,0,0,1,0,0,0,0,0,0,"- ","- ",36.886798858642578,-121.74723815917969,MONTEREY,UNINCORPORATED,-121.74710845947266,36.886787414550781
91503646,2021,2021-06-23,9730,2021-06-16,1740,019239,,3,2,9,2700,0,3,5,,2,006,"DAVIS RD","LEMOS AVE",150.00,S,N,A,-,N,,,,,,,,,,Y,3,0,1,1,A,-,08,22107,,N,E,I,A,A,H,-,A,D,0,,,,,Y,,A,01,0,1,0,0,0,0,0,0,0,"- ","- ",36.673999786376953,-121.67890167236328,MONTEREY,UNINCORPORATED,-121.67892456054688,36.674022674560547
91503657,2021,2021-06-23,9730,2021-06-16,2140,022151,,3,2,9,2700,0,3,5,,2,003,"SPRECKELS BLVD","SPRECKELS LN",0.00,,Y,A,-,N,,,,,,,,,,Y,2,0,2,2,A,-,01,23152,A,N,B,C,A,A,H,-,D,D,0,,,,,Y,Y,A,07,1,0,1,0,0,0,0,0,0,"- ","- ",36.63037109375,-121.66683197021484,MONTEREY,UNINCORPORATED,-121.66704559326172,36.630657196044922
91504455,2021,2021-06-23,9735,2021-06-19,1816,021988,,6,2,9,2700,0,1,2,,2,042,"US 101 N/B","CANAL ST",1584.00,S,N,A,-,Y,,,,,,,,,,Y,4,0,2,3,A,-,03,22350,,N,C,C,A,A,D,-,A,D,0,,,,,Y,,E,22,0,0,2,0,0,0,0,0,0,"- ","- ",36.202640533447266,-121.12384796142578,MONTEREY,UNINCORPORATED,-121.12777709960938,36.203174591064453
91504962,2021,2021-06-24,9730,2021-06-14,1104,020576,,1,1,9,2700,0,3,5,,2,004,"ASSOCIATED LANE","OLD STAGE ROAD",1056.00,S,N,A,-,N,,,,,,,,,,Y,3,0,1,1,A,-,01,23152,A,N,E,I,A,A,H,-,A,D,0,,,,,Y,Y,D,22,0,1,0,0,0,0,0,0,0,"- ","- ",36.523818969726562,-121.46328735351562,MONTEREY,UNINCORPORATED,-121.4632568359375,36.523796081542969
91504968,2021,2021-06-24,9730,2021-06-15,1253,017642,,2,1,9,2700,0,1,3,,1,068,SR-68,"LAURELES GRADE",2640.00,W,N,A,-,Y,,,68,,,,,,,N,4,0,1,2,A,-,08,22107,,N,B,G,A,A,H,-,A,D,0,,Y,,,Y,,L,04,0,0,1,0,0,0,1,0,0,"- ","- ",36.570549011230469,-121.76458740234375,MONTEREY,UNINCORPORATED,-121.76458740234375,36.570560455322266
91504981,2021,2021-06-24,9730,2021-06-17,0530,017642,,4,3,9,2700,0,3,5,,2,007,"SALINAS RD",SR-1,528.00,E,N,A,-,N,,,,,,,,,,Y,3,0,2,2,A,-,09,21801,A,N,A,C,A,A,H,-,B,D,0,,,,,Y,,A,08,0,1,1,0,0,0,0,0,0,"- ","- ",36.869968414306641,-121.76811218261719,MONTEREY,UNINCORPORATED,-121.77133178710938,36.865451812744141
91504995,2021,2021-06-24,9730,2021-06-17,1030,016537,,4,1,9,2700,0,1,2,,1,050,"BORONDA RD TO S/B US-101","BORONDA RD",820.00,S,N,A,-,Y,,,,,,,,,,Y,3,0,1,1,A,-,08,22107,,N,F,A,A,A,H,-,A,D,0,,,,,Y,,A,01,0,1,0,0,0,0,0,0,0,"- ","- ",36.719371795654297,-121.66104125976562,MONTEREY,UNINCORPORATED,,
91504998,2021,2021-06-24,9730,2021-06-17,1039,019328,,4,1,9,2700,0,1,3,,1,074,SR-156,"SR-183 O/C",3750.00,W,N,A,-,Y,,,156,,,,,,,Y,4,0,1,1,A,-,08,22107,,N,F,A,A,A,H,-,A,D,0,,,,,Y,,D,22,0,0,1,0,0,0,0,0,0,"- ","- ",36.754661560058594,-121.76242828369141,MONTEREY,UNINCORPORATED,-121.76243591308594,36.754673004150391
91505000,2021,2021-06-24,9730,2021-06-17,1230,017785,,4,1,9,2700,0,3,5,,2,004,"OLD STAGE ROAD","ZABALA ROAD",4224.00,N,N,A,-,N,,,,,,,,,,Y,2,0,1,1,C,-,18,,,N,F,A,A,A,H,-,A,D,0,,,,,Y,,-,"- ",1,0,0,0,0,0,0,0,0,"- ","- ",36.677059173583984,-121.55513763427734,MONTEREY,UNINCORPORATED,-121.554931640625,36.676425933837891
91505007,2021,2021-06-24,9730,2021-06-17,1315,017642,,4,1,9,2700,0,1,3,,1,074,SR-1,"JENSEN RD",1584.00,S,N,A,-,Y,,,1,,,,,,,Y,2,0,2,2,A,-,05,21460,A,N,A,C,A,A,H,-,A,D,0,,,,Y,Y,,A,07,2,0,0,0,0,0,0,0,0,"- ","- ",36.848819732666016,-121.77115631103516,MONTEREY,UNINCORPORATED,-121.77114105224609,36.848819732666016
91505021,2021,2021-06-24,9730,2021-05-14,2134,022129,,5,2,9,2700,0,2,4,,1,023,"CARMEL VALLEY ROAD","RIO ROAD",0.00,,Y,B,-,N,,,,,,,,,,Y,1,1,1,4,A,-,03,22350,,N,B,C,E,A,H,-,D,D,0,Y,,,,Y,Y,A,01,0,1,0,1,1,0,0,0,0,"- ","- ",36.542758941650391,-121.89183044433594,MONTEREY,UNINCORPORATED,-121.89989300000001,36.544030999999997
91506337,2021,2021-06-25,9730,2021-06-18,0630,017785,,5,1,9,2700,0,1,2,,1,030,"US-101 NORTHBOUND","OLD STAGE ROAD",11088.00,N,N,A,-,Y,,,101,,,,,,N,Y,4,0,1,2,A,-,07,21658,A,M,B,C,A,A,H,-,A,D,0,,,,,Y,,-,99,0,0,1,0,0,0,0,0,0,"- ","- ",36.545101165771484,-121.49163055419922,MONTEREY,UNINCORPORATED,-121.49160003662109,36.545139312744141
91507470,2021,2021-06-28,9735,2021-06-19,2255,022537,,6,3,9,2700,0,3,5,,2,001,"ARROYO SECO RD","ELM AVENUE",2112.00,N,N,A,-,N,,,,,,,,,,N,2,0,1,1,A,-,01,23152,A,N,E,I,A,A,H,-,D,D,0,,,,,Y,Y,A,01,1,0,0,0,0,0,0,0,0,"- ","- ",36.281990051269531,-121.32099914550781,MONTEREY,UNINCORPORATED,-121.32065582275391,36.283149719238281
91507661,2021,2021-06-28,9730,2021-06-18,0455,021776,,5,3,9,2700,0,1,3,,1,074,SR-1,"STRUVE ROAD",1584.00,S,N,A,-,Y,,,1,,,,,,,Y,3,0,1,1,A,-,08,22107,,N,E,I,A,A,H,-,B,D,0,,,,,Y,,A,01,0,1,0,0,0,0,0,0,0,"- ","- ",36.827541351318359,-121.77382659912109,MONTEREY,UNINCORPORATED,-121.77378082275391,36.827484130859375
91507665,2021,2021-06-28,9730,2021-06-18,1350,020065,,5,1,9,2700,0,3,5,,2,004,"ALISAL ROAD","FUJI LANE",2000.00,S,N,A,-,N,,,,,,,,,,Y,4,0,1,1,A,-,08,22107,,N,E,I,A,A,H,-,A,D,0,,,,,Y,,A,01,0,0,1,0,0,0,0,0,0,"- ","- ",36.636650085449219,-121.55931091308594,MONTEREY,UNINCORPORATED,-121.55942535400391,36.636669158935547
91507963,2021,2021-06-28,9735,2021-06-26,0650,020036,,6,1,9,2700,0,1,2,,2,043,"US-101 S/B","CATTLEMEN ROAD",2640.00,N,N,B,-,Y,,,101,,,,,,S,Y,3,0,3,1,A,-,08,22107,,N,F,A,A,A,H,-,A,D,0,,,,,Y,,A,01,0,3,0,0,0,0,0,0,0,"- ","- ",36.017810821533203,-120.92646026611328,MONTEREY,UNINCORPORATED,-120.92646026611328,36.017810821533203
91508032,2021,2021-06-28,9730,2021-06-17,1610,019529,,4,2,9,2700,0,1,2,,1,050,"UNITED STATED 101 (SOUTHBOND) TO SANBORN ROAD","SANBORN ROAD",300.00,N,N,A,-,Y,,,,,,,,,,Y,4,0,1,3,A,-,03,22350,,N,C,C,A,A,H,-,A,D,0,,,,,Y,,A,07,0,0,1,0,0,0,0,0,0,"- ","- ",36.6673583984375,-121.63059997558594,MONTEREY,UNINCORPORATED,,
91508152,2021,2021-06-28,9730,2021-06-20,0625,018886,,7,1,9,2700,0,1,2,,1,030,"US-101 N/B","CHUALAR MAIN STREET",5280.00,S,N,B,-,Y,,,101,,,,,,N,N,4,0,1,2,A,-,03,22350,,N,C,C,A,A,H,-,A,D,0,,,,,Y,,A,07,0,0,1,0,0,0,0,0,0,"- ","- ",36.558048248291016,-121.50656890869141,MONTEREY,UNINCORPORATED,-121.50657653808594,36.55804443359375
91508231,2021,2021-06-28,9730,2021-06-21,1145,019818,,1,1,9,2700,0,1,3,,1,068,"SR-68 E/B","SPRECKELS BLVD",1584.00,W,N,A,-,Y,,,68,,,,,,E,Y,3,0,2,2,A,-,03,22350,,N,B,C,A,A,H,-,A,D,0,,,,,Y,,A,01,0,2,0,0,0,0,0,0,0,"- ","- ",36.629398345947266,-121.67407989501953,MONTEREY,UNINCORPORATED,-121.67412567138672,36.629474639892578
91508617,2021,2021-06-29,9730,2021-06-20,2305,021776,,7,3,9,2700,0,2,4,,1,073,"HALL ROAD","LAS LOMAS DRIVE",196.00,W,N,F,-,N,,,,,,,,,,Y,2,0,2,1,A,-,01,23153,A,N,E,I,A,A,H,-,C,D,0,,,,,Y,Y,A,01,2,0,0,0,0,0,0,0,0,"- ","- ",36.86553955078125,-121.73446655273438,MONTEREY,UNINCORPORATED,-121.73430633544922,36.865455627441406
91508869,2021,2021-06-29,9730,2021-06-23,1550,019127,,3,2,9,2700,0,3,5,,2,003,"GONZALES RIVER RD","PUENTE DEL MONTE AVE",3168.00,W,N,A,-,N,,,,,,,,,,Y,2,0,3,2,A,-,05,21650,,N,A,C,A,A,H,-,A,D,0,,,,,Y,,E,22,1,1,1,0,0,0,0,0,0,"- ","- ",36.495399475097656,-121.4542236328125,MONTEREY,UNINCORPORATED,-121.45474243164062,36.495147705078125
91509053,2021,2021-06-29,9730,2021-06-18,1600,018350,,5,2,9,2700,0,1,2,,1,070,"SAN JUAN ROAD TO US-101 SB","US-101 SB",150.00,N,N,A,-,Y,,,,,,,,,,N,4,0,1,2,A,-,21,22106,,N,C,C,A,A,H,-,A,A,0,,,Y,Y,Y,,G,26,0,0,1,0,0,0,0,0,1,"- ","- ",36,-121,MONTEREY,UNINCORPORATED,-121.63286590576172,36.854881286621094
91509188,2021,2021-06-29,9735,2021-06-01,1355,018995,,2,1,9,2700,0,3,5,,2,002,"LOCKWOOD SAN LUCAS ROAD",US-101,38544.00,W,N,A,-,N,,,,,,,,,,Y,2,0,1,1,A,-,08,22107,,N,E,I,A,A,H,-,A,D,0,,,,,Y,,A,01,1,0,0,0,0,0,0,0,0,"- ","- ",36.025741577148438,-121.06768035888672,MONTEREY,UNINCORPORATED,-121.06333160400391,36.045749664306641
91509775,2021,2021-06-30,9730,2021-06-22,1745,018350,,2,2,9,2700,0,3,5,,2,006,"BLACKIE ROAD","DEL MONTE AVENUE",0.00,,Y,A,-,N,,,,,,,,,,Y,4,0,1,2,A,-,09,21802,A,N,D,C,A,A,H,-,A,A,0,,,,,Y,,A,07,0,0,1,0,0,0,0,0,0,"- ","- ",36.757968902587891,-121.74416351318359,MONTEREY,UNINCORPORATED,-121.744140625,36.757961273193359
91509833,2021,2021-06-30,9730,2021-06-23,2035,019127,,3,2,9,2700,0,3,5,,2,003,"SANCHEZ RD","RIVER RD",1584.00,W,N,A,-,N,,,,,,,,,,Y,4,0,1,1,A,-,01,23152,A,M,E,I,A,A,H,-,B,D,0,,,,,Y,Y,A,01,0,0,1,0,0,0,0,0,0,"- ","- ",36.465480804443359,-121.46350860595703,MONTEREY,UNINCORPORATED,-121.46170806884766,36.469120025634766
91509933,2021,2021-06-30,9730,2021-06-24,1548,019127,,4,2,9,2700,0,1,2,,1,030,"US-101 S/B","GLORIA RD O/C",130.00,N,N,A,-,Y,,,101,,,,,,S,Y,4,0,3,4,A,-,03,22350,,N,C,C,A,A,H,-,A,D,0,,,,,Y,,A,01,0,0,3,0,0,0,0,0,0,"- ","- ",36.493629455566406,-121.42756652832031,MONTEREY,UNINCORPORATED,-121.42760467529297,36.493614196777344
91510807,2021,2021-07-01,9730,2021-06-22,1545,020065,,2,2,9,2700,0,3,5,,2,006,"ESPINOSA ROAD","CHRISTENSEN ROAD",5280.00,W,N,A,-,N,,,,,,,,,,Y,4,0,1,2,A,-,03,22350,,N,C,C,A,A,H,-,A,D,0,,,,,Y,,D,22,0,0,1,0,0,0,0,0,0,"- ","- ",36.739818572998047,-121.67552185058594,MONTEREY,UNINCORPORATED,-121.67530822753906,36.739799499511719
91510822,2021,2021-07-01,9730,2021-06-22,2240,021794,,2,3,9,2700,0,1,3,,1,066,SR-183,"ESPINOSA ROAD",40.00,N,N,B,-,Y,,,183,,,,,,,Y,2,0,2,2,A,-,01,23152,A,F,A,C,A,A,H,-,C,D,0,,,,,Y,Y,A,07,1,1,0,0,0,0,0,0,0,"- ","- ",36.745040893554688,-121.74021148681641,MONTEREY,UNINCORPORATED,-121.74028015136719,36.745014190673828
91510921,2021,2021-07-01,9730,2021-06-23,1020,019022,,3,1,9,2700,0,1,3,,1,022,"SR-1 (CABRILLO HIGHWAY) SOUTHBOUND","SOUTH CARMEL HILLS DRIVE",40.00,S,N,A,-,Y,,,1,,,,,,S,Y,4,0,1,2,A,-,09,21802,A,N,C,C,A,A,H,-,A,A,0,,,,,Y,,A,07,0,0,1,0,0,0,0,0,0,"- ","- ",36.548011779785156,-121.90994262695312,MONTEREY,UNINCORPORATED,-121.909912109375,36.548015594482422
91510985,2021,2021-07-01,9730,2021-06-26,1325,019328,,6,1,9,2700,0,2,4,,1,073,"SAN MIGUEL CANYON RD.","CASTROVILLE BLVD.",0.00,,Y,A,-,N,,,,,,,,,,Y,4,0,2,2,A,-,09,21802,A,N,D,C,A,A,H,-,A,D,0,,,,,Y,,A,01,0,0,2,0,0,0,0,0,0,"- ","- ",36.808448791503906,-121.67204284667969,MONTEREY,UNINCORPORATED,-121.67190551757812,36.808399200439453
91511298,2021,2021-07-01,9730,2021-06-27,0916,018302,,7,1,9,2700,0,1,3,,1,014,SR-1,"ENTRANCE TO EL SUR RANCH",30.00,S,N,B,-,Y,,,1,,,,,,,Y,4,0,1,1,A,-,08,22107,,N,E,I,A,A,H,-,A,D,0,,,,,Y,,A,01,0,0,1,0,0,0,0,0,0,"- ","- ",36.331661224365234,-121.88619995117188,MONTEREY,UNINCORPORATED,-121.88623046875,36.331809997558594
91511376,2021,2021-07-01,9730,2021-06-27,2130,020677,,7,2,9,2700,0,1,2,,1,030,"US-101 N/B","POTTER RD",120.00,N,N,A,-,Y,,,,,,,,,,Y,3,0,1,1,A,-,08,22107,,N,F,A,A,A,H,-,D,D,0,,,,,Y,,A,01,0,1,0,0,0,0,0,0,0,"- ","- ",36.607658386230469,-121.55789184570312,MONTEREY,UNINCORPORATED,-121.55735015869141,36.605812072753906
91511457,2021,2021-07-01,9730,2021-06-28,0455,021888,,1,3,9,2700,0,3,5,,2,003,"RIVER ROAD","CHUALAR RIVER ROAD",0.00,,Y,A,-,N,,,,,,,,,,Y,3,0,2,2,A,-,09,21801,A,N,A,C,A,A,H,-,D,D,0,,,,,Y,,A,07,0,2,0,0,0,0,0,0,0,"- ","- ",36.556301116943359,-121.550048828125,MONTEREY,UNINCORPORATED,-121.55007171630859,36.556327819824219
91513216,2021,2021-07-06,9730,2021-06-24,0650,020576,,4,1,9,2700,0,2,4,,1,073,"HALL ROAD","LAS LOMAS DRIVE",100.00,E,N,B,-,N,,,,,,,,,,N,4,0,1,2,A,-,03,22350,,N,C,C,A,A,H,-,A,A,0,,,,Y,Y,,F,27,0,0,1,0,0,0,0,0,0,"- ","- ",36.864971160888672,-121.73301696777344,MONTEREY,UNINCORPORATED,-121.73338317871094,36.865127563476562
91513227,2021,2021-10-29,9730,2021-06-24,0802,020576,,4,1,9,2700,0,2,4,,1,073,"HALL ROAD","SILL ROAD",50.00,W,N,B,-,N,,,,,,,,,,Y,4,0,1,3,A,-,09,21804,A,N,D,C,A,A,H,-,A,D,0,,,,,Y,,-,"- ",0,0,1,0,0,0,0,0,0,"- ","- ",36.864181518554688,-121.72274780273438,MONTEREY,UNINCORPORATED,-121.72270202636719,36.864109039306641
91513412,2021,2021-07-06,9730,2021-06-26,1537,020899,,6,2,9,2700,0,1,3,,1,022,SR-1,"RILEY RANCH ROAD",190.00,N,N,A,-,Y,,,1,,,,,,,Y,4,0,1,2,A,-,09,21804,A,N,D,C,A,A,H,-,A,D,0,,,,,Y,,A,01,0,0,1,0,0,0,0,0,0,"- ","- ",36.518379211425781,-121.93454742431641,MONTEREY,UNINCORPORATED,-121.93453216552734,36.518360137939453
91513446,2021,2021-07-06,9730,2021-06-27,1230,021776,,7,1,9,2700,0,1,3,,1,066,"SR-183 (MERRITT STREET)","PAJARO STREET",20.00,N,N,A,-,Y,,,183,,,,,,,N,4,0,3,2,A,-,03,22350,,N,C,C,A,A,H,-,A,A,0,,,,,Y,,D,22,0,0,3,0,0,0,0,0,0,"- ","- ",36.762619018554688,-121.75389862060547,MONTEREY,UNINCORPORATED,-121.75387573242188,36.762649536132812
91513456,2021,2021-07-06,9730,2021-06-27,1320,019818,,7,1,9,2700,0,1,2,,1,050,"US 101 S/B","LAUREL DR",1056.00,S,N,A,-,Y,,,,,,,,,,Y,3,0,1,1,A,-,16,24002,A,N,E,I,A,A,H,-,A,D,0,,,,,Y,,A,01,0,1,0,0,0,0,0,0,0,"- ","- ",36.694259643554688,-121.66262817382812,MONTEREY,UNINCORPORATED,-121.66332244873047,36.695079803466797
91513552,2021,2021-07-06,9735,2021-07-01,1645,020894,,4,2,9,2700,0,3,5,,2,002,"SMITH RD.","HESPERIA RD.",6336.00,E,N,A,-,N,,,,,,,,,,Y,3,0,1,2,A,-,05,21650,,N,B,C,A,A,H,-,A,D,0,,,,,Y,,E,22,0,1,0,0,0,0,0,0,0,"- ","- ",35.806140899658203,-121.03678894042969,MONTEREY,UNINCORPORATED,-121.03795623779297,35.806686401367188
91513579,2021,2021-07-06,9730,2021-06-28,1413,020065,,1,2,9,2700,0,1,2,,1,030,"US-101 S/B","SPENCE ROAD",0.00,,Y,A,-,Y,,,101,,,,,,S,Y,3,0,2,2,A,-,09,21802,A,N,D,C,A,A,H,-,A,A,0,,,,Y,Y,,G,25,0,2,0,0,0,0,0,0,0,"- ","- ",36.612728118896484,-121.567138671875,MONTEREY,UNINCORPORATED,-121.56715393066406,36.612712860107422
91513582,2021,2021-07-06,9735,2021-07-04,1140,017257,,7,1,9,2700,0,3,5,,2,004,"HOG CANYON ROAD","RANCHITA CANYON ROAD",3696.00,S,N,A,-,N,,,,,,,,,,Y,4,0,1,2,A,-,05,21650,,N,A,C,A,A,H,-,A,D,0,,,,,Y,,A,07,0,0,1,0,0,0,0,0,0,"- ","- ",35.806659698486328,-120.53043365478516,MONTEREY,UNINCORPORATED,-120.53652954101562,35.800750732421875
91514340,2021,2021-07-07,9730,2021-06-25,0800,019022,,5,1,9,2700,0,3,5,,2,007,"BLACKIE ROAD","DEL MONTE AVENUE",0.00,,Y,A,-,N,,,,,,,,,,Y,4,0,1,2,A,-,09,21802,A,N,D,C,A,A,H,-,A,A,0,,,,,Y,,A,01,0,0,1,0,0,0,0,0,0,"- ","- ",36.758029937744141,-121.74421691894531,MONTEREY,UNINCORPORATED,-121.744140625,36.757961273193359
91514466,2021,2021-07-07,9730,2021-06-28,2220,020677,,1,3,9,2700,0,1,2,,1,050,"US-101 S/B","MARKET ST U/C",100.00,N,N,A,-,Y,,,,,,,,,,N,4,0,1,1,A,-,01,23152,A,M,E,I,A,A,H,-,C,A,0,,,,,Y,Y,A,01,0,0,1,0,0,0,0,0,0,"- ","- ",36.679008483886719,-121.6416015625,MONTEREY,UNINCORPORATED,-121.64151000976562,36.678108215332031
91514917,2021,2021-08-05,9730,2021-06-30,1757,020065,,3,2,9,2700,0,2,4,,1,073,"SAN MIGUEL CANYON ROAD","ECHO VALLEY ROAD",0.00,,Y,B,-,N,,,,,,,,,,Y,4,0,2,2,A,-,09,21802,A,N,D,C,A,A,H,-,A,D,0,,,,,Y,,A,01,0,0,2,0,0,0,0,0,0,"- ","- ",36.821739196777344,-121.67349243164062,MONTEREY,UNINCORPORATED,-121.67355346679688,36.821727752685547
91515082,2021,2021-07-07,9730,2021-06-25,1310,020576,,5,1,3,2711,0,1,2,,1,030,"US-101 SOUTHBOUND","US-101 OFF-RAMP TO SR-146",30.00,S,N,A,-,Y,,,101,,,,,,S,Y,4,0,1,1,A,-,01,23152,A,M,E,I,A,A,H,-,A,D,0,,,,,Y,Y,A,01,0,0,1,0,0,0,0,0,0,"- ","- ",36.417411804199219,-121.32277679443359,MONTEREY,SOLEDAD,-121.32246398925781,36.417621612548828
91515533,2021,2021-07-08,9730,2021-07-01,1437,020065,,4,2,6,2708,0,1,2,,1,050,"US-101 S/B","AIRPORT BOULEVARD O/C",300.00,N,N,A,-,Y,,,101,,,,,,S,Y,3,0,1,3,A,-,03,22350,,N,C,C,A,A,H,-,A,D,0,,,,,Y,,A,07,0,1,0,0,0,0,0,0,0,"- ","- ",36.661399841308594,-121.62364196777344,MONTEREY,SALINAS,-121.62344360351562,36.661506652832031
91515684,2021,2021-07-08,9730,2021-07-02,0557,020576,,5,3,9,2700,0,3,5,,2,007,"DOLAN ROAD","AVILA ROAD",1584.00,W,N,F,-,N,,,,,,,,,,Y,4,0,1,1,A,-,03,22350,,N,E,I,A,B,H,-,B,D,0,,,,,Y,,D,22,0,0,1,0,0,0,0,0,0,"- ","- ",36.796440124511719,-121.75077819824219,MONTEREY,UNINCORPORATED,-121.75062561035156,36.796482086181641
91516209,2021,2021-07-08,9730,2021-06-29,0810,019022,,2,1,4,2706,0,1,3,,2,062,"SR-1 (CABRILLO HIGHWAY) SOUTHBOUND OFFRAMP FROM CA","CASA VERDE AVE",210.00,S,N,A,-,Y,,,1,,,,R,,S,Y,3,0,1,1,C,-,18,,,N,E,I,A,A,H,-,A,D,0,,,,,Y,,-,"- ",0,1,0,0,0,0,0,0,0,"- ","- ",36.598670959472656,-121.86521911621094,MONTEREY,MONTEREY,-121.86521911621094,36.598670959472656
91516845,2021,2021-07-09,9735,2021-07-02,1530,019330,,5,2,3,2704,0,1,2,,1,040,"US-101 TO WALNUT AVENUE","WALNUT AVE.",528.00,N,N,A,-,Y,,,,,,,,,,Y,2,0,3,2,A,-,03,22350,,N,C,C,A,A,H,-,A,D,0,,,,,Y,,A,01,2,0,1,0,0,0,0,0,0,"- ","- ",36.194999694824219,-121.14456176757812,MONTEREY,GREENFIELD,-121.24501037597656,36.330474853515625
91517702,2021,2021-07-12,9730,2021-06-27,1915,021396,,7,2,9,2700,0,2,4,,1,073,"SALINAS ROAD","ASSOCIATED LANE",157.00,S,N,A,-,N,,,,,,,,,,Y,4,0,1,2,A,-,09,21802,A,M,A,D,A,A,H,-,A,A,0,,,,,Y,,D,22,0,0,1,0,0,0,0,0,0,"- ","- ",36.897468566894531,-121.74787139892578,MONTEREY,UNINCORPORATED,-121.74788665771484,36.897357940673828
91517727,2021,2021-08-05,9730,2021-06-26,1624,020899,,6,2,9,2700,0,2,4,,1,023,"CARMEL VALLEY ROAD","CARMEL RANCHO BOULEVARD",290.00,W,N,A,-,N,,,,,,,,,,N,4,0,1,2,A,-,07,21658,A,M,B,C,A,A,H,-,A,D,0,,,,,Y,,-,99,0,0,1,0,0,0,0,0,0,"- ","- ",36.543781280517578,-121.90601348876953,MONTEREY,UNINCORPORATED,-121.90592956542969,36.543701171875
91519408,2021,2021-11-01,9730,2021-07-03,1040,021477,,6,1,9,2700,0,1,3,,1,068,SR-68,"BOOTS RD.",0.00,,Y,A,-,Y,,,68,,,,,,,N,3,0,1,2,A,-,12,21453,A,N,D,C,A,A,H,-,A,A,0,,,,,Y,,-,"- ",0,1,0,0,0,0,0,0,0,"- ","- ",36.567638397216797,-121.77851867675781,MONTEREY,UNINCORPORATED,-121.77851867675781,36.567630767822266
91519417,2021,2021-07-13,9730,2021-07-03,1230,019818,,6,1,9,2700,0,1,3,,1,022,SR-1,"SOBERANES TRAIL",60.00,S,N,A,-,Y,,,1,,,,,,,Y,4,0,2,2,A,-,09,21801,A,N,D,C,A,A,H,-,A,D,0,,,,,Y,,A,01,0,0,2,0,0,0,0,0,0,"- ","- ",36.414119720458984,-121.91419982910156,MONTEREY,UNINCORPORATED,-121.91423034667969,36.414115905761719
91519425,2021,2021-07-13,9730,2021-07-03,1315,021776,,6,1,9,2700,0,1,3,,1,074,SR-1,"SPRINGFIELD ROAD",708.00,N,N,B,-,Y,,,1,,,,,,,Y,4,0,3,2,A,-,03,22350,,N,C,C,A,A,H,-,A,D,0,,,,,Y,,A,01,0,0,3,0,0,0,0,0,0,"- ","- ",36.840259552001953,-121.77105712890625,MONTEREY,UNINCORPORATED,-121.77104187011719,36.840259552001953