CASE_ID,ACCIDENT_YEAR,PROC_DATE,JURIS,COLLISION_DATE,COLLISION_TIME,OFFICER_ID,REPORTING_DISTRICT,DAY_OF_WEEK,CHP_SHIFT,POPULATION,CNTY_CITY_LOC,SPECIAL_COND,BEAT_TYPE,CHP_BEAT_TYPE,CITY_DIVISION_LAPD,CHP_BEAT_CLASS,BEAT_NUMBER,PRIMARY_RD,SECONDARY_RD,DISTANCE,DIRECTION,INTERSECTION,WEATHER_1,WEATHER_2,STATE_HWY_IND,CALTRANS_COUNTY,CALTRANS_DISTRICT,STATE_ROUTE,ROUTE_SUFFIX,POSTMILE_PREFIX,POSTMILE,LOCATION_TYPE,RAMP_INTERSECTION,SIDE_OF_HWY,TOW_AWAY,COLLISION_SEVERITY,NUMBER_KILLED,NUMBER_INJURED,PARTY_COUNT,PRIMARY_COLL_FACTOR,PCF_CODE_OF_VIOL,PCF_VIOL_CATEGORY,PCF_VIOLATION,PCF_VIOL_SUBSECTION,HIT_AND_RUN,TYPE_OF_COLLISION,MVIW,PED_ACTION,ROAD_SURFACE,ROAD_COND_1,ROAD_COND_2,LIGHTING,CONTROL_DEVICE,CHP_ROAD_TYPE,PEDESTRIAN_ACCIDENT,BICYCLE_ACCIDENT,MOTORCYCLE_ACCIDENT,TRUCK_ACCIDENT,NOT_PRIVATE_PROPERTY,ALCOHOL_INVOLVED,STWD_VEHTYPE_AT_FAULT,CHP_VEHTYPE_AT_FAULT,COUNT_SEVERE_INJ,COUNT_VISIBLE_INJ,COUNT_COMPLAINT_PAIN,COUNT_PED_KILLED,COUNT_PED_INJURED,COUNT_BICYCLIST_KILLED,COUNT_BICYCLIST_INJURED,COUNT_MC_KILLED,COUNT_MC_INJURED,PRIMARY_RAMP,SECONDARY_RAMP,LATITUDE,LONGITUDE,COUNTY,CITY,POINT_X,POINT_Y
91577062,2021,2021-09-22,9730,2021-09-15,1810,021358,,3,2,9,2700,0,1,3,,1,074,SR-1,"SALINAS ROAD",2000.00,S,N,B,-,Y,,,1,,,,,,,Y,4,0,1,3,A,-,03,22350,,N,C,C,A,A,H,-,A,D,0,,,,,Y,,A,07,0,0,1,0,0,0,0,0,0,"- ","- ",36.858699798583984,-121.77108764648438,MONTEREY,UNINCORPORATED,-121.77109527587891,36.858699798583984
91577147,2021,2021-09-22,9735,2021-09-21,1045,017681,,2,1,9,2700,0,3,5,,2,003,"METZ ROAD","ELM AVENUE",1056.00,S,N,A,-,N,,,,,,,,,,Y,4,0,1,1,A,-,08,22107,,N,E,I,A,A,H,-,A,D,0,,,,,Y,,D,22,0,0,1,0,0,0,0,0,0,"- ","- ",36.337638854980469,-121.19828033447266,MONTEREY,UNINCORPORATED,-121.19808959960938,36.337802886962891
91578091,2021,2021-09-23,9730,2021-09-16,1617,019127,,4,2,9,2700,0,1,2,,1,030,"US-101 S/B","GLORIA RD",75.00,N,N,A,-,Y,,,101,,,,,,S,Y,3,0,3,3,A,-,03,22350,,N,C,C,A,A,H,-,A,D,0,,,,,Y,,A,07,0,1,2,0,0,0,0,0,0,"- ","- ",36.493518829345703,-121.42752838134766,MONTEREY,UNINCORPORATED,-121.42755126953125,36.493511199951172
91578200,2021,2021-09-23,9730,2021-09-15,0950,016666,,3,1,9,2700,0,1,3,,2,062,"SR-1 S/B","SLOAT AVENUE",528.00,N,N,A,-,Y,,,1,,,,,,S,Y,4,0,1,2,A,-,03,22350,,N,B,C,A,A,H,-,A,D,0,,,,,Y,,A,07,0,0,1,0,0,0,0,0,0,"- ","- ",36.593700408935547,-121.875,MONTEREY,UNINCORPORATED,-121.87501525878906,36.593791961669922
91578217,2021,2021-09-23,9730,2021-09-17,0645,018886,,5,1,9,2700,0,2,4,,1,073,"ELKHORN ROAD","HALL ROAD",550.00,W,N,B,-,N,,,,,,,,,,Y,4,0,1,3,A,-,03,22350,,N,C,C,A,A,A,-,A,D,0,,,,,Y,,D,22,0,0,1,0,0,0,0,0,0,"- ","- ",36.870059967041016,-121.74427795410156,MONTEREY,UNINCORPORATED,-121.74430847167969,36.869983673095703
91578234,2021,2021-09-23,9730,2021-09-17,0705,017785,,5,1,9,2700,0,3,5,,2,003,"RIVER ROAD","GONZALES RIVER ROAD",7920.00,N,N,A,-,N,,,,,,,,,,Y,3,0,1,1,A,-,08,22107,,N,E,I,A,A,H,-,A,D,0,,,,,Y,,A,01,0,1,0,0,0,0,0,0,0,"- ","- ",36.489681243896484,-121.49217224121094,MONTEREY,UNINCORPORATED,-121.47464752197266,36.480941772460938
91578345,2021,2021-09-23,9730,2021-09-17,1725,020990,,5,2,9,2700,0,1,2,,1,050,"S/B US-101","GOULD ROAD",600.00,N,N,A,-,Y,,,101,,,,,,,Y,4,0,1,2,A,-,03,22350,,N,C,C,A,A,H,-,A,D,0,,,,,Y,,A,01,0,0,1,0,0,0,0,0,0,"- ","- ",36.629009246826172,-121.58936309814453,MONTEREY,UNINCORPORATED,-121.58938598632812,36.628971099853516
91578357,2021,2021-09-23,9730,2021-09-17,2303,022047,,5,3,4,2706,0,1,3,,2,062,"SR-1 S/B","SR-68 (HOLMAN HIGHWAY)",1056.00,N,N,A,-,Y,,,1,,,,,,S,Y,3,0,1,2,A,-,03,22350,,N,C,C,A,A,H,-,C,D,0,,,,,Y,,A,07,0,1,0,0,0,0,0,0,0,"- ","- ",36.577301025390625,-121.90911865234375,MONTEREY,MONTEREY,-121.90911865234375,36.577297210693359
91578788,2021,2021-09-24,9730,2021-09-18,1350,021794,,6,1,9,2700,0,1,2,,1,070,"N/B US-101","DUNBARTON ROAD",140.00,S,N,A,-,Y,,,101,,,,,,,Y,3,0,1,3,A,-,03,22350,,N,C,C,A,A,H,-,A,D,0,,,,,Y,,A,01,0,1,0,0,0,0,0,0,0,"- ","- ",36.844810485839844,-121.63445281982422,MONTEREY,UNINCORPORATED,-121.63451385498047,36.844779968261719
91578932,2021,2021-09-24,9730,2021-09-18,1830,021776,,6,2,9,2700,0,1,3,,1,022,SR-1,"AURORA DEL MAR",6336.00,S,N,A,-,Y,,,1,,,,,,,Y,4,0,1,2,A,-,09,21801,A,N,D,C,A,A,H,-,A,D,0,,,,,Y,,A,01,0,0,1,0,0,0,0,0,0,"- ","- ",36.464111328125,-121.92716217041016,MONTEREY,UNINCORPORATED,-121.92714691162109,36.464115142822266
91578997,2021,2021-09-24,9730,2021-08-16,0613,019818,,1,1,9,2700,0,2,4,,2,063,"BLANCO RD","DAVIS RD",2640.00,W,N,E,-,N,,,,,,,,,,Y,1,1,1,2,A,-,03,22350,,N,C,C,A,A,H,-,B,D,0,,,,Y,Y,,A,01,0,1,0,0,0,0,0,0,0,"- ","- ",36.67047119140625,-121.69183349609375,MONTEREY,UNINCORPORATED,-121.69253540039062,36.670894622802734
91579254,2021,2021-09-24,9735,2021-09-17,1345,020894,,5,1,9,2700,0,3,5,,2,002,"U.S. 101 SOUTHBOUND ON RAMP FROM JOLON RD","JOLON RD.",103.00,S,N,A,-,Y,,,,,,,,,,Y,3,0,1,1,A,-,03,22350,,N,E,8,A,A,H,-,A,D,0,,,,,Y,,A,07,0,1,0,0,0,0,0,0,0,"- ","- ",35.873340606689453,-120.83695220947266,MONTEREY,UNINCORPORATED,,
91580401,2021,2021-09-27,9730,2021-09-16,0914,017642,,4,1,9,2700,0,3,5,,2,005,"RUSSELL RD","VAN BUREN AVE",450.00,W,N,B,-,N,,,,,,,,,,N,4,0,1,2,A,-,08,22107,,M,B,C,A,A,H,-,A,D,0,,,,,Y,,D,22,0,0,1,0,0,0,0,0,0,"- ","- ",36.732658386230469,-121.64980316162109,MONTEREY,UNINCORPORATED,-121.64949798583984,36.732547760009766
91580740,2021,2021-09-27,9730,2021-09-18,1504,021856,,6,2,9,2700,0,2,4,,1,073,"SAN MIGUEL CANYON ROAD","HALL ROAD",250.00,E,N,A,-,N,,,,,,,,,,Y,3,0,2,2,A,-,01,23153,A,F,D,C,A,A,H,-,A,D,0,,,,,Y,Y,A,01,0,2,0,0,0,0,0,0,0,"- ","- ",36.859928131103516,-121.69058227539062,MONTEREY,UNINCORPORATED,-121.69495391845703,36.858661651611328
91580898,2021,2021-09-27,9730,2021-09-18,1630,021477,,6,2,9,2700,0,3,5,,2,007,"MORRO RD.","SAN MIGUEL CANYON RD.",528.00,N,N,A,-,N,,,,,,,,,,Y,4,0,1,1,A,-,08,22107,,N,E,I,A,A,H,-,A,D,0,,,,,Y,,A,01,0,0,1,0,0,0,0,0,0,"- ","- ",36.802631378173828,-121.66674041748047,MONTEREY,UNINCORPORATED,-121.66495513916016,36.802799224853516
91581139,2021,2021-09-28,9735,2021-09-19,1440,020894,,7,2,9,2700,0,1,2,,2,042,"U.S. 101 NORTHBOUND","FIRST ST. OVERCROSSING",3696.00,S,N,A,-,Y,,,,,,,,,,Y,2,0,12,7,A,-,03,22350,,N,C,C,A,A,D,-,A,A,0,,,,Y,Y,,G,25,5,3,4,0,0,0,0,0,0,"- ","- ",36.197811126708984,-121.10080718994141,MONTEREY,UNINCORPORATED,-121.10417175292969,36.198848724365234
91581601,2021,2021-09-28,9730,2021-09-19,1830,019529,,7,2,9,2700,0,3,5,,2,003,"ALTA STREET","10TH STREET",1558.00,N,N,A,-,N,,,,,,,,,,Y,3,0,1,1,A,-,01,23152,A,N,F,I,A,A,H,-,A,D,0,,,,,Y,Y,D,22,0,1,0,0,0,0,0,0,0,"- ","- ",36.51300048828125,-121.45284271240234,MONTEREY,UNINCORPORATED,-121.45411682128906,36.513851165771484
9158163,2020,2020-10-16,2708,2020-06-30,0757,58583,,2,5,6,2708,0,0,0,,0,011,"EAST LAUREL DR","VETERANS WY",627.00,E,N,A,-,N,,,,,,,,,,N,2,0,1,2,A,-,08,22107,,N,C,G,A,A,H,-,A,D,0,,Y,,,Y,,L,04,1,0,0,0,0,0,1,0,0,"- ","- ",,,MONTEREY,SALINAS,-121.62676239013672,36.689918518066406
91581746,2021,2021-09-28,9730,2021-09-19,2200,022151,,7,3,9,2700,0,3,5,,2,004,"ABBOTT STREET","HARRIS ROAD",2112.00,S,N,A,-,N,,,,,,,,,,Y,4,0,4,2,A,-,06,21750,A,N,B,C,A,A,H,-,D,D,0,,,,,Y,,A,01,0,0,4,0,0,0,0,0,0,"- ","- ",36.640380859375,-121.60590362548828,MONTEREY,UNINCORPORATED,-121.6065673828125,36.640830993652344
9158179,2020,2020-10-16,2704,2020-06-10,1944,3726,2704,3,5,3,2704,0,0,0,,0,001,"ELM AV","VIA SALVAGNO",0.00,,Y,A,-,N,,,,,,,,,,N,3,0,1,1,B,-,22,,,N,H,A,A,A,H,-,A,D,0,,Y,,,Y,,L,04,0,1,0,0,0,0,1,0,0,"- ","- ",,,MONTEREY,GREENFIELD,-121.25151824951172,36.311908721923828
91581858,2021,2021-09-28,9730,2021-09-19,2308,022129,,7,3,9,2700,0,1,2,,1,030,"US-101 S/B","OLD STAGE ROAD OVERCROSSING",6864.00,N,N,A,-,Y,,,101,,,,,,S,Y,4,0,1,2,A,-,01,23152,A,N,C,C,A,A,H,-,D,D,0,,,,,Y,Y,A,01,0,0,1,0,0,0,0,0,0,"- ","- ",36.543869018554688,-121.49044036865234,MONTEREY,UNINCORPORATED,-121.49041748046875,36.543895721435547
91581889,2021,2021-12-28,9735,2021-06-16,1548,021988,,3,2,9,2700,0,1,2,,1,040,"US 101 S/B","HUDSON RD",401.00,S,N,A,-,Y,,,,,,,,,,Y,1,1,3,2,A,-,08,22107,,N,E,I,A,A,H,-,A,A,0,,,,,Y,,M,47,2,1,0,0,0,0,0,0,0,"- ","- ",36.351631164550781,-121.26663970947266,MONTEREY,UNINCORPORATED,-121.26685333251953,36.3516845703125
91581890,2021,2021-09-28,9735,2021-07-10,2353,022328,,6,3,9,2700,0,3,5,,2,002,"JOLON ROAD","SAM JONES ROAD",57.00,N,N,A,-,N,,,,,,,,,,Y,1,1,0,1,A,-,01,23152,F,N,F,A,A,A,H,-,D,A,0,,,,,Y,,A,07,0,0,0,0,0,0,0,0,0,"- ","- ",35.942600250244141,-121.13240051269531,MONTEREY,UNINCORPORATED,-121.13330078125,35.942985534667969
91581922,2021,2021-09-28,9730,2021-09-20,1420,019239,,1,2,9,2700,0,2,4,,2,063,"BLANCO ROAD","DAVIS RD",100.00,W,N,A,-,N,,,,,,,,,,Y,4,0,1,2,A,-,03,22350,,N,C,C,A,A,H,-,A,D,0,,,,,Y,,A,07,0,0,1,0,0,0,0,0,0,"- ","- ",36.666999816894531,-121.68579864501953,MONTEREY,UNINCORPORATED,-121.68540954589844,36.666927337646484
9158193,2020,2020-11-23,2704,2020-09-05,2344,7641,2400,6,5,3,2704,0,0,0,,0,002,"5TH ST","PALM AV",600.00,S,N,A,-,N,,,,,,,,,,N,4,0,1,2,A,-,01,23152,A,N,B,C,A,A,H,-,C,A,0,,,,,Y,Y,-,,0,0,1,0,0,0,0,0,0,"- ","- ",,,MONTEREY,GREENFIELD,-121.23932647705078,36.323360443115234
91581939,2021,2021-09-28,9730,2021-09-20,1510,019529,,1,2,9,2700,0,1,2,,1,030,"UNITED STATES 101 (NORTHBOUND)","ESPERANZA ROAD",250.00,S,N,A,-,Y,,,,,,,,,,Y,4,0,1,2,A,-,03,22350,,N,C,C,A,A,H,-,A,D,0,,,,,Y,,A,01,0,0,1,0,0,0,0,0,0,"- ","- ",36.588970184326172,-121.53861999511719,MONTEREY,UNINCORPORATED,-121.53919219970703,36.589279174804688
91582370,2021,2021-09-29,9735,2021-09-24,0025,022034,,5,3,9,2700,0,1,2,,2,044,"US-101 SOUTHBOUND","PARIS VALLEY ROAD UNDERCROSSING",2270.00,S,N,A,-,Y,,,101,,,,,,S,Y,2,0,1,1,A,-,08,22107,,N,E,I,A,A,H,-,D,D,0,,,,,Y,,A,07,1,0,0,0,0,0,0,0,0,"- ","- ",36.006511688232422,-120.91739654541016,MONTEREY,UNINCORPORATED,-120.91748809814453,36.006450653076172
91582385,2021,2021-09-29,9730,2021-04-10,2500,021856,,6,4,9,2700,0,3,5,,2,007,"DOLAN ROAD","STATE ROUTE 1",49.00,W,N,A,-,Y,,,,,,,,,,Y,1,2,0,1,A,-,01,23152,A,N,E,I,A,A,H,-,A,D,0,,,,,Y,Y,A,01,0,0,0,0,0,0,0,0,0,"- ","- ",36.804149627685547,-121.78402709960938,MONTEREY,UNINCORPORATED,-121.7838134765625,36.804088592529297
91582446,2021,2021-09-29,9730,2021-09-21,0230,022092,,2,3,9,2700,0,2,4,,1,073,"SAN MIGUEL CANYON ROAD","STRONG CIRCLE",200.00,N,N,A,-,N,,,,,,,,,,Y,3,0,1,1,C,-,18,,,N,H,H,A,A,H,-,D,D,0,,,,,Y,,-,"- ",0,1,0,0,0,0,0,0,0,"- ","- ",36.837001800537109,-121.68319702148438,MONTEREY,UNINCORPORATED,-121.68330383300781,36.836978912353516
91582766,2021,2021-09-29,9730,2021-09-20,2319,019770,,1,3,9,2700,0,1,3,,1,014,"STATE ROUTE 1","APPLE PIE RIDGE",898.00,S,N,A,-,Y,,,1,,,,,,,Y,3,0,1,1,A,-,01,23152,A,N,E,I,A,A,H,-,D,D,0,,,,,Y,Y,A,07,0,1,0,0,0,0,0,0,0,"- ","- ",36.268260955810547,-121.80535125732422,MONTEREY,UNINCORPORATED,-121.80535888671875,36.268241882324219
9158389,2020,2020-11-17,2704,2020-09-14,1859,8061,2704,1,5,3,2704,0,0,0,,0,001,"HUTCHISON DR","HICKS DR",0.00,,Y,A,-,N,,,,,,,,,,N,4,0,1,2,A,-,09,21801,A,N,D,C,A,A,H,-,A,B,0,,,,,Y,,A,01,0,0,1,0,0,0,0,0,0,"- ","- ",,,MONTEREY,GREENFIELD,-121.24992370605469,36.319889068603516
91583897,2021,2021-09-30,9730,2021-09-23,1200,018886,,4,1,9,2700,0,3,5,,2,007,"MAHER ROAD","PADILLA PLACE",125.00,S,N,A,-,N,,,,,,,,,,N,4,0,1,2,A,-,03,22350,,N,C,C,A,A,H,-,A,D,0,,,,,Y,,A,07,0,0,1,0,0,0,0,0,0,"- ","- ",36.847080230712891,-121.67803955078125,MONTEREY,UNINCORPORATED,-121.67809,36.847101000000002
91583910,2021,2021-09-30,9730,2021-09-23,1214,019818,,4,1,9,2700,0,1,3,,1,066,SR-183,"ESPINOSA RD",600.00,N,N,A,-,Y,,,183,,,,,,,Y,3,0,2,2,A,-,03,22350,,N,C,C,A,A,H,-,A,D,0,,,,,Y,,A,01,0,2,0,0,0,0,0,0,0,"- ","- ",36.746768951416016,-121.74076080322266,MONTEREY,UNINCORPORATED,-121.74078369140625,36.746761322021484
91583931,2021,2021-09-30,9730,2021-09-23,1630,019239,,4,2,9,2700,0,3,5,,2,006,"DAVIS ROAD","HITCHCOCK ROAD",0.00,,Y,A,-,N,,,,,,,,,,Y,3,0,1,3,A,-,09,21801,A,M,D,C,A,A,H,-,A,D,0,,,,,Y,Y,A,08,0,1,0,0,0,0,0,0,0,"- ","- ",36.658699035644531,-121.69200134277344,MONTEREY,UNINCORPORATED,-121.69200897216797,36.658710479736328
91586966,2021,2021-10-04,9730,2021-09-24,1549,021776,,5,2,9,2700,0,1,2,,1,050,"NORTHBOUND US-101","AIRPORT BOULEVARD OVER-CROSSING",332.00,S,N,A,-,Y,,,101,,,,,,,Y,3,0,1,1,A,-,01,23152,A,N,E,I,A,A,H,-,A,D,0,,,,,Y,Y,A,01,0,1,0,0,0,0,0,0,0,"- ","- ",36.659881591796875,-121.62235260009766,MONTEREY,UNINCORPORATED,-121.62224578857422,36.659938812255859
91587164,2021,2021-10-04,9730,2021-09-24,1730,019529,,5,2,9,2700,0,2,4,,1,023,"CARMEL VALLEY ROAD","CAMP STEFFANI ROAD",250.00,W,N,A,-,N,,,,,,,,,,N,4,0,1,2,A,-,03,22350,,N,C,C,A,A,H,-,A,D,0,,,,,Y,,A,01,0,0,1,0,0,0,0,0,0,"- ","- ",36.472869873046875,-121.7171630859375,MONTEREY,UNINCORPORATED,-121.71746063232422,36.473121643066406
91587327,2021,2021-10-04,9730,2021-09-25,1425,019127,,6,2,9,2700,0,3,5,,2,004,"OLD STAGE RD","ALISAL RD",177.00,S,N,A,-,N,,,,,,,,,,Y,4,0,1,1,A,-,01,23152,A,N,E,I,A,A,H,-,A,D,0,,,,,Y,Y,A,07,0,0,1,0,0,0,0,0,0,"- ","- ",36.630649566650391,-121.54219055175781,MONTEREY,UNINCORPORATED,-121.54216766357422,36.630702972412109
91587418,2021,2021-10-04,9730,2021-09-25,1955,021776,,6,2,9,2700,0,2,4,,1,073,"PORTER DRIVE","SALINAS ROAD",57.00,W,N,A,-,N,,,,,,,,,,N,3,0,1,2,A,-,11,21954,A,N,G,B,D,A,H,-,C,D,0,Y,,,,Y,Y,N,60,0,1,0,0,1,0,0,0,0,"- ","- ",36.902671813964844,-121.74878692626953,MONTEREY,UNINCORPORATED,-121.74858093261719,36.902641296386719
91587537,2021,2021-10-04,9730,2021-09-26,1355,021477,,7,1,9,2700,0,1,3,,1,072,SR-156,"CATHEDRAL OAKS ROAD",1056.00,W,N,A,-,Y,,,156,,,,,,,Y,3,0,1,2,A,-,03,22350,,N,C,C,A,A,H,-,A,D,0,,,,,Y,,A,01,0,1,0,0,0,0,0,0,0,"- ","- ",36.771251678466797,-121.73355102539062,MONTEREY,UNINCORPORATED,-121.73354339599609,36.771224975585938
91587621,2021,2021-10-04,9730,2021-09-26,1605,021776,,7,2,9,2700,0,1,2,,1,050,"NORTHBOUND US-101","SHERWOOD DRIVE",722.00,S,N,A,-,Y,,,,,,,,,,Y,2,0,1,1,A,-,16,24002,A,N,F,A,A,A,H,-,A,D,0,,,Y,,Y,,C,02,1,0,0,0,0,0,0,0,1,"- ","- ",36.683750152587891,-121.64621734619141,MONTEREY,UNINCORPORATED,-121.64657592773438,36.683731079101562
91587626,2021,2021-10-04,9730,2021-09-26,1625,021856,,7,2,9,2700,0,1,2,,1,050,"SOUTHBOUND UNITED STATES 101","BORONDA RD",528.00,S,N,A,-,Y,,,,,,,,,,Y,4,0,3,2,A,-,01,23152,A,N,C,C,A,A,H,-,A,D,0,,,,,Y,Y,A,07,0,0,3,0,0,0,0,0,0,"- ","- ",36.715671539306641,-121.66171264648438,MONTEREY,UNINCORPORATED,-121.66035461425781,36.720603942871094
91588101,2021,2021-10-05,9730,2021-09-26,1835,021776,,7,2,9,2700,0,1,2,,1,070,"NORTHBOUND US-101","SALA RD",997.00,S,N,A,-,Y,,,101,,,,,,,Y,3,0,1,1,A,-,08,22107,,N,F,A,A,A,H,-,A,D,0,,,,,Y,Y,D,22,0,1,0,0,0,0,0,0,0,"- ","- ",36.741130828857422,-121.65892791748047,MONTEREY,UNINCORPORATED,-121.65939331054688,36.740951538085938
91588169,2021,2021-10-05,9730,2021-09-26,1849,021358,,7,2,9,2700,0,1,3,,1,068,SR-68,"SAN BENANCIO ROAD",20.00,W,N,A,-,Y,,,68,,,,,,,Y,4,0,3,2,A,-,01,23152,A,N,B,C,A,A,H,-,A,D,0,,,,,Y,Y,D,22,0,0,3,0,0,0,0,0,0,"- ","- ",36.579669952392578,-121.72096252441406,MONTEREY,UNINCORPORATED,-121.72095489501953,36.579662322998047
91588201,2021,2023-01-23,9730,2021-09-26,1905,019770,,7,2,9,2700,0,1,3,,1,022,"STATE ROUTE 1","GARRAPATA TROUT FARM ROAD",792.00,N,N,A,-,Y,,,1,,,,,,,Y,2,0,1,2,A,-,08,22107,,N,B,G,A,A,H,-,B,D,0,,Y,,,Y,,L,04,1,0,0,0,0,0,1,0,0,"- ","- ",36.420280456542969,-121.91268920898438,MONTEREY,UNINCORPORATED,-121.91272735595703,36.420291900634766
91588324,2021,2021-10-05,9730,2021-09-26,2235,022137,,7,3,9,2700,0,1,3,,1,072,"SR 156 E/B","RT 183",528.00,W,N,A,-,Y,,,156,,,,,,E,Y,4,0,1,2,A,-,01,23152,A,N,E,I,A,A,H,-,D,D,0,,,,,Y,Y,A,01,0,0,1,0,0,0,0,0,0,"- ","- ",36.755901336669922,-121.76072692871094,MONTEREY,UNINCORPORATED,-121.76072692871094,36.755897521972656
91588517,2021,2021-10-05,9730,2021-09-27,0800,019818,,1,1,9,2700,0,1,2,,1,030,"US 101 NB","POTTER RD",0.00,,Y,B,-,Y,,,,,,,,,,Y,3,0,1,2,A,-,09,21802,A,N,D,C,A,A,H,-,A,A,0,,,,,Y,,D,22,0,1,0,0,0,0,0,0,0,"- ","- ",36.605659484863281,-121.55718994140625,MONTEREY,UNINCORPORATED,-121.55705261230469,36.6055908203125
91588599,2021,2021-10-05,9730,2021-09-27,1540,021776,,1,2,9,2700,0,1,2,,1,070,"NORTHBOUND US-101","THE CRAZY HORSE CANYON ROAD OVER-CROSSING",12.00,S,N,A,-,Y,,,101,,,,,,,Y,4,0,3,3,A,-,03,22350,,N,C,C,A,A,H,-,A,D,0,,,,,Y,,A,07,0,0,3,0,0,0,0,0,0,"- ","- ",36.81829833984375,-121.63295745849609,MONTEREY,UNINCORPORATED,-121.63298797607422,36.818351745605469
91589320,2021,2021-10-06,9730,2021-09-27,2058,021794,,1,2,9,2700,0,1,3,,2,062,"SR-1 S/B","DEL MONTE BLVD (NORTH)",5.00,N,N,B,-,Y,,,1,,,,,,S,Y,2,0,1,1,A,-,01,23152,A,N,F,I,A,A,H,-,C,D,0,,,,,Y,Y,A,01,1,0,0,0,0,0,0,0,0,"- ","- ",36.725479125976562,-121.78964996337891,MONTEREY,UNINCORPORATED,-121.78964996337891,36.725482940673828
91589500,2021,2021-10-06,9730,2021-09-29,0710,017785,,3,1,9,2700,0,1,2,,1,030,"RIVER ROAD","CHUALAR RIVER ROAD",6864.00,N,N,A,-,N,,,,,,,,,,Y,4,0,1,1,A,-,08,22107,,N,F,A,A,A,H,-,A,D,0,,,,,Y,,A,07,0,0,1,0,0,0,0,0,0,"- ","- ",36.560791015625,-121.56707000732422,MONTEREY,UNINCORPORATED,-121.56781768798828,36.567249298095703
91590459,2021,2021-10-07,9730,2021-09-11,2025,021776,,6,2,9,2700,0,1,2,,1,070,"US-101 NORTHBOUND","VIERRA CANYON ROAD",477.00,S,N,A,-,Y,,,101,,,,,,N,Y,4,0,1,2,A,-,03,22350,,M,C,C,A,A,H,-,D,D,0,,,,,Y,,A,01,0,0,1,0,0,0,0,0,0,"- ","- ",36.790409088134766,-121.66731262207031,MONTEREY,UNINCORPORATED,-121.66729736328125,36.790409088134766
91590754,2021,2021-10-07,9730,2021-09-30,1443,020899,,4,2,9,2700,0,3,5,,2,007,"CASTROVILLE BOULEVARD","MERIDIAN ROAD",0.00,,Y,A,-,N,,,,,,,,,,N,4,0,1,2,A,-,09,21802,A,N,D,C,A,A,H,-,A,A,0,,,,,Y,,D,22,0,0,1,0,0,0,0,0,0,"- ","- ",36.790840148925781,-121.72754669189453,MONTEREY,UNINCORPORATED,-121.72755432128906,36.790821075439453
91590884,2021,2021-10-07,9730,2021-09-30,1630,017184,,4,2,9,2700,0,1,3,,1,012,SR-1,"VICENTE CRK BRIDGE",2112.00,N,N,A,-,Y,,,1,,,,,,,N,2,0,1,1,A,-,08,22107,,N,E,I,A,A,H,-,A,A,0,,,Y,,Y,,C,02,1,0,0,0,0,0,0,0,1,"- ","- ",36.048789978027344,-121.58872222900391,MONTEREY,UNINCORPORATED,-121.58885192871094,36.048580169677734
91591001,2021,2021-10-07,9735,2021-10-01,2140,022328,,5,2,9,2700,0,1,2,,2,044,US-101,"JOLON ROAD",794.00,N,N,A,-,Y,,,101,,,,,,,Y,3,0,2,1,A,-,08,22107,,N,F,A,A,A,H,-,D,A,0,,,,Y,Y,,G,25,0,1,1,0,0,0,0,0,0,"- ","- ",35.875518798828125,-120.83740234375,MONTEREY,UNINCORPORATED,-120.8372802734375,35.8756103515625
91591017,2021,2021-10-07,9735,2021-10-02,1515,020894,,6,2,9,2700,0,3,5,,2,001,"ARROYO SECO ROAD","ELM AVENUE",5280.00,E,N,A,-,N,,,,,,,,,,Y,3,0,1,1,A,-,01,23152,A,N,E,I,A,A,H,-,A,D,0,,,,,Y,Y,A,07,0,1,0,0,0,0,0,0,0,"- ","- ",36.295040130615234,-121.31465911865234,MONTEREY,UNINCORPORATED,-121.31694793701172,36.291023254394531
91591044,2021,2021-10-07,9730,2021-09-30,1723,019981,,4,2,9,2700,0,3,5,,2,006,"DAVIS RD","BLANCO RD",1320.00,S,N,A,-,N,,,,,,,,,,N,4,0,1,2,A,-,03,22350,,N,C,C,A,A,H,-,A,D,0,,,,,Y,,A,01,0,0,1,0,0,0,0,0,0,"- ","- ",36.663631439208984,-121.68769836425781,MONTEREY,UNINCORPORATED,-121.68771362304688,36.663841247558594
91591552,2021,2021-10-08,9730,2021-10-01,0938,018886,,5,1,9,2700,0,3,5,,2,007,"SALINAS ROAD","FREMONT STREET",50.00,S,N,A,-,N,,,,,,,,,,Y,4,0,1,3,A,-,08,22107,,N,A,C,A,A,H,-,A,D,0,,,,,Y,,A,07,0,0,1,0,0,0,0,0,0,"- ","- ",36.898448944091797,-121.74797058105469,MONTEREY,UNINCORPORATED,-121.74797821044922,36.898464202880859