CASE_ID,ACCIDENT_YEAR,PROC_DATE,JURIS,COLLISION_DATE,COLLISION_TIME,OFFICER_ID,REPORTING_DISTRICT,DAY_OF_WEEK,CHP_SHIFT,POPULATION,CNTY_CITY_LOC,SPECIAL_COND,BEAT_TYPE,CHP_BEAT_TYPE,CITY_DIVISION_LAPD,CHP_BEAT_CLASS,BEAT_NUMBER,PRIMARY_RD,SECONDARY_RD,DISTANCE,DIRECTION,INTERSECTION,WEATHER_1,WEATHER_2,STATE_HWY_IND,CALTRANS_COUNTY,CALTRANS_DISTRICT,STATE_ROUTE,ROUTE_SUFFIX,POSTMILE_PREFIX,POSTMILE,LOCATION_TYPE,RAMP_INTERSECTION,SIDE_OF_HWY,TOW_AWAY,COLLISION_SEVERITY,NUMBER_KILLED,NUMBER_INJURED,PARTY_COUNT,PRIMARY_COLL_FACTOR,PCF_CODE_OF_VIOL,PCF_VIOL_CATEGORY,PCF_VIOLATION,PCF_VIOL_SUBSECTION,HIT_AND_RUN,TYPE_OF_COLLISION,MVIW,PED_ACTION,ROAD_SURFACE,ROAD_COND_1,ROAD_COND_2,LIGHTING,CONTROL_DEVICE,CHP_ROAD_TYPE,PEDESTRIAN_ACCIDENT,BICYCLE_ACCIDENT,MOTORCYCLE_ACCIDENT,TRUCK_ACCIDENT,NOT_PRIVATE_PROPERTY,ALCOHOL_INVOLVED,STWD_VEHTYPE_AT_FAULT,CHP_VEHTYPE_AT_FAULT,COUNT_SEVERE_INJ,COUNT_VISIBLE_INJ,COUNT_COMPLAINT_PAIN,COUNT_PED_KILLED,COUNT_PED_INJURED,COUNT_BICYCLIST_KILLED,COUNT_BICYCLIST_INJURED,COUNT_MC_KILLED,COUNT_MC_INJURED,PRIMARY_RAMP,SECONDARY_RAMP,LATITUDE,LONGITUDE,COUNTY,CITY,POINT_X,POINT_Y
91877160,2022,2022-09-29,9730,2022-09-26,1340,019529,,1,1,9,2700,0,1,3,,2,062,"STATE ROUTE 1 (SOUTHBOUND)","AGUAJITO ROAD",550.00,N,N,A,-,Y,MON,,1,,R,77.519,H,,R,Y,4,0,2,2,A,-,03,22350,,N,C,C,A,A,H,-,A,D,0,,,,,Y,,A,01,0,0,2,0,0,0,0,0,0,"- ","- ",36.592838287353516,-121.87875366210938,MONTEREY,UNINCORPORATED,-121.87860870361328,36.5926513671875
91878830,2022,2022-09-30,9730,2022-09-21,1400,019512,,3,2,9,2700,0,1,2,,1,030,"US-101 NORTHBOUND","GRANT STREET",195.00,S,N,A,-,Y,MON,,101,,,77.214,H,,R,N,4,0,1,3,A,-,03,22350,,N,C,C,A,A,D,-,A,A,0,,,,,Y,,A,01,0,0,1,0,0,0,0,0,0,"- ","- ",36.572151184082031,-121.52059173583984,MONTEREY,UNINCORPORATED,-121.52063751220703,36.572116851806641
91879171,2022,2022-09-30,9730,2022-09-26,1441,019239,,1,2,9,2700,0,3,5,,2,003,"RIVER RD","COREY RD",1584.00,W,N,A,-,N,,,,,,,,,,Y,3,0,1,2,A,-,05,21460,A,N,B,C,A,A,H,-,A,D,0,,,,,Y,,-,"- ",0,1,0,0,0,0,0,0,0,"- ","- ",36.591911315917969,-121.60970306396484,MONTEREY,UNINCORPORATED,-121.60996246337891,36.592075347900391
91879194,2022,2022-09-30,9730,2022-09-20,2010,020899,,2,2,9,2700,0,1,2,,1,070,"SOUTHBOUND US-101","BORONDA ROAD",2640.00,S,N,A,-,Y,MON,,101,,R,90.494,H,,R,N,3,0,1,3,A,-,03,22350,,F,C,C,A,A,D,-,C,D,0,,,,,Y,,-,99,0,1,0,0,0,0,0,0,0,"- ","- ",36.714771270751953,-121.66195678710938,MONTEREY,UNINCORPORATED,-121.66165924072266,36.714710235595703
91879230,2022,2022-09-30,9730,2022-09-22,1350,021358,,4,1,9,2700,0,2,4,,1,075,"SAN JUAN ROAD","ALLISON ROAD",1000.00,W,N,A,-,N,,,,,,,,,,Y,4,0,2,1,A,-,08,22107,,N,E,I,A,A,H,-,A,D,0,,,,,Y,,A,01,0,0,2,0,0,0,0,0,0,"- ","- ",36.904388427734375,-121.7403564453125,MONTEREY,UNINCORPORATED,-121.73961639404297,36.904308319091797
91880624,2022,2022-10-03,9735,2022-09-25,0300,022742,,7,3,9,2700,0,1,2,,1,041,"US-101 SOUTHBOUND","TEAGUE AVE",1765.00,S,N,A,-,Y,MON,,101,,,47.357,H,,L,Y,4,0,1,1,A,-,08,22107,,N,F,A,A,A,H,-,C,D,0,,,,,Y,,A,01,0,0,1,0,0,0,0,0,0,"- ","- ",36.256721496582031,-121.17833709716797,MONTEREY,UNINCORPORATED,-121.17835235595703,36.256717681884766
91880652,2022,2022-10-03,9735,2022-09-29,1925,022537,,4,2,9,2700,0,3,5,,2,001,"LOS COCHES RD","ARROYO SECO RD",8448.00,S,N,A,-,N,,,,,,,,,,N,3,0,1,1,A,-,13,22515,A,N,G,B,A,A,H,-,D,D,0,,,,,Y,,A,08,0,1,0,0,0,0,0,0,0,"- ","- ",36.360691070556641,-121.30651092529297,MONTEREY,UNINCORPORATED,-121.306396484375,36.360275268554688
91881029,2022,2022-10-04,9730,2022-09-22,1930,021776,,4,2,9,2700,0,1,2,,1,050,"US-101 N/B","SHERWOOD DRIVE OVER-CROSSING",843.00,S,N,A,-,Y,MON,,101,,,87.806,H,,R,Y,3,0,1,1,A,-,08,22107,,N,F,0,A,A,H,-,D,D,0,,,,,Y,,A,01,0,1,0,0,0,0,0,0,0,"- ","- ",36.683620452880859,-121.64582061767578,MONTEREY,UNINCORPORATED,-121.64585113525391,36.683582305908203
91881057,2022,2022-10-04,9730,2022-09-26,1650,021776,,1,2,9,2700,0,1,2,,1,050,"US-101 S/B","GOULD ROAD",6336.00,N,N,B,-,Y,MON,,101,,,83.735,H,,L,Y,4,0,1,2,A,-,03,22350,,N,C,C,A,A,H,-,A,D,0,,,,,Y,,D,22,0,0,1,0,0,0,0,0,0,"- ","- ",36.639049530029297,-121.6031494140625,MONTEREY,UNINCORPORATED,-121.60317230224609,36.639026641845703
91882377,2022,2022-10-05,9730,2022-09-24,1050,018302,,6,1,9,2700,0,2,4,,1,075,"SAN JAUN ROAD","PORTER DRIVE",55.00,E,N,A,-,N,,,,,,,,,,N,4,0,2,3,A,-,03,22350,,N,C,C,A,A,H,-,A,A,0,,,,,Y,,A,01,0,0,2,0,0,0,0,0,0,"- ","- ",36.904571533203125,-121.75007629394531,MONTEREY,UNINCORPORATED,-121.75021362304688,36.904518127441406
91882381,2022,2022-10-05,9730,2022-09-24,2235,022061,,6,3,9,2700,0,2,4,,1,075,"SAN JUAN ROAD","EL CERRO",390.00,W,N,A,-,N,,,,,,,,,,N,4,0,1,1,A,-,08,22107,,N,E,I,A,A,H,-,D,D,0,,,,,Y,,A,07,0,0,1,0,0,0,0,0,0,"- ","- ",36.856861114501953,-121.64277648925781,MONTEREY,UNINCORPORATED,-121.64276123046875,36.856765747070312
91882386,2022,2022-10-05,9730,2022-10-01,1730,019529,,6,2,9,2700,0,1,3,,1,072,"STATE ROUTE 156","CASTROVILLE BLVD.",0.00,,Y,A,-,Y,MON,,156,,R,1.817,H,,R,Y,4,0,1,2,A,-,12,21453,A,N,D,C,A,A,H,-,A,A,0,,,,,Y,,A,07,0,0,1,0,0,0,0,0,0,"- ","- ",36.768478393554688,-121.74314880371094,MONTEREY,UNINCORPORATED,-121.74306488037109,36.768302917480469
91883439,2022,2022-10-05,9730,2022-09-22,1733,021776,,4,2,9,2700,0,1,2,,1,050,"US-101 S/B","N. MAIN STREET OVERCROSSING",3168.00,N,N,A,-,Y,MON,,101,,R,88.838,H,,L,N,2,0,1,2,A,-,11,21954,A,N,G,B,E,A,H,-,A,D,0,Y,,,,Y,,N,60,1,0,0,0,1,0,0,0,0,"- ","- ",36.692470550537109,-121.66081237792969,MONTEREY,UNINCORPORATED,-121.66078948974609,36.692485809326172
91885846,2022,2022-10-10,9730,2022-09-28,1230,017785,,3,1,9,2700,0,3,5,,2,003,"SAN BENANCIO ROAD","BIG SKY LANE",350.00,N,N,A,-,N,,,,,,,,,,Y,4,0,1,1,A,-,08,22107,,N,E,I,A,A,H,-,A,D,0,,,,,Y,,A,08,0,0,1,0,0,0,0,0,0,"- ","- ",36.57440185546875,-121.71385192871094,MONTEREY,UNINCORPORATED,-121.71381378173828,36.574428558349609
91886260,2022,2023-05-12,9730,2022-09-29,0630,016537,,4,1,9,2700,0,1,2,,1,070,"US-101 S/B","TUSTIN RD",370.00,S,N,E,-,Y,MON,,101,,,96.817,H,,L,Y,4,0,1,2,A,-,03,22350,,N,C,C,A,A,H,-,B,D,0,,,,,Y,,A,07,0,0,1,0,0,0,0,0,0,"- ","- ",36.803600311279297,-121.65351104736328,MONTEREY,UNINCORPORATED,-121.65352630615234,36.803619384765625
91886279,2022,2022-10-10,9730,2022-09-29,1339,019239,,4,1,9,2700,0,1,2,,1,030,"US-101 SB","SOMAVIA RD",2640.00,N,N,A,-,Y,MON,,101,,,79.906,H,,L,N,4,0,1,2,A,-,03,22350,,N,C,C,A,A,H,-,A,D,0,,,,,Y,,A,01,0,0,1,0,0,0,0,0,0,"- ","- ",36.601699829101562,-121.55213928222656,MONTEREY,UNINCORPORATED,-121.55216979980469,36.601676940917969
91886369,2022,2022-10-10,9730,2022-09-29,2125,022197,,4,2,9,2700,0,3,5,,2,006,"WATKINS GATE RD","RESERVATION RD",30.00,S,N,A,-,N,,,,,,,,,,Y,3,0,1,1,A,-,03,22350,,N,F,A,A,A,H,-,C,A,0,,,,,Y,,D,22,0,1,0,0,0,0,0,0,0,"- ","- ",36.649509429931641,-121.72637939453125,MONTEREY,UNINCORPORATED,-121.72627258300781,36.649349212646484
91886405,2022,2022-10-10,9730,2022-09-30,0300,022317,,5,3,9,2700,0,2,4,,1,075,"TARPY ROAD","SAN JUAN ROAD",0.00,,Y,A,-,N,,,,,,,,,,N,3,0,1,1,A,-,01,23152,A,N,E,I,A,A,H,-,D,D,0,,,,,Y,Y,D,22,0,1,0,0,0,0,0,0,0,"- ","- ",36.868091583251953,-121.66871643066406,MONTEREY,UNINCORPORATED,-121.66880798339844,36.868087768554688
91886510,2022,2022-10-10,9730,2022-10-01,2015,021358,,6,2,9,2700,0,1,3,,1,024,"STATE ROUTE 68 (HOLMAN HIGHWAY)","HUAL ROAD",1100.00,W,N,A,-,Y,MON,,68,,,2.561,H,,R,Y,4,0,1,3,A,-,01,23152,A,N,B,C,A,A,H,-,D,D,0,,,,,Y,Y,D,22,0,0,1,0,0,0,0,0,0,"- ","- ",36.595451354980469,-121.9210205078125,MONTEREY,UNINCORPORATED,-121.92096710205078,36.595466613769531
91887104,2022,2022-10-11,9730,2022-10-01,0748,018302,,6,1,9,2700,0,2,4,,2,063,"W. BLANCO ROAD","COOPER ROAD",0.00,,Y,B,-,N,,,,,,,,,,Y,4,0,1,2,A,-,09,21804,A,N,D,C,A,B,D,-,A,A,0,,,,,Y,,D,22,0,0,1,0,0,0,0,0,0,"- ","- ",36.678680419921875,-121.73512268066406,MONTEREY,UNINCORPORATED,-121.73502349853516,36.678699493408203
91887138,2022,2022-10-11,9730,2022-10-02,1532,021888,,7,2,9,2700,0,3,5,,2,007,"ELKHORN ROAD","PARADISE VALLEY ROAD",600.00,W,N,A,-,N,,,,,,,,,,Y,3,0,3,2,A,-,05,21460,A,N,A,C,A,A,H,-,A,D,0,,,,,Y,,A,01,0,1,2,0,0,0,0,0,0,"- ","- ",36.820011138916016,-121.72947692871094,MONTEREY,UNINCORPORATED,,
91887169,2022,2022-10-11,9730,2022-10-03,0725,017785,,1,1,9,2700,0,1,3,,1,068,"SR-68 WESTBOUND","PORTOLA DRIVE",350.00,W,N,A,-,Y,MON,,68,,,15.771,H,,L,Y,4,0,1,3,A,-,03,22350,,N,C,C,A,A,H,-,A,D,0,,,,,Y,,A,08,0,0,1,0,0,0,0,0,0,"- ","- ",36.606559753417969,-121.69362640380859,MONTEREY,UNINCORPORATED,-121.69366455078125,36.606575012207031
91887245,2022,2022-10-11,9735,2022-10-02,1530,022970,,7,2,9,2700,0,1,2,,1,041,"US-101 SOUTHBOUND","CANAL ST",850.00,N,N,A,-,Y,MON,,101,,R,40.887,H,,L,Y,3,0,1,2,A,-,03,22350,,N,C,C,A,A,D,-,A,A,0,,,,,Y,,D,22,0,1,0,0,0,0,0,0,0,"- ","- ",36.203590393066406,-121.13243103027344,MONTEREY,UNINCORPORATED,-121.13242340087891,36.203636169433594
91888193,2022,2022-10-12,9730,2022-10-04,1910,022092,,2,2,9,2700,0,1,2,,1,050,"US-101 N/B","EAST MARKET STREET",528.00,N,N,B,-,Y,MON,,101,,,87.427,H,,R,Y,4,0,1,2,A,-,03,22350,,N,C,C,A,A,H,-,D,D,0,,,,,Y,,A,01,0,0,1,0,0,0,0,0,0,"- ","- ",36.679401397705078,-121.64150238037109,MONTEREY,UNINCORPORATED,-121.64160919189453,36.679374694824219
91888210,2022,2022-10-12,9730,2022-09-03,1930,021358,,6,2,9,2700,0,1,3,,1,066,SR-183,"HARO STREET",0.00,,Y,A,-,Y,MON,,183,,,8.955,H,,R,Y,4,0,1,2,A,-,08,22107,,M,B,C,A,A,H,-,B,D,0,,,,,Y,,A,07,0,0,1,0,0,0,0,0,0,"- ","- ",36.760929107666016,-121.75167083740234,MONTEREY,UNINCORPORATED,-121.75161743164062,36.760978698730469
91888305,2022,2022-10-12,9730,2022-10-05,0850,019315,,3,1,9,2700,0,1,3,,1,014,SR-1,"ROCKY CREEK BRIDGE",120.00,S,N,A,-,N,,,,,,,,,,N,2,0,2,2,A,-,05,21460,A,N,A,C,A,A,H,-,A,D,0,,,,,Y,,A,01,1,0,1,0,0,0,0,0,0,"- ","- ",36.376708984375,-121.90415191650391,MONTEREY,UNINCORPORATED,-121.90409088134766,36.376682281494141
91888699,2022,2022-10-12,9725,2022-09-17,2500,021888,,6,4,9,2700,0,1,S,,2,904,"SOUTHBOUND SR-25",PAICINES,2640.00,N,N,A,-,Y,SBT,,25,,,39.950,H,,R,N,3,0,1,1,C,-,18,,,N,H,A,A,A,H,-,A,D,0,,,Y,,Y,,-,"- ",0,1,0,0,0,0,0,0,1,"- ","- ",36.735450744628906,-121.28099822998047,MONTEREY,UNINCORPORATED,-121.28091430664062,36.735469818115234
91889313,2022,2022-10-13,9730,2022-10-05,2121,020233,,3,2,6,2708,0,1,2,,1,050,"US-101 N/B FROM LAUREL DRIVE","LAUREL DRIVE",8.00,N,N,B,-,Y,,,,,,,,,,Y,4,0,1,2,A,-,09,21800,A,N,G,G,A,A,H,-,C,A,0,,Y,,,Y,,-,"- ",0,0,1,0,0,0,1,0,0,"- ","- ",36.698051452636719,-121.66332244873047,MONTEREY,SALINAS,-121.66332244873047,36.698051452636719
91889674,2022,2022-10-13,9735,2022-10-02,1405,022883,,7,2,9,2700,0,1,2,,1,041,US-101,"TEAGUE AVENUE",1584.00,S,N,A,-,Y,MON,,101,,,47.560,H,,R,Y,3,0,3,1,A,-,08,22107,,N,E,J,A,A,H,-,A,D,0,,,,,Y,,A,01,0,3,0,0,0,0,0,0,0,"- ","- ",36.259609222412109,-121.17861938476562,MONTEREY,UNINCORPORATED,-121.17875671386719,36.259586334228516
91889735,2022,2022-10-13,9730,2022-10-07,2150,022197,,5,2,9,2700,0,3,5,,2,007,"SALINAS RD.","LEWIS RD.",400.00,S,N,B,-,N,,,,,,,,,,N,3,0,1,1,A,-,03,22350,,N,F,A,A,A,H,-,D,D,0,,Y,,,Y,,L,04,0,1,0,0,0,0,1,0,0,"- ","- ",36.889030456542969,-121.74732208251953,MONTEREY,UNINCORPORATED,-121.74726104736328,36.889892578125
91889804,2022,2022-10-13,9735,2022-10-04,2213,022724,,2,3,9,2700,0,3,5,,2,001,"ARROYO SECO RD","CLARK RD",3168.00,N,N,E,-,N,,,,,,,,,,N,3,0,1,1,C,-,18,,,N,E,H,A,A,H,-,D,D,0,,,,,Y,,-,"- ",0,1,0,0,0,0,0,0,0,"- ","- ",36.357200622558594,-121.32045745849609,MONTEREY,UNINCORPORATED,-121.32049560546875,36.357372283935547
91889877,2022,2022-10-13,9735,2022-10-05,1530,022621,,3,2,9,2700,0,1,3,,2,030,"METZ RD","SPRECKELS RD",4224.00,S,N,A,-,N,,,,,,,,,,Y,2,0,1,1,A,-,08,22107,,N,E,J,A,A,H,-,A,D,0,,,,,Y,,A,01,1,0,0,0,0,0,0,0,0,"- ","- ",36.258781433105469,-121.13970184326172,MONTEREY,UNINCORPORATED,-121.13917541503906,36.258258819580078
91889900,2022,2022-10-13,9735,2022-10-06,0820,023000,,4,1,9,2700,0,1,2,,1,041,"US-101 N/B","CENTRAL AVE.",2112.00,S,N,E,-,Y,MON,,101,,,45.316,H,,R,Y,2,0,1,2,A,-,03,22350,,N,C,C,A,A,H,-,A,D,0,,,,Y,Y,,A,01,1,0,0,0,0,0,0,0,0,"- ","- ",36.227771759033203,-121.17259979248047,MONTEREY,UNINCORPORATED,-121.17262268066406,36.227760314941406
91889928,2022,2022-10-13,9730,2022-10-02,0009,022129,,7,3,9,2700,0,1,3,,2,062,"SR-1 NORTHBOUND","DEL MONTE BOULEVARD OVERCROSSING",1320.00,N,N,A,-,Y,MON,,1,,R,88.891,H,,R,Y,2,0,2,2,A,-,01,23152,A,N,C,C,A,A,H,-,D,D,0,,,,,Y,Y,D,22,1,1,0,0,0,0,0,0,0,"- ","- ",36.728080749511719,-121.78677368164062,MONTEREY,UNINCORPORATED,-121.78675079345703,36.728069305419922
91890359,2022,2022-10-14,9730,2022-10-06,1215,020576,,4,1,9,2700,0,1,3,,1,022,SR-1,"ATHERTON DRIVE",500.00,N,N,A,-,Y,MON,,1,,,73.340,H,,R,Y,4,0,1,4,A,-,03,22350,,M,C,C,A,A,H,-,A,D,0,,,,,Y,,E,22,0,0,1,0,0,0,0,0,0,"- ","- ",36.549209594726562,-121.91013336181641,MONTEREY,UNINCORPORATED,-121.91010284423828,36.549213409423828
91890426,2022,2022-10-14,9735,2022-10-10,0636,021431,,1,1,9,2700,0,1,2,,1,041,"US-101 NORTHBOUND","HOBSON AVENUE",0.00,,Y,E,-,Y,MON,,101,,,48.757,H,,R,Y,3,0,1,2,A,-,07,21658,A,N,B,C,A,A,H,-,B,D,0,,,,,Y,,A,01,0,1,0,0,0,0,0,0,0,"- ","- ",36.276039123535156,-121.18544006347656,MONTEREY,UNINCORPORATED,-121.18534088134766,36.276081085205078
91890544,2022,2022-10-14,9735,2022-10-07,0529,022328,,5,3,9,2700,0,1,2,,1,040,"US-101 NORTHBOUND","UNDERWOOD ROAD",60.00,N,N,E,-,Y,MON,,101,,,51.076,H,,R,Y,4,0,1,2,A,-,03,22350,,N,E,J,A,A,C,-,D,D,0,,,,,Y,,A,01,0,0,1,0,0,0,0,0,0,"- ","- ",36.298358917236328,-121.21431732177734,MONTEREY,UNINCORPORATED,-121.21430969238281,36.298381805419922
91890661,2022,2022-10-14,9730,2022-10-09,1135,016537,,7,1,9,2700,0,1,2,,1,030,"US-101 N/B","POTTER RD",540.00,N,N,B,-,Y,MON,,101,,,80.517,H,,R,Y,3,0,2,2,A,-,01,23152,A,N,C,C,A,A,H,-,A,D,0,,,,,Y,Y,A,01,0,1,1,0,0,0,0,0,0,"- ","- ",36.607868194580078,-121.56006622314453,MONTEREY,UNINCORPORATED,-121.56012725830078,36.607822418212891
91891023,2022,2022-10-17,9730,2022-10-11,1645,021776,,2,2,9,2700,0,3,5,,2,007,"SALINAS ROAD","FAIR WAY",391.00,E,N,B,-,N,,,,,,,,,,N,3,0,1,2,A,-,01,23152,A,N,B,C,A,A,H,-,A,A,0,,,Y,,Y,Y,C,02,0,1,0,0,0,0,0,0,1,"- ","- ",36.876121520996094,-121.7564697265625,MONTEREY,UNINCORPORATED,-121.75650024414062,36.876049041748047
91891040,2022,2022-10-17,9730,2022-10-05,0820,019315,,3,1,9,2700,0,1,3,,2,062,"SR-1 (S/B)","AGUAJITO RD",2112.00,N,N,B,-,Y,MON,,1,,R,77.748,H,,R,N,4,0,1,2,A,-,03,22350,,N,C,C,A,A,H,-,A,D,0,,,,,Y,,A,07,0,0,1,0,0,0,0,0,0,"- ","- ",36.593818664550781,-121.87480926513672,MONTEREY,UNINCORPORATED,-121.87477874755859,36.593685150146484
91891454,2022,2022-10-17,9735,2022-10-07,0526,023000,,5,3,9,2700,0,1,2,,1,040,"US-101 NORTHBOUND","UNDERWOOD ROAD",60.00,N,N,E,-,Y,MON,,101,,,51.078,H,,R,Y,4,0,1,3,A,-,03,22350,,N,B,2,A,A,C,-,D,A,0,,,,Y,Y,,A,07,0,0,1,0,0,0,0,0,0,"- ","- ",36.298419952392578,-121.21434020996094,MONTEREY,UNINCORPORATED,-121.21435546875,36.298393249511719
91891461,2022,2022-10-17,9735,2022-10-07,0528,021120,,5,3,9,2700,0,1,2,,1,040,"US-101 NORTHBOUND","UNDERWOOD RD",60.00,N,N,E,-,Y,MON,,101,,,51.080,H,,R,Y,4,0,1,2,A,-,03,22350,,N,B,J,A,A,C,-,D,D,0,,,,,Y,,A,01,0,0,1,0,0,0,0,0,0,"- ","- ",36.298381805419922,-121.21440124511719,MONTEREY,UNINCORPORATED,-121.21438598632812,36.298404693603516
91891633,2022,2022-10-17,9730,2022-10-09,1717,017184,,7,2,9,2700,0,1,3,,1,012,SR-1,"RAIN ROCKS ROCK SHED",2640.00,N,N,B,-,Y,MON,,1,,,21.952,H,,R,Y,3,0,1,2,A,-,03,22350,,N,E,8,A,A,D,-,A,A,0,,,Y,,Y,,C,02,0,1,0,0,0,0,0,0,1,"- ","- ",36.015769958496094,-121.53260040283203,MONTEREY,UNINCORPORATED,-121.53258514404297,36.015804290771484
91891693,2022,2022-10-17,9730,2022-10-10,0120,022137,,1,3,9,2700,0,3,5,,2,006,"BLACKIE ROAD","OCEAN MIST PKWY",10.00,N,N,A,-,N,,,,,,,,,,Y,3,0,1,1,A,-,08,22107,,N,F,I,A,A,H,-,D,D,0,,,,,Y,Y,D,22,0,1,0,0,0,0,0,0,0,"- ","- ",36.759559631347656,-121.74163055419922,MONTEREY,UNINCORPORATED,-121.74333190917969,36.758228302001953
91891795,2022,2022-10-17,9730,2022-10-10,1135,019315,,1,1,9,2700,0,1,3,,2,062,"SR-1 (S/B)","SR-68 (HOLMAN)",2112.00,N,N,B,-,Y,MON,,1,,R,75.526,H,,R,Y,3,0,1,3,A,-,03,22350,,N,C,C,A,B,H,-,A,D,0,,,,Y,Y,,A,01,0,1,0,0,0,0,0,0,0,"- ","- ",36.578548431396484,-121.90714263916016,MONTEREY,UNINCORPORATED,-121.90695953369141,36.578357696533203
91891859,2022,2022-10-17,9730,2022-10-05,1520,019512,,3,2,9,2700,0,1,3,,2,062,"SR-1 NORTHBOPUND","TIOGA AVE",234.00,N,N,A,-,Y,MON,,1,,R,80.117,H,,R,N,4,0,1,5,A,-,03,22350,,N,C,C,A,A,H,-,A,D,0,,,,,Y,,A,01,0,0,1,0,0,0,0,0,0,"- ","- ",36.618061065673828,-121.84834289550781,MONTEREY,UNINCORPORATED,-121.84841156005859,36.618099212646484
91891890,2022,2022-10-17,9730,2022-10-10,1310,020677,,1,1,9,2700,0,1,2,,1,070,"US-101 N/B","BLACKIE RD O/C",1584.00,S,N,A,-,Y,MON,,101,,,93.746,H,,R,N,4,0,2,2,A,-,03,22350,,N,C,C,A,A,H,-,A,D,0,,,,,Y,,A,01,0,0,2,0,0,0,0,0,0,"- ","- ",36.765228271484375,-121.66780853271484,MONTEREY,UNINCORPORATED,-121.6678466796875,36.765220642089844
91892023,2022,2022-10-17,9730,2022-10-14,0505,019569,,5,3,9,2700,0,1,2,,1,070,"BLACKIE RD","MORO TERRACE LN",1056.00,W,N,B,-,N,,,,,,,,,,N,4,0,1,1,A,-,01,23152,A,N,E,I,A,A,H,-,C,D,0,,,,,Y,Y,-,"- ",0,0,1,0,0,0,0,0,0,"- ","- ",36.777389526367188,-121.692138671875,MONTEREY,UNINCORPORATED,-121.69193267822266,36.777294158935547
91892024,2022,2022-10-17,9730,2022-10-11,0635,018302,,2,1,9,2700,0,1,3,,1,066,SR-183,"SANCHEZ STREET",125.00,N,N,B,E,Y,MON,,183,,,9.628,H,,R,Y,4,0,1,2,A,-,09,21804,A,N,C,C,A,B,H,-,B,D,0,,,,,Y,,A,07,0,0,1,0,0,0,0,0,0,"- ","- ",36.767589569091797,-121.76059722900391,MONTEREY,UNINCORPORATED,-121.76058959960938,36.767601013183594
91892078,2022,2022-10-17,9730,2022-10-12,1005,016537,,3,1,6,2708,0,1,2,,1,050,"US-101 S/B","SANBORN RD",1320.00,N,N,B,-,Y,MON,,101,,,86.389,H,,L,Y,4,0,1,1,A,-,08,22107,,N,A,I,A,A,H,-,A,D,0,,,,,Y,,A,07,0,0,1,0,0,0,0,0,0,"- ","- ",36.668010711669922,-121.63253021240234,MONTEREY,SALINAS,-121.63252258300781,36.668018341064453
91893230,2022,2022-10-18,9730,2022-10-07,1430,019512,,5,2,9,2700,0,1,2,,1,050,"US-101 SOUTHBOUND","MAIN STREET OVERCROSSING",90.00,S,N,A,-,Y,MON,,101,,R,88.222,H,,L,N,2,0,1,2,A,-,00,21960,,N,G,B,D,A,H,-,A,D,0,Y,,,,Y,Y,N,60,1,0,0,0,1,0,0,0,0,"- ","- ",36.686668395996094,-121.65225219726562,MONTEREY,UNINCORPORATED,-121.6522216796875,36.686710357666016
91893296,2022,2022-10-18,9730,2022-10-12,1959,022788,,3,2,9,2700,0,1,2,,1,050,"SOUTHBOUND US-101","MAIN STREET OVERCROSSING",1584.00,N,N,A,-,Y,MON,,101,,R,88.593,H,,R,Y,4,0,3,2,A,-,03,22350,,N,C,C,A,A,H,-,D,A,0,,,,,Y,,A,01,0,0,3,0,0,0,0,0,0,"- ","- ",36.690090179443359,-121.65753173828125,MONTEREY,UNINCORPORATED,-121.65737152099609,36.690227508544922
91893310,2022,2022-10-18,9730,2022-10-13,1545,021776,,4,2,4,2706,0,3,5,,2,007,"CASTROVILLE BOULEVARD","ELKHORN ROAD",1056.00,W,N,A,-,N,,,,,,,,,,Y,3,0,2,2,A,-,03,22350,,N,C,C,A,A,H,-,A,D,0,,,,,Y,,A,01,0,1,1,0,0,0,0,0,0,"- ","- ",36.796321868896484,-121.72354888916016,MONTEREY,MONTEREY,-121.72385406494141,36.796424865722656