CASE_ID,ACCIDENT_YEAR,PROC_DATE,JURIS,COLLISION_DATE,COLLISION_TIME,OFFICER_ID,REPORTING_DISTRICT,DAY_OF_WEEK,CHP_SHIFT,POPULATION,CNTY_CITY_LOC,SPECIAL_COND,BEAT_TYPE,CHP_BEAT_TYPE,CITY_DIVISION_LAPD,CHP_BEAT_CLASS,BEAT_NUMBER,PRIMARY_RD,SECONDARY_RD,DISTANCE,DIRECTION,INTERSECTION,WEATHER_1,WEATHER_2,STATE_HWY_IND,CALTRANS_COUNTY,CALTRANS_DISTRICT,STATE_ROUTE,ROUTE_SUFFIX,POSTMILE_PREFIX,POSTMILE,LOCATION_TYPE,RAMP_INTERSECTION,SIDE_OF_HWY,TOW_AWAY,COLLISION_SEVERITY,NUMBER_KILLED,NUMBER_INJURED,PARTY_COUNT,PRIMARY_COLL_FACTOR,PCF_CODE_OF_VIOL,PCF_VIOL_CATEGORY,PCF_VIOLATION,PCF_VIOL_SUBSECTION,HIT_AND_RUN,TYPE_OF_COLLISION,MVIW,PED_ACTION,ROAD_SURFACE,ROAD_COND_1,ROAD_COND_2,LIGHTING,CONTROL_DEVICE,CHP_ROAD_TYPE,PEDESTRIAN_ACCIDENT,BICYCLE_ACCIDENT,MOTORCYCLE_ACCIDENT,TRUCK_ACCIDENT,NOT_PRIVATE_PROPERTY,ALCOHOL_INVOLVED,STWD_VEHTYPE_AT_FAULT,CHP_VEHTYPE_AT_FAULT,COUNT_SEVERE_INJ,COUNT_VISIBLE_INJ,COUNT_COMPLAINT_PAIN,COUNT_PED_KILLED,COUNT_PED_INJURED,COUNT_BICYCLIST_KILLED,COUNT_BICYCLIST_INJURED,COUNT_MC_KILLED,COUNT_MC_INJURED,PRIMARY_RAMP,SECONDARY_RAMP,LATITUDE,LONGITUDE,COUNTY,CITY,POINT_X,POINT_Y
91893322,2022,2022-10-18,9730,2022-10-14,0850,021776,,5,1,9,2700,0,3,5,,2,007,"ELKHORN ROAD","CASTROVILLE BOULEVARD",268.00,N,N,B,-,N,,,,,,,,,,N,4,0,1,2,A,-,03,22350,,N,C,C,A,A,H,-,A,D,0,,,,,Y,,A,01,0,0,1,0,0,0,0,0,0,"- ","- ",36.796459197998047,-121.72022247314453,MONTEREY,UNINCORPORATED,-121.72026062011719,36.796375274658203
91893934,2022,2022-10-19,9730,2022-10-07,0645,020576,,5,1,9,2700,0,3,5,,2,006,"ESPINOSA RD","FOXWOOD LANE",528.00,E,N,B,-,N,,,,,,,,,,Y,4,0,3,2,A,-,09,21801,A,N,D,C,A,A,H,-,B,D,0,,,,,Y,,A,01,0,0,3,0,0,0,0,0,0,"- ","- ",36.743339538574219,-121.68798065185547,MONTEREY,UNINCORPORATED,-121.68802642822266,36.743358612060547
91893939,2022,2022-10-19,9735,2022-09-06,2121,022328,,2,2,9,2700,0,3,5,,2,001,"CYPRESS AVENUE","THIRTEENTH STREET",2640.00,W,N,A,-,N,,,,,,,,,,Y,1,2,0,1,A,-,03,22350,,N,E,I,A,A,H,-,D,D,0,,,,,Y,,A,07,0,0,0,0,0,0,0,0,0,"- ","- ",36.323280334472656,-121.27828216552734,MONTEREY,UNINCORPORATED,-121.27821350097656,36.323421478271484
91893947,2022,2022-10-19,9730,2022-10-07,1204,020576,,5,1,9,2700,0,3,5,,2,007,"DOLAN ROAD",SR-1,1742.00,E,N,A,-,N,,,,,,,,,,Y,4,0,1,2,A,-,03,22350,,N,C,C,A,A,H,-,A,D,0,,,,,Y,,A,01,0,0,1,0,0,0,0,0,0,"- ","- ",36.802738189697266,-121.77796173095703,MONTEREY,UNINCORPORATED,-121.77809906005859,36.802742004394531
91894087,2022,2022-10-19,9730,2022-10-09,0643,020576,,7,1,9,2700,0,3,5,,2,005,"SAN JUAN GRADE ROAD","LAGUNITA ROAD",686.00,N,N,B,-,N,,,,,,,,,,Y,2,0,2,7,A,-,01,23152,A,N,C,C,A,B,H,-,D,D,0,,,,,Y,Y,A,01,1,0,1,0,0,0,0,0,0,"- ","- ",36.756450653076172,-121.61846923828125,MONTEREY,UNINCORPORATED,-121.61846160888672,36.756420135498047
91894153,2022,2022-10-19,9730,2022-10-11,1705,019818,,2,2,9,2700,0,3,5,,2,003,"RIVER RD.","PARKER RD",4224.00,S,N,A,-,N,,,,,,,,,,N,3,0,2,2,A,-,08,22107,,N,D,C,A,A,H,-,A,D,0,,,,,Y,,A,01,0,1,1,0,0,0,0,0,0,"- ","- ",36.580570220947266,-121.59403991699219,MONTEREY,UNINCORPORATED,-121.59431457519531,36.580696105957031
91894285,2022,2022-10-19,9730,2022-10-13,1311,016666,,4,1,9,2700,0,1,3,,2,062,"SR-1 N/B","SOLEDAD DRIVE",2112.00,N,N,A,-,Y,MON,,1,,R,76.372,H,,R,Y,4,0,1,2,A,-,03,22350,,N,C,C,A,A,H,-,A,D,0,,,,,Y,,A,01,0,0,1,0,0,0,0,0,0,"- ","- ",36.582698822021484,-121.89320373535156,MONTEREY,UNINCORPORATED,-121.89323425292969,36.582870483398438
91894412,2022,2022-10-19,9730,2022-10-11,1550,019818,,2,2,9,2700,0,3,5,,2,003,"RIVER RD","CHUALAR RIVER RD",9504.00,N,N,A,-,N,,,,,,,,,,N,3,0,1,2,A,-,08,22107,,N,B,C,A,A,H,-,A,D,0,,,,,Y,,E,22,0,1,0,0,0,0,0,0,0,"- ","- ",36.572818756103516,-121.575439453125,MONTEREY,UNINCORPORATED,-121.57419586181641,36.572227478027344
91895229,2022,2022-10-20,9735,2022-10-07,0525,021120,,5,3,9,2700,0,1,2,,1,041,US-101,"UNDERWOOD RD.",0.00,,Y,E,-,Y,MON,,101,,,51.061,H,,R,Y,3,0,2,2,A,-,09,21801,A,N,D,C,A,A,H,-,D,D,0,,,,Y,Y,,G,25,0,2,0,0,0,0,0,0,0,"- ","- ",36.298320770263672,-121.21405029296875,MONTEREY,UNINCORPORATED,-121.21405792236328,36.298297882080078
91895281,2022,2022-10-20,9735,2022-10-16,0515,022724,,7,3,9,2700,0,1,2,,1,041,"US 101 NORTHBOUND","CENTRAL AVENUE EXTENSION",6336.00,N,N,A,-,Y,MON,,101,,,44.596,H,,R,Y,2,0,6,1,A,-,01,23152,A,M,F,A,A,A,D,-,D,A,0,,,,,Y,Y,A,01,2,3,1,0,0,0,0,0,0,"- ","- ",36.218280792236328,-121.16732788085938,MONTEREY,UNINCORPORATED,-121.16725158691406,36.218303680419922
91895510,2022,2022-10-20,9735,2022-10-08,1955,022970,,6,2,9,2700,0,3,5,,2,001,"12TH STREET","CHERRY AVENUE",250.00,S,N,A,-,N,,,,,,,,,,Y,3,0,1,1,A,-,01,23152,A,M,E,I,A,A,H,-,D,A,0,,,,,Y,Y,A,07,0,1,0,0,0,0,0,0,0,"- ","- ",36.325119018554688,-121.25788116455078,MONTEREY,UNINCORPORATED,-121.25795745849609,36.325119018554688
91895527,2022,2022-10-20,9730,2022-10-14,0707,017579,,5,1,9,2700,0,1,3,,1,072,SR-156,"CERMENO WAY",0.00,,Y,E,-,Y,MON,,156,,,3.550,H,,R,Y,3,0,1,2,A,-,03,22350,,N,C,C,A,B,H,-,A,D,0,,,,,Y,,A,01,0,1,0,0,0,0,0,0,0,"- ","- ",36.782291412353516,-121.69525909423828,MONTEREY,UNINCORPORATED,-121.69525909423828,36.782295227050781
91895548,2022,2022-10-20,9730,2022-09-19,1913,019328,,1,2,9,2700,0,1,3,,1,012,SR-1,GORDA,4752.00,S,N,A,-,Y,MON,,1,,,9.196,H,,R,Y,1,1,0,2,A,-,05,21460,A,N,A,C,A,A,H,-,D,D,0,,,Y,,Y,,C,02,0,0,0,0,0,0,0,1,0,"- ","- ",35.866779327392578,-121.43570709228516,MONTEREY,UNINCORPORATED,-121.43569183349609,35.866786956787109
91896550,2022,2022-10-21,9735,2022-10-14,1320,023000,,5,1,9,2700,0,1,2,,1,040,"US-101 NORTHBOUND","THORNE AVE",1584.00,N,N,A,-,Y,MON,,101,,,55.015,H,,R,Y,4,0,1,4,A,-,03,22350,,N,C,C,A,A,H,-,A,D,0,,,,,Y,Y,A,01,0,0,1,0,0,0,0,0,0,"- ","- ",36.342079162597656,-121.25743865966797,MONTEREY,UNINCORPORATED,-121.25740051269531,36.342105865478516
91897580,2022,2022-10-24,9730,2022-10-15,1215,018302,,6,1,9,2700,0,1,3,,1,022,SR-1,"OCEAN AVENUE",1056.00,S,N,B,-,Y,MON,,1,,,73.653,H,,R,Y,4,0,2,2,A,-,03,22350,,N,C,C,A,A,H,-,A,D,0,,,,,Y,,A,01,0,0,2,0,0,0,0,0,0,"- ","- ",36.553730010986328,-121.91085052490234,MONTEREY,UNINCORPORATED,-121.91082000732422,36.553733825683594
91897590,2022,2022-10-24,9735,2022-10-16,1130,023000,,7,1,9,2700,0,1,2,,1,041,"US-101 NORTHBOUND","BROADWAY ST",950.00,N,N,A,-,Y,MON,,101,,R,41.363,H,,R,Y,4,0,1,2,A,-,01,23152,G,N,C,2,A,A,D,-,A,D,0,,,,,Y,Y,D,22,0,0,1,0,0,0,0,0,0,"- ","- ",36.203750610351562,-121.14064025878906,MONTEREY,UNINCORPORATED,-121.14067077636719,36.203788757324219
91897598,2022,2022-10-24,9730,2022-10-16,2217,022788,,7,3,9,2700,0,1,S,,2,904,"US-101 N/B","BUNTE ROAD OVERCROSSING",4330.00,S,N,A,-,Y,MON,,101,,R,35.014,H,,R,Y,4,0,1,1,A,-,08,22107,,N,F,A,A,A,H,-,D,D,0,,,,,Y,,D,22,0,0,1,0,0,0,0,0,0,"- ","- ",36.159931182861328,-121.04972076416016,MONTEREY,UNINCORPORATED,-121.04984283447266,36.159858703613281
91897640,2022,2022-10-24,9730,2022-10-13,1538,020899,,4,2,9,2700,0,3,5,,2,006,"ESPINOSA ROAD","RODGERS ROAD",3749.00,W,N,B,-,N,,,,,,,,,,N,3,0,3,3,A,-,03,22350,,N,C,C,A,A,H,-,A,D,0,,,,,Y,,D,22,0,1,2,0,0,0,0,0,0,"- ","- ",36.747730255126953,-121.70343780517578,MONTEREY,UNINCORPORATED,-121.703369140625,36.747699737548828
91897709,2022,2022-10-24,9730,2022-10-14,1510,022092,,5,2,9,2700,0,1,3,,1,066,SR-183,"DEL MONTE AVENUE",0.00,,Y,B,-,Y,MON,,183,,R,8.349,H,,R,Y,2,0,1,2,A,-,03,22350,,N,C,C,A,A,H,-,A,A,0,,,Y,,Y,,C,02,1,0,0,0,0,0,0,0,1,"- ","- ",36.755001068115234,-121.74379730224609,MONTEREY,UNINCORPORATED,-121.74379730224609,36.755001068115234
91897770,2022,2022-10-24,9730,2022-10-14,2342,022061,,5,3,9,2700,0,1,2,,1,070,"SB US-101","RALPH LANE",1426.00,S,N,A,-,Y,MON,,101,,,92.835,H,,R,N,3,0,1,2,A,-,08,22107,,N,D,C,A,A,H,-,C,D,0,,,,,Y,,A,07,0,1,0,0,0,0,0,0,0,"- ","- ",36.752498626708984,-121.66396331787109,MONTEREY,UNINCORPORATED,-121.66382598876953,36.752532958984375
91897805,2022,2022-10-24,9730,2022-10-16,0030,022197,,7,3,9,2700,0,3,5,,2,005,"SAN JUAN GRADE ROAD","PENZANCE STREET",0.00,,Y,B,-,N,,,,,,,,,,N,3,0,1,1,A,-,01,23152,A,N,E,I,A,A,H,-,C,D,0,,,,,Y,Y,A,01,0,1,0,0,0,0,0,0,0,"- ","- ",36.731719970703125,-121.63966369628906,MONTEREY,UNINCORPORATED,-121.63973999023438,36.731861114501953
91897991,2022,2022-11-15,9730,2022-10-15,1815,022092,,6,2,9,2700,0,1,3,,1,072,"SR-156 WB","MCGUFFIE ROAD",0.00,,Y,B,-,Y,MON,,156,,T,4.781,H,,L,Y,3,0,1,2,A,-,03,22350,,N,D,C,A,A,H,-,D,A,0,,,,,Y,,A,08,0,1,0,0,0,0,0,0,0,"- ","- ",36.788700103759766,-121.67469787597656,MONTEREY,UNINCORPORATED,-121.67471313476562,36.788749694824219
91899199,2022,2022-10-25,9730,2022-10-14,2050,020990,,5,2,9,2700,0,3,5,,2,003,"FOLETTA ROAD","CHUALAR RIVER ROAD",4150.00,S,N,A,-,N,,,,,,,,,,N,3,0,1,1,A,-,08,22107,,N,E,I,A,A,H,-,D,D,0,,,,,Y,Y,A,01,0,1,0,0,0,0,0,0,0,"- ","- ",36.556049346923828,-121.50553894042969,MONTEREY,UNINCORPORATED,-121.50692749023438,36.557380676269531
91899243,2022,2022-10-25,9730,2022-10-17,1557,019239,,1,2,9,2700,0,3,5,,2,003,"SPRECKLES BLVD","SR-68 EB OFF RAMP TO SPRECKELS BLVD",96.00,E,N,A,-,N,,,,,,,,,,Y,3,0,1,1,A,-,03,22350,,N,F,A,A,A,H,-,A,D,0,,,,Y,Y,,G,25,0,1,0,0,0,0,0,0,0,"- ","- ",36.632610321044922,-121.66883850097656,MONTEREY,UNINCORPORATED,-121.66705322265625,36.630661010742188
91899825,2022,2022-10-26,9730,2022-10-18,1341,019239,,2,1,9,2700,0,1,2,,1,030,"US-101 NB","SOLEDAD PRISON RD O.C.",1056.00,S,N,A,-,Y,MON,,101,,,66.192,H,,R,Y,4,0,1,2,A,-,08,22107,,N,B,2,A,A,H,-,A,A,0,,,,,Y,,A,07,0,0,1,0,0,0,0,0,0,"- ","- ",36.463260650634766,-121.38462066650391,MONTEREY,UNINCORPORATED,-121.38465118408203,36.463230133056641
91899838,2022,2022-10-26,9730,2022-10-18,1400,020916,,2,2,9,2700,0,1,2,,1,070,"US-101 SOUTHBOUND","PRUNEDALE SOUTH ROAD",1056.00,S,N,A,-,Y,MON,,101,,,93.484,H,,L,Y,4,0,1,3,A,-,03,22350,,N,C,C,A,A,H,-,A,D,0,,,,,Y,,A,01,0,0,1,0,0,0,0,0,0,"- ","- ",36.761600494384766,-121.66684722900391,MONTEREY,UNINCORPORATED,-121.66686248779297,36.7615966796875
91899994,2022,2022-10-26,9730,2022-10-21,0955,018886,,5,1,9,2700,0,1,2,,1,050,"101 S/B TO MARKET STREET","MARKET STREET",0.00,,Y,A,-,Y,,,,,,,,,,Y,4,0,2,2,A,-,09,21802,A,N,D,C,A,A,H,-,A,A,0,,,,,Y,,A,01,0,0,2,0,0,0,0,0,0,"- ","- ",36.67816162109375,-121.64234161376953,MONTEREY,UNINCORPORATED,-121.642392,36.678103999999998
91900129,2022,2022-10-26,9730,2022-10-19,2210,020233,,3,3,9,2700,0,3,5,,2,003,"RIVER ROAD","SR-68 EASTBOUND",0.00,,Y,A,-,Y,,,,,,,,,,Y,2,0,3,2,A,-,01,23152,A,N,D,C,A,A,H,-,C,A,0,,,,,Y,Y,A,01,1,2,0,0,0,0,0,0,0,"- ","- ",36.62445068359375,-121.68141174316406,MONTEREY,UNINCORPORATED,-121.681437,36.624361999999998
91900210,2022,2022-10-26,9735,2022-10-16,1140,021120,,7,1,9,2700,0,1,2,,1,041,"US-101 NORTHBOUND","BROADWAY STREET",650.00,N,N,A,-,Y,MON,,101,,R,41.318,H,,R,Y,4,0,3,6,A,-,03,22350,,N,C,C,A,A,D,-,A,D,0,,,,,Y,,E,22,0,0,3,0,0,0,0,0,0,"- ","- ",36.204071044921875,-121.13993835449219,MONTEREY,UNINCORPORATED,-121.13995361328125,36.204097747802734
91901462,2022,2022-10-27,9730,2022-08-28,0153,021888,,7,3,9,2700,0,1,2,,1,070,"US-101 SOUTHBOUND",SR-156,185.00,S,N,E,F,Y,MON,,101,,,95.397,H,,L,Y,1,1,4,4,C,-,18,,,N,C,2,E,B,H,-,C,D,0,Y,,,,Y,Y,-,"- ",1,3,0,0,1,0,0,0,0,"- ","- ",36.788959503173828,-121.66782379150391,MONTEREY,UNINCORPORATED,-121.66777801513672,36.788955688476562
91901476,2022,2022-10-27,9735,2022-10-23,2200,022328,,7,3,9,2700,0,3,5,,2,001,"THORNE ROAD","LOS COCHES ROAD",500.00,W,N,A,-,N,,,,,,,,,,Y,2,0,2,1,A,-,01,23152,A,N,E,I,A,A,H,-,D,A,0,,,,,Y,Y,D,22,2,0,0,0,0,0,0,0,0,"- ","- ",36.320938110351562,-121.29740142822266,MONTEREY,UNINCORPORATED,-121.29747009277344,36.320808410644531
91901497,2022,2022-10-27,9735,2022-10-07,0725,016696,,5,1,9,2700,0,1,2,,1,041,"US 101 NORTHBOUND","UNDERWOOD ROAD",1056.00,S,N,E,-,Y,,,,,,,,,,Y,3,0,1,3,A,-,03,22350,,N,C,C,A,A,C,-,A,D,0,,,,Y,Y,,A,01,0,1,0,0,0,0,0,0,0,"- ","- ",38.631099700927734,-121.33049774169922,MONTEREY,UNINCORPORATED,-121.21078491210938,36.297195434570312
91901499,2022,2022-10-27,9730,2022-10-19,1648,020916,,3,2,9,2700,0,3,5,,2,005,"OLD NATIVIDAD ROAD","NATIVIDAD ROAD",1500.00,E,N,A,-,N,,,,,,,,,,N,3,0,1,1,A,-,01,23152,A,N,E,I,A,A,H,-,A,D,0,,,,,Y,Y,A,07,0,1,0,0,0,0,0,0,0,"- ","- ",36.655960083007812,-121.63587188720703,MONTEREY,UNINCORPORATED,-121.60367584228516,36.731048583984375
91903986,2022,2022-10-28,9730,2022-10-21,1735,020576,,5,2,9,2700,0,1,2,,1,030,"US-101 S/B","5TH STREET",300.00,N,N,B,-,Y,MON,,101,,,70.922,H,,L,Y,4,0,1,3,A,-,03,22350,,N,C,C,A,A,H,-,A,D,0,,,,,Y,,A,07,0,0,1,0,0,0,0,0,0,"- ","- ",36.513969421386719,-121.43837738037109,MONTEREY,UNINCORPORATED,-121.43817901611328,36.5140380859375
91904092,2022,2022-10-28,9730,2022-10-22,1622,020899,,6,2,9,2700,0,1,3,,1,022,"SR-1 N/B","OCEAN AVENUE",166.00,S,N,A,-,Y,MON,,1,,,73.766,H,,R,Y,3,0,2,2,A,-,03,22350,,N,C,C,A,A,H,-,A,A,0,,,,,Y,,A,01,0,1,1,0,0,0,0,0,0,"- ","- ",36.555488586425781,-121.91107177734375,MONTEREY,UNINCORPORATED,-121.91109466552734,36.555488586425781
91904193,2022,2022-10-28,9730,2022-10-24,0645,019315,,1,1,9,2700,0,1,2,,1,070,"US-101 (N/B)","PRUNEDALE SOUTH RD",1584.00,S,N,A,-,Y,MON,,101,,,93.786,H,,R,Y,3,0,2,2,A,-,07,21658,A,N,C,C,A,A,H,-,D,D,0,,,,Y,Y,,D,22,0,2,0,0,0,0,0,0,0,"- ","- ",36.765781402587891,-121.66799926757812,MONTEREY,UNINCORPORATED,-121.66801452636719,36.765777587890625
91904244,2022,2022-10-28,9730,2022-10-24,1350,019512,,1,1,9,2700,0,1,3,,1,066,SR-183,"ESPINOSA ROAD",2323.00,S,N,A,-,Y,MON,,183,,R,6.265,H,,R,N,4,0,1,2,A,-,03,22350,,N,C,C,A,A,H,-,A,D,0,,,,,Y,,A,01,0,0,1,0,0,0,0,0,0,"- ","- ",36.727088928222656,-121.72992706298828,MONTEREY,UNINCORPORATED,-121.73017120361328,36.726936340332031
9190426,2020,2020-12-10,2708,2020-10-06,1230,88215,,2,5,6,2708,0,0,0,,0,007,"W MARKET STREET","CLARK STREET",9.00,N,N,A,-,Y,MON,5,183,-,-,1.690,I,5,S,Y,3,0,3,2,A,-,09,21801,A,N,D,C,A,A,H,-,A,D,0,,,,,Y,,A,01,0,3,0,0,0,0,0,0,0,"- ","- ",,,MONTEREY,SALINAS,-121.67092895507812,36.683303833007812
91904422,2022,2022-10-28,9730,2022-10-20,1142,016666,,4,1,9,2700,0,1,3,,2,062,"SR-1 N/B","SR-68 (HOLMAN HIGHWAY)",2112.00,N,N,A,-,Y,MON,,1,,R,75.535,H,,R,Y,3,0,3,4,A,-,03,22350,,N,C,C,A,A,G,-,A,D,0,,,,,Y,,A,07,0,1,2,0,0,0,0,0,0,"- ","- ",36.578399658203125,-121.90679931640625,MONTEREY,UNINCORPORATED,-121.90682983398438,36.578437805175781
91904437,2022,2022-10-28,9730,2022-10-23,1940,019512,,7,2,9,2700,0,1,2,,1,050,"US-101 SOUTHBOUND TO WEST LAUREL DRIVE","WEST LAUREL DRIVE",16.00,N,N,A,-,Y,,,,,,,,,,N,3,0,1,2,A,-,01,23152,A,N,C,C,A,A,H,-,C,A,0,,,,,Y,Y,A,01,0,1,0,0,0,0,0,0,0,"- ","- ",36.698040008544922,-121.66631317138672,MONTEREY,UNINCORPORATED,-121.66631317138672,36.698040008544922
91905962,2022,2023-04-05,9735,2022-10-27,1200,016696,,4,1,9,2700,0,1,2,,1,041,"US 101 SOUTHBOUND","CENTRAL EXTENSION",0.00,,Y,A,-,Y,,,,,,,,,,Y,2,0,2,2,A,-,09,21804,A,N,D,C,A,A,D,-,A,A,0,,,,,Y,,A,07,1,0,1,0,0,0,0,0,0,"- ","- ",38.631099700927734,-121.33049774169922,MONTEREY,UNINCORPORATED,-121.17450714111328,36.233802795410156
91906023,2022,2022-10-31,9730,2022-10-20,1539,019239,,4,2,9,2700,0,3,5,,2,006,"DAVIS RD","WEST ACACIA ST",30.00,N,N,A,-,N,,,,,,,,,,Y,3,0,5,3,A,-,03,22350,,N,C,C,A,A,H,-,A,D,0,,,,,Y,,A,01,0,1,4,0,0,0,0,0,0,"- ","- ",36.672451019287109,-121.68020629882812,MONTEREY,UNINCORPORATED,-121.68029022216797,36.672409057617188
91906064,2022,2022-10-31,9730,2022-10-21,1705,022092,,5,2,9,2700,0,3,5,,2,005,"CRAZY HORSE CANYON ROAD","CHAPIN ROAD",1056.00,E,N,B,-,N,,,,,,,,,,Y,3,0,2,2,A,-,09,21804,A,N,D,C,A,A,H,-,A,A,0,,,,,Y,,A,01,0,2,0,0,0,0,0,0,0,"- ","- ",36.79547119140625,-121.61563873291016,MONTEREY,UNINCORPORATED,,
91906078,2022,2022-10-31,9730,2022-10-25,0811,016666,,2,1,9,2700,0,1,3,,1,068,SR-68,"YORK ROAD",3696.00,E,N,B,-,Y,MON,,68,,,8.912,H,,R,Y,4,0,1,1,C,-,18,,,N,H,H,A,A,H,-,A,D,0,,,,,Y,,-,"- ",0,0,1,0,0,0,0,0,0,"- ","- ",36.569198608398438,-121.79450225830078,MONTEREY,UNINCORPORATED,-121.79449462890625,36.569141387939453
91906918,2022,2022-11-01,9730,2022-10-22,2325,022137,,6,3,9,2700,0,3,5,,2,005,"SAN JUAN GRADE RD","LAGUNITA RD",950.00,S,N,A,-,N,,,,,,,,,,Y,2,0,1,6,A,-,08,22107,,N,E,A,A,A,H,-,D,D,0,,,,,Y,,A,07,1,0,0,0,0,0,0,0,0,"- ","- ",36.752529144287109,-121.62164306640625,MONTEREY,UNINCORPORATED,-121.62165069580078,36.752727508544922
91907468,2022,2022-11-02,9730,2022-10-24,1642,020916,,1,2,9,2700,0,3,5,,2,007,"SALINAS ROAD","FREMONT STREET",66.00,S,N,A,-,N,,,,,,,,,,N,4,0,1,2,A,-,03,22350,,N,B,C,A,A,H,-,A,D,0,,,,,Y,,M,94,0,0,1,0,0,0,0,0,0,"- ","- ",36.898380279541016,-121.74790954589844,MONTEREY,UNINCORPORATED,-121.74797821044922,36.898418426513672
91907514,2022,2022-11-02,9730,2022-10-25,1414,020899,,2,2,9,2700,0,3,5,,2,007,"GEIL STREET","COOPER STREET",228.00,E,N,A,-,N,,,,,,,,,,N,3,0,1,2,A,-,08,22107,,N,D,E,A,A,H,-,A,D,0,,,,,Y,,A,01,0,1,0,0,0,0,0,0,0,"- ","- ",36.769710540771484,-121.75798797607422,MONTEREY,UNINCORPORATED,-121.75799560546875,36.769733428955078
91907521,2022,2022-11-02,9730,2022-10-25,1553,020899,,2,2,9,2700,0,2,4,,1,023,"CARMEL VALLEY ROAD","BROOKDALE DRIVE",1214.00,E,N,A,-,N,,,,,,,,,,N,3,0,1,2,A,-,08,22107,,N,B,C,A,A,H,-,A,D,0,,,,,Y,,A,01,0,1,0,0,0,0,0,0,0,"- ","- ",36.534030914306641,-121.8551025390625,MONTEREY,UNINCORPORATED,-121.85515594482422,36.534015655517578
91907534,2022,2022-11-02,9730,2022-10-25,1635,019818,,2,2,9,2700,0,1,3,,2,062,"SR-1 NB",SR-218,500.00,S,N,A,-,Y,MON,,1,,R,79.123,H,,R,N,4,0,1,2,A,-,03,22350,,N,C,C,A,A,H,-,A,D,0,,,,,Y,,A,01,0,0,1,0,0,0,0,0,0,"- ","- ",36.607658386230469,-121.86048889160156,MONTEREY,UNINCORPORATED,-121.86048126220703,36.607658386230469
91907571,2022,2022-11-02,9730,2022-10-25,1725,020916,,2,2,9,2700,0,1,3,,1,068,"SR-68 WESTBOUND","CORRAL DE TIERRA",450.00,E,N,A,-,Y,MON,,68,,,13.046,H,,L,Y,4,0,1,3,A,-,03,22350,,N,C,C,A,A,H,-,A,D,0,,,,,Y,,A,01,0,0,1,0,0,0,0,0,0,"- ","- ",36.578739166259766,-121.72547149658203,MONTEREY,UNINCORPORATED,-121.72547149658203,36.578708648681641
91907592,2022,2022-11-02,9730,2022-10-26,1740,022621,,3,2,6,2708,0,1,3,,1,068,"SR-68 E/B","CORRAL DE TIERRA",115.00,W,N,A,-,Y,MON,,68,,,12.920,H,,R,Y,4,0,1,3,A,-,03,22350,,M,C,C,A,A,H,-,A,A,0,,,,,Y,,A,01,0,0,1,0,0,0,0,0,0,"- ","- ",36.578510284423828,-121.72769165039062,MONTEREY,SALINAS,-121.72769165039062,36.578483581542969
91907694,2022,2022-11-02,9730,2022-08-14,0600,022725,,7,1,9,2700,0,1,3,,1,074,"SR-1 SOUTHBOUND","SPRINGFIELD ROAD",768.00,S,N,B,-,Y,MON,,1,,,98.680,H,,L,N,1,1,0,2,A,-,11,21954,A,N,G,B,E,A,H,-,D,D,0,Y,,,,Y,Y,N,60,0,0,0,1,0,0,0,0,0,"- ","- ",36.835769653320312,-121.77102661132812,MONTEREY,UNINCORPORATED,-121.77098846435547,36.835769653320312
91907757,2022,2022-11-02,9730,2022-09-26,1301,019315,,1,1,9,2700,0,1,3,,2,062,"SR-1 (N/B)","IRIS CANYON ROAD",3168.00,S,N,B,-,Y,MON,,1,,R,76.811,H,,R,N,1,1,0,1,A,-,08,22107,,N,E,I,A,A,H,-,A,D,0,,,Y,,Y,,C,02,0,0,0,0,0,0,0,1,0,"- ","- ",36.584339141845703,-121.88559722900391,MONTEREY,UNINCORPORATED,-121.8856201171875,36.584369659423828
91907792,2022,2022-11-02,9730,2022-10-23,0000,022317,,7,3,3,2711,0,1,2,,1,030,"US-101 SB","FRONT STREET",1742.00,N,N,A,-,Y,MON,,101,,,63.481,H,,L,N,3,0,1,2,A,-,01,23152,A,F,C,C,A,A,H,-,C,D,0,,,,,Y,Y,D,22,0,1,0,0,0,0,0,0,0,"- ","- ",36.438419342041016,-121.34760284423828,MONTEREY,SOLEDAD,-121.34762573242188,36.438392639160156