CASE_ID,ACCIDENT_YEAR,PROC_DATE,JURIS,COLLISION_DATE,COLLISION_TIME,OFFICER_ID,REPORTING_DISTRICT,DAY_OF_WEEK,CHP_SHIFT,POPULATION,CNTY_CITY_LOC,SPECIAL_COND,BEAT_TYPE,CHP_BEAT_TYPE,CITY_DIVISION_LAPD,CHP_BEAT_CLASS,BEAT_NUMBER,PRIMARY_RD,SECONDARY_RD,DISTANCE,DIRECTION,INTERSECTION,WEATHER_1,WEATHER_2,STATE_HWY_IND,CALTRANS_COUNTY,CALTRANS_DISTRICT,STATE_ROUTE,ROUTE_SUFFIX,POSTMILE_PREFIX,POSTMILE,LOCATION_TYPE,RAMP_INTERSECTION,SIDE_OF_HWY,TOW_AWAY,COLLISION_SEVERITY,NUMBER_KILLED,NUMBER_INJURED,PARTY_COUNT,PRIMARY_COLL_FACTOR,PCF_CODE_OF_VIOL,PCF_VIOL_CATEGORY,PCF_VIOLATION,PCF_VIOL_SUBSECTION,HIT_AND_RUN,TYPE_OF_COLLISION,MVIW,PED_ACTION,ROAD_SURFACE,ROAD_COND_1,ROAD_COND_2,LIGHTING,CONTROL_DEVICE,CHP_ROAD_TYPE,PEDESTRIAN_ACCIDENT,BICYCLE_ACCIDENT,MOTORCYCLE_ACCIDENT,TRUCK_ACCIDENT,NOT_PRIVATE_PROPERTY,ALCOHOL_INVOLVED,STWD_VEHTYPE_AT_FAULT,CHP_VEHTYPE_AT_FAULT,COUNT_SEVERE_INJ,COUNT_VISIBLE_INJ,COUNT_COMPLAINT_PAIN,COUNT_PED_KILLED,COUNT_PED_INJURED,COUNT_BICYCLIST_KILLED,COUNT_BICYCLIST_INJURED,COUNT_MC_KILLED,COUNT_MC_INJURED,PRIMARY_RAMP,SECONDARY_RAMP,LATITUDE,LONGITUDE,COUNTY,CITY,POINT_X,POINT_Y
9216702,2020,2021-02-01,2708,2020-11-09,1824,08775,,1,5,6,2708,0,0,0,,0,005,"NORTH MAIN ST","IRIS DR",0.00,,Y,A,-,N,,,,,,,,,,Y,4,0,3,2,A,-,03,22350,,N,C,C,A,A,H,-,C,A,0,,,,,Y,,-,,0,0,3,0,0,0,0,0,0,"- ","- ",,,MONTEREY,SALINAS,-121.65223693847656,36.693168640136719
92167117,2023,2023-09-11,9730,2023-08-30,1705,020576,,3,2,9,2700,0,1,3,,1,014,SR-1,"PALO COLORADO",1320.00,S,N,A,-,Y,MON,,1," "," ",61.325,H,,R,N,3,0,1,1,A,-,08,22107,,N,H,A,A,A,H,-,A,D,0,,,,,Y,,A,01,0,1,0,0,0,0,0,0,0,"- ","- ",36.39630126953125,-121.90310668945312,MONTEREY,UNINCORPORATED,-121.90308380126953,36.396305084228516
92167155,2023,2023-09-11,9730,2023-08-31,1430,020576,,4,2,9,2700,0,1,2,,1,050,"US-101 N/B","GOULD ROAD",0.00,,Y,A,-,Y,MON,,101," "," ",82.579,H,,R,N,3,0,2,3,A,-,09,21801,A,N,D,C,A,A,H,-,A,D,0,,,,,Y,,A,07,0,1,1,0,0,0,0,0,0,"- ","- ",36.627960205078125,-121.58746337890625,MONTEREY,UNINCORPORATED,-121.58747100830078,36.627948760986328
9216733,2020,2021-02-05,2708,2020-12-22,1540,19943,,2,5,6,2708,0,0,0,,0,002,"EAST BORONDA RD","DARTMOUTH WY",300.00,W,N,A,-,N,,,,,,,,,,Y,3,0,1,3,A,-,08,22107,,N,C,C,A,A,H,-,A,D,0,,,,,Y,,A,01,0,1,0,0,0,0,0,0,0,"- ","- ",,,MONTEREY,SALINAS,-121.64958190917969,36.718414306640625
9216734,2020,2021-02-05,2708,2020-12-06,2109,82326,,7,5,6,2708,0,0,0,,0,001,"NORTH DAVIS RD","BORONDA CROSSING PL",751.00,N,N,A,-,N,,,,,,,,,,Y,3,0,1,1,A,-,03,22350,,N,H,I,A,A,H,-,C,D,0,,,,,Y,,A,01,0,1,0,0,0,0,0,0,0,"- ","- ",,,MONTEREY,SALINAS,-121.66509246826172,36.721542358398438
92167343,2023,2023-09-11,9735,2023-09-06,1610,022742,,3,2,9,2700,0,1,2,,1,040,"US-101 NORTHBOUND","ARROYO SECO ROAD",460.00,N,N,A,-,Y,MON,,101," "," ",60.494,H,,R,Y,4,0,1,3,A,-,17,23114,A,M,E,J,A,A,H,-,A,D,0,,,,,Y,,-,99,0,0,1,0,0,0,0,0,0,"- ","- ",36.404689788818359,-121.31728363037109,MONTEREY,UNINCORPORATED,-121.31729125976562,36.404685974121094
9216735,2020,2021-02-05,2708,2020-12-13,1215,03580,,7,5,6,2708,0,0,0,,0,5N6,"LARKIN ST","KEARNY WY",0.00,,Y,B,-,N,,,,,,,,,,Y,3,0,3,2,A,-,09,21802,A,N,D,C,A,B,H,-,A,A,0,,,,,Y,,A,01,0,3,0,0,0,0,0,0,0,"- ","- ",,,MONTEREY,SALINAS,-121.66449737548828,36.692089080810547
92167352,2023,2023-09-11,9730,2023-09-01,"107 ",021794,,5,3,9,2700,0,2,4,,2,063,"BLANCO ROAD","COOPER ROAD",2640.00,E,N,B,-,N,,,,,,,,,,N,3,0,2,3,A,-,01,23152,A,N,B,C,A,A,H,-,D,D,0,,,,,Y,,A,07,0,1,1,0,0,0,0,0,0,"- ","- ",36.678718566894531,-121.72582244873047,MONTEREY,UNINCORPORATED,-121.72601318359375,36.6787109375
9216736,2020,2021-02-05,2708,2020-12-17,1824,25182,,4,5,6,2708,0,0,0,,0,012,"MONTE BELLA BL","GENOA WY",0.00,,Y,A,-,N,,,,,,,,,,Y,2,0,2,2,A,-,09,21802,A,N,D,C,A,A,H,-,C,A,0,,,,,Y,,A,01,1,1,0,0,0,0,0,0,0,"- ","- ",,,MONTEREY,SALINAS,-121.59742736816406,36.678798675537109
9216737,2020,2021-02-05,2708,2020-12-22,1707,16258,SALIN,2,5,6,2708,0,0,0,,0,005,"NORTH MAIN ST","ROCHEX AV",5.00,N,N,A,-,N,,,,,,,,,,Y,4,0,1,5,A,-,08,22107,,N,B,E,A,A,H,-,C,D,0,,,,,Y,,A,01,0,0,1,0,0,0,0,0,0,"- ","- ",,,MONTEREY,SALINAS,-121.65224456787109,36.700553894042969
9216738,2020,2021-02-05,2708,2020-12-10,1726,04125,,4,5,6,2708,0,0,0,,0,012,"TOWT ST","COOPER AV",0.00,,Y,A,-,N,,,,,,,,,,Y,4,0,1,3,A,-,01,23153,A,N,D,C,A,A,H,-,B,D,0,,,,,Y,Y,D,22,0,0,1,0,0,0,0,0,0,"- ","- ",,,MONTEREY,SALINAS,-121.61856842041016,36.678691864013672
9216739,2020,2021-02-05,2708,2020-12-06,0900,30348,SALIN,7,5,6,2708,0,0,0,,0,011,"FREEDOM PKWY","NORTH SANBORN RD",16.00,W,N,A,-,N,,,,,,,,,,Y,2,0,1,2,A,-,12,21453,A,N,D,C,A,A,H,-,A,A,0,,,,,Y,,A,07,1,0,0,0,0,0,0,0,0,"- ","- ",,,MONTEREY,SALINAS,-121.60137176513672,36.692169189453125
9216740,2020,2021-02-05,2708,2020-12-14,1904,85123,SALIN,1,5,6,2708,0,0,0,,0,012,"NORTH SANBORN RD","ALMA AV",60.00,N,N,B,-,N,,,,,,,,,,N,3,0,1,2,A,-,11,21954,A,N,A,B,D,A,H,-,C,A,0,Y,,,,Y,Y,N,60,0,1,0,0,1,0,0,0,0,"- ","- ",,,MONTEREY,SALINAS,-121.61574554443359,36.685874938964844
9216741,2020,2021-02-04,2708,2020-12-24,2320,99504,SALIN,4,5,6,2708,0,0,0,,0,009,"ABBOTT ST","HARRIS RD",0.00,,Y,A,-,N,,,,,,,,,,Y,3,0,2,2,A,-,01,23152,A,N,C,C,A,A,H,-,C,A,0,,,,,Y,Y,A,01,0,2,0,0,0,0,0,0,0,"- ","- ",,,MONTEREY,SALINAS,-121.61195373535156,36.644710540771484
9216742,2020,2021-02-04,2708,2020-12-23,0607,50995,SALIN,3,5,6,2708,0,0,0,,0,008,"ABBOTT ST","SUMMER ST",0.00,,Y,A,-,N,,,,,,,,,,Y,3,0,1,1,A,-,01,23152,F,N,E,I,A,A,H,-,C,D,0,,,,,Y,,A,08,0,1,0,0,0,0,0,0,0,"- ","- ",,,MONTEREY,SALINAS,-121.64759826660156,36.670700073242188
9216743,2020,2021-02-04,2708,2020-12-24,1257,69086,,4,5,6,2708,0,0,0,,0,002,"NORTH MAIN ST","CHEROKEE DR",200.00,S,N,B,-,N,,,,,,,,,,Y,4,0,3,4,A,-,03,22350,,N,C,C,A,A,H,-,A,A,0,,,,,Y,,A,01,0,0,3,0,0,0,0,0,0,"- ","- ",,,MONTEREY,SALINAS,-121.65428161621094,36.711097717285156
92167435,2023,2023-09-11,9735,2023-09-07,"858 ",022328,,4,1,9,2700,0,1,2,,1,040,"US-101 NORTHBOUND","ARROYO SECO ROAD",2746.00,N,N,A,-,Y,MON,,101," "," ",60.966,H,,R,Y,4,0,1,1,A,-,08,22107,,N,E,I,A,A,H,-,A,D,0,,,,,Y,,A,01,0,0,1,0,0,0,0,0,0,"- ","- ",36.411121368408203,-121.31974792480469,MONTEREY,UNINCORPORATED,-121.31969451904297,36.4111328125
92167978,2023,2023-09-12,9730,2023-09-01,1627,020576,,5,2,9,2700,0,3,5,,2,006,"DAVIS ROAD","BLANCO RD",2640.00,S,N,B,-,N,,,,,,,,,,Y,3,0,1,4,A,-,03,22350,,N,C,C,A,A,H,-,A,D,0,,,,,Y,,A,01,0,1,0,0,0,0,0,0,0,"- ","- ",36.662601470947266,-121.68874359130859,MONTEREY,UNINCORPORATED,-121.69026184082031,36.660854339599609
92168042,2023,2023-09-12,9730,2023-09-02,"230 ",022137,,6,3,9,2700,0,3,5,,2,007,"SALINAS RD","HILLTOP RD",0.00,,Y,A,-,N,,,,,,,,,,Y,4,0,1,1,A,-,01,23152,A,N,E,I,A,A,H,-,D,D,0,,,,,Y,Y,A,01,0,0,1,0,0,0,0,0,0,"- ","- ",36.869911193847656,-121.77168273925781,MONTEREY,UNINCORPORATED,-121.77134704589844,36.869941711425781
92168132,2023,2023-09-12,9730,2023-09-03,"0   ",020576,,7,3,9,2700,0,1,3,,1,068,SR-68,"SPRECKELS BLVD",0.00,,Y,A,-,Y,,,,,,,,,,N,4,0,1,2,A,-,12,22450,A,N,D,C,A,A,H,-,D,A,0,,,,,Y,,A,01,0,0,1,0,0,0,0,0,0,"- ","- ",36.632659912109375,-121.66898345947266,MONTEREY,UNINCORPORATED,-121.66944885253906,36.632907867431641
92168150,2023,2023-09-12,9730,2023-09-03,2140,020970,,7,2,9,2700,0,3,5,,2,003,"ASSOCIATED LN","FANOE RD",252.00,W,N,A,-,N,,,,,,,,,,Y,3,0,1,1,A,-,08,22107,,N,F,A,A,A,H,-,D,D,0,,,,,Y,,D,22,0,1,0,0,0,0,0,0,0,"- ","- ",36.531150817871094,-121.44914245605469,MONTEREY,UNINCORPORATED,-121.44918060302734,36.53106689453125
92168166,2023,2023-09-12,9730,2023-09-04,1655,022725,,1,2,9,2700,0,1,2,,1,070,"US-101 NORTHBOUND","BLACKIE ROAD OVERCROSSING",1584.00,S,N,A,-,Y,MON,,101," "," ",93.756,H,,R,Y,4,0,2,3,A,-,03,22350,,N,C,C,A,A,H,-,A,D,0,,,,,Y,,-,"- ",0,0,2,0,0,0,0,0,0,"- ","- ",36.765361785888672,-121.66790008544922,MONTEREY,UNINCORPORATED,-121.66789245605469,36.765361785888672
92168204,2023,2023-09-12,9730,2023-09-04,1845,022725,,1,2,9,2700,0,3,5,,2,007,"CRAZYHORSE CANYON ROAD","CRAZYHORSE CANYON ROAD TO US-101 SOUTHBOUND",0.00,,Y,A,-,N,,,,,,,,,,Y,3,0,3,2,A,-,09,21801,A,N,A,C,A,A,H,-,A,D,0,,,,,Y,,A,01,0,2,1,0,0,0,0,0,0,"- ","- ",36.818679809570312,-121.63330078125,MONTEREY,UNINCORPORATED,-121.63328799999999,36.818741000000003
92168280,2023,2023-09-12,9730,2023-09-05,"825 ",019127,,2,1,9,2700,0,3,5,,2,007,"CASTROVILLE BLVD","13990 CASTROVILLE BLVD",0.00,,Y,B,-,N,,,,,,,,,,Y,4,0,1,2,A,-,09,21802,A,N,D,C,A,A,H,-,A,D,0,,,,,Y,,A,01,0,0,1,0,0,0,0,0,0,"- ","- ",36.781501770019531,-121.7352294921875,MONTEREY,UNINCORPORATED,-121.74308776855469,36.753982543945312
92168310,2023,2023-09-12,9730,2023-09-05,1242,019022,,2,1,9,2700,0,1,3,,1,066,SR-183,SR-156,25.00,N,N,A,-,Y,MON,,183," "," ",9.044,H,,R,N,4,0,1,2,A,-,07,21658,A,N,C,C,A,A,H,-,A,A,0,,,,,Y,,A,01,0,0,1,0,0,0,0,0,0,"- ","- ",36.76177978515625,-121.75283813476562,MONTEREY,UNINCORPORATED,-121.75277709960938,36.761833190917969
92168799,2023,2023-09-13,9730,2023-09-06,"915 ",016537,,3,1,9,2700,0,3,5,,2,006,"DAVIS RD","WEST ACACIA ST",0.00,,Y,A,-,N,,,,,,,,,,Y,4,0,1,2,A,-,08,22107,,N,A,C,A,A,H,-,A,D,0,,,,,Y,,A,01,0,0,1,0,0,0,0,0,0,"- ","- ",36.672340393066406,-121.6802978515625,MONTEREY,UNINCORPORATED,-121.68035125732422,36.672336578369141
92168944,2023,2023-09-13,9730,2023-09-08,1500,022725,,5,2,9,2700,0,3,5,,2,007,"SAN JUAN GRADE RD","CRAZY HORSE CANYON ROAD",2640.00,N,N,A,-,N,,,,,,,,,,Y,3,0,2,2,A,-,08,22107,,N,A,C,A,A,H,-,A,D,0,,,,,Y,,D,22,0,1,1,0,0,0,0,0,0,"- ","- ",36.777839660644531,-121.59789276123047,MONTEREY,UNINCORPORATED,-121.59677124023438,36.777732849121094
92168957,2023,2023-12-08,9730,2023-09-03,"815 ",019022,,7,1,9,2700,0,1,3,,1,014,"PALO COLORADO","SR-1 (CABRILLO HIGHWAY)",6336.00,E,N,B,C,N,,,,,,,,,,N,3,0,1,2,A,-,03,22350,,N,A,C,A,B,H,-,A,D,0,,,,,Y,,A,07,0,1,0,0,0,0,0,0,0,"- ","- ",36.398288726806641,-121.88478851318359,MONTEREY,UNINCORPORATED,,
92169852,2023,2023-09-14,9730,2023-09-08,1625,023299,,5,2,9,2700,0,1,2,,1,030,"US-101 SOUTHBOUND","CAMPHORA ROAD",390.00,N,N,A,-,Y,MON,,101," "," ",65.801,H,,L,Y,4,0,1,2,A,-,03,22350,,N,C,C,A,A,H,-,A,D,0,,,,,Y,,A,01,0,0,1,0,0,0,0,0,0,"- ","- ",36.459259033203125,-121.37962341308594,MONTEREY,UNINCORPORATED,-121.37961578369141,36.459262847900391
92169855,2023,2023-09-14,9730,2023-09-08,1630,022725,,5,2,9,2700,0,3,5,,2,005,"PENZANCE STREET","SAN JUAN GRADE ROAD",0.00,,Y,A,-,N,,,,,,,,,,Y,4,0,1,2,A,-,09,21802,A,N,D,C,A,A,H,-,A,D,0,,,,,Y,,A,07,0,0,1,0,0,0,0,0,0,"- ","- ",36.731830596923828,-121.63958740234375,MONTEREY,UNINCORPORATED,-121.63973999023438,36.731861114501953
92169880,2023,2023-09-14,9730,2023-09-06,1405,023317,,3,2,9,2700,0,1,3,,1,074,"SR-1 S/B","RESERVATION RD",300.00,N,N,A,-,Y,MON,,1," ",R,86.759,H,,L,Y,3,0,1,2,A,-,06,21750,A,N,B,C,A,A,H,-,A,D,0,,,,,Y,,D,22,0,1,0,0,0,0,0,0,0,"- ","- ",36.700321197509766,-121.80300903320312,MONTEREY,UNINCORPORATED,-121.80308532714844,36.700347900390625
92169897,2023,2023-09-14,9730,2023-09-09,1320,022442,,6,1,9,2700,0,1,2,,1,070,"US-101 N/B","DUNBARTON RD",1314.00,S,N,A,-,Y,MON,,101," "," ",100.133,H,,R,Y,4,0,1,2,A,-,03,22350,,N,C,C,A,A,H,-,A,D,0,,,,,Y,,A,01,0,0,1,0,0,0,0,0,0,"- ","- ",36.841831207275391,-121.63304138183594,MONTEREY,UNINCORPORATED,-121.63301086425781,36.841838836669922
92170514,2023,2023-09-14,9730,2023-09-04,1651,023317,,1,2,9,2700,0,3,5,,2,007,"CASTROVILLE BLVD","OMART RD",1000.00,E,N,A,-,N,,,,,,,,,,Y,2,0,1,1,A,-,01,23152,A,N,F,A,A,A,H,-,A,D,0,,,,,Y,Y,D,22,1,0,0,0,0,0,0,0,0,"- ","- ",36.795070648193359,-121.71685791015625,MONTEREY,UNINCORPORATED,-121.71704864501953,36.795063018798828
92170530,2023,2023-09-14,9730,2023-09-11,"800 ",016537,,1,1,9,2700,0,1,2,,1,030,"US-101 N/B","MAIN ST (CHUALAR)",3802.00,N,N,E,-,Y,MON,,101," "," ",77.707,H,,R,Y,4,0,2,2,A,-,03,22350,,N,C,C,A,A,H,-,A,D,0,,,,,Y,,A,01,0,0,2,0,0,0,0,0,0,"- ","- ",36.577358245849609,-121.52660369873047,MONTEREY,UNINCORPORATED,-121.52658081054688,36.577369689941406
92170536,2023,2023-09-14,9730,2023-09-11,1550,021776,,1,2,9,2700,0,1,2,,1,070,"US-101 SOUTHBOUND","VIERRA CANYON ROAD",331.00,S,N,A,-,Y,MON,,101," "," ",95.522,H,,L,N,4,0,1,2,A,-,03,22350,,N,C,C,A,A,H,-,A,D,0,,,,,Y,,A,08,0,0,1,0,0,0,0,0,0,"- ","- ",36.790779113769531,-121.66718292236328,MONTEREY,UNINCORPORATED,-121.66738891601562,36.790809631347656
92170776,2023,2023-09-15,9730,2023-08-12,"135 ",017579,,6,3,9,2700,0,1,3,,1,022,SR-1,"AURORA DEL MAR",3480.00,S,N,B,-,Y,MON,,1," "," ",67.126,H,,R,Y,3,0,1,1,A,-,01,23152,A,N,E,I,A,A,H,-,D,D,0,,,,,Y,Y,A,01,0,1,0,0,0,0,0,0,0,"- ","- ",36.470920562744141,-121.93412780761719,MONTEREY,UNINCORPORATED,-121.93416595458984,36.470893859863281
92170792,2023,2023-09-26,9730,2023-08-28,1530,022725,,1,2,9,2700,0,1,3,,1,022,SR-1,"AURORA DEL MAR",898.00,S,N,A,-,Y,MON,,1," "," ",67.615,H,,R,Y,4,0,1,2,A,-,09,21801,A,N,B,2,A,A,H,-,A,D,0,,,,,Y,,A,07,0,0,1,0,0,0,0,0,0,"- ","- ",36.477691650390625,-121.93630218505859,MONTEREY,UNINCORPORATED,-121.93623352050781,36.477699279785156
92171502,2023,2023-09-18,9730,2023-09-02,1615,021358,,6,2,9,2700,0,3,5,,2,020,"17 MILE DRIVE","SUNRIDGE ROAD",0.00,,Y,A,-,N,,,,,,,,,,Y,4,0,1,3,A,-,09,21802,A,N,D,C,A,A,H,-,A,D,0,,,,,Y,,-,"- ",0,0,1,0,0,0,0,0,0,"- ","- ",36.575271606445312,-121.91364288330078,MONTEREY,UNINCORPORATED,-121.913646,36.575252999999996
92173713,2023,2023-09-19,9730,2023-09-09,1330,022725,,6,1,9,2700,0,3,5,,2,005,"SAN JUAN GRADE ROAD","HEBERT ROAD",2640.00,N,N,A,-,N,,,,,,,,,,Y,4,0,1,2,A,-,09,21804,A,F,F,A,A,A,H,-,A,D,0,,,,,Y,,A,07,0,0,1,0,0,0,0,0,0,"- ","- ",36.764408111572266,-121.61173248291016,MONTEREY,UNINCORPORATED,-121.61057281494141,36.765541076660156
92173941,2023,2023-09-19,9730,2023-09-08,1610,023317,,5,2,9,2700,0,3,5,,2,006,"DAVIS RD","HITCHCOCK RD",400.00,N,N,A,-,N,,,,,,,,,,Y,4,0,2,2,A,-,09,21801,A,N,D,C,A,A,H,-,A,D,0,,,,,Y,,D,22,0,0,2,0,0,0,0,0,0,"- ","- ",36.661701202392578,-121.68963623046875,MONTEREY,UNINCORPORATED,-121.6912841796875,36.659641265869141
92174043,2023,2023-09-19,9730,2023-09-11,1815,023317,,1,2,9,2700,0,3,5,,2,007,"SAN JUAN RD","SUSAN ST",200.00,W,N,A,-,N,,,,,,,,,,Y,3,0,1,2,A,-,01,23153,A,F,D,C,A,A,A,-,A,D,0,,,,,Y,Y,D,22,0,1,0,0,0,0,0,0,0,"- ","- ",36.904460906982422,-121.74667358398438,MONTEREY,UNINCORPORATED,-121.74671173095703,36.904449462890625
92174070,2023,2023-09-19,9730,2023-09-12,"829 ",016666,,2,1,2,2701,0,1,3,,2,062,"SR-1 S/B","LIGHTFIGHTER DRIVE",2640.00,N,N,B,-,Y,MON,,1," ",R,83.444,H,,L,N,4,0,1,1,C,-,18,,,N,E,I,A,A,H,-,A,D,0,,,,,Y,,-,"- ",0,0,1,0,0,0,0,0,0,"- ","- ",36.654708862304688,-121.81639862060547,MONTEREY,CARMEL,-121.81651306152344,36.654689788818359
92175164,2023,2023-09-20,9730,2023-09-13,1715,019529,,3,2,9,2700,0,3,5,,2,007,"SALINAS ROAD","TRAFTON ROAD",0.00,,Y,A,-,N,,,,,,,,,,Y,3,0,2,2,A,-,09,21802,A,N,D,C,A,A,H,-,A,A,0,,,,,Y,,D,22,0,2,0,0,0,0,0,0,0,"- ","- ",36.886760711669922,-121.74722290039062,MONTEREY,UNINCORPORATED,-121.74710845947266,36.886787414550781
92175345,2023,2023-09-20,9730,2023-09-06,1514,020576,,3,2,9,2700,0,3,5,,2,002,"CACHAGUA ROAD","CARMEL VALLEY ROAD",6864.00,S,N,A,-,N,,,,,,,,,,N,4,0,1,2,A,-,05,21650,,N,A,C,A,A,E,-,A,D,0,,,,,Y,,-,"- ",0,0,1,0,0,0,0,0,0,"- ","- ",36.438190460205078,-121.68318939208984,MONTEREY,UNINCORPORATED,-121.68556213378906,36.439994812011719
92176316,2023,2023-09-21,9735,2023-09-10,2500,022970,,7,4,9,2700,0,1,2,,1,041,"US-101 NORTHBOUND","CENTRAL AVENUE",6336.00,S,N,A,-,Y,MON,,101," "," ",44.579,H,,R,Y,2,0,1,1,A,-,08,22107,,N,E,8,A,A,H,-,B,D,0,,,,,Y,,A,01,1,0,0,0,0,0,0,0,0,"- ","- ",36.218109130859375,-121.16708374023438,MONTEREY,UNINCORPORATED,-121.16713714599609,36.218090057373047
92176433,2023,2023-09-21,9735,2023-09-20,"0   ",022742,,3,3,4,2706,0,1,2,,2,042,"US-101 NORTHBOUND","WILDHORSE ROAD",898.00,S,N,A,-,Y,MON,,101," ",R,37.142,H,,R,Y,4,0,1,2,A,-,03,22350,,N,C,C,A,A,H,-,D,D,0,,,,Y,Y,,G,25,0,0,1,0,0,0,0,0,0,"- ","- ",36.185871124267578,-121.06996917724609,MONTEREY,MONTEREY,-121.07003021240234,36.185829162597656
92176450,2023,2023-09-21,9730,2023-09-15,1405,023317,,5,2,9,2700,0,2,4,,1,073,"SAN MIGUEL CANYON RD","PRUNEDALE NORTH RD",1584.00,S,N,A,-,N,,,,,,,,,,N,4,0,1,2,A,-,03,22350,,N,C,C,A,A,H,-,A,A,0,,,,,Y,,A,01,0,0,1,0,0,0,0,0,0,"- ","- ",36.800159454345703,-121.66471099853516,MONTEREY,UNINCORPORATED,-121.66404724121094,36.797691345214844
92176487,2023,2023-09-21,9730,2023-09-15,2335,021165,,5,3,9,2700,0,1,3,,2,062,"SR-1 S/B","LIGHTFIGHTER DRIVE",4310.00,S,N,A,-,Y,,,,,,,,,,Y,2,0,2,1,A,-,01,23152,A,N,F,A,A,A,H,-,D,D,0,,,,,Y,Y,A,01,2,0,0,0,0,0,0,0,0,"- ","- ",36.639961242675781,-121.82713317871094,MONTEREY,UNINCORPORATED,-121.82743072509766,36.640289306640625
92176504,2023,2023-11-14,9730,2023-09-16,1515,021776,,6,2,9,2700,0,1,3,,2,062,"SR-1 SOUTHBOUND","8TH STREET OVER-CROSSING",1584.00,S,N,B,-,Y,MON,,1," ",R,83.568,H,,L,Y,4,0,1,2,A,-,07,21658,A,N,B,C,A,A,H,-,A,D,0,,,,,Y,,A,01,0,0,1,0,0,0,0,0,0,"- ","- ",36.656669616699219,-121.81678771972656,MONTEREY,UNINCORPORATED,-121.81681823730469,36.656669616699219
92176524,2023,2023-09-21,9730,2023-09-17,"48  ",020970,,7,3,9,2700,0,2,4,,1,023,"CARMEL VALLEY ROAD","PANNETTA ROAD",528.00,W,N,A,-,N,,,,,,,,,,Y,3,0,1,1,A,-,01,23152,A,N,E,I,A,A,H,-,D,D,0,,,,,Y,Y,A,01,0,1,0,0,0,0,0,0,0,"- ","- ",36.487941741943359,-121.74064636230469,MONTEREY,UNINCORPORATED,-121.74050903320312,36.487957000732422
92176536,2023,2023-09-21,9730,2023-09-16,2005,020576,,6,2,9,2700,0,1,2,,1,050,"US-101 N/B","AIRPORT BLVD",502.00,N,N,A,-,Y,MON,,101," "," ",85.722,H,,R,Y,3,0,1,1,A,-,01,23152,A,N,E,I,A,A,H,-,D,D,0,,,,,Y,Y,A,01,0,1,0,0,0,0,0,0,0,"- ","- ",36.662151336669922,-121.62351989746094,MONTEREY,UNINCORPORATED,-121.62351226806641,36.662155151367188
92178227,2023,2023-09-25,9730,2023-09-14,"900 ",016666,,4,1,9,2700,0,3,5,,2,002,"CARPENTER STREET",SR-1,20.00,E,N,B,-,N,,,,,,,,,,N,4,0,1,2,A,-,21,22106,,N,C,C,A,A,H,-,A,A,0,,,,,Y,,A,07,0,0,1,0,0,0,0,0,0,"- ","- ",36.56671142578125,-121.91285705566406,MONTEREY,UNINCORPORATED,-121.91291046142578,36.56646728515625
92178341,2023,2023-09-25,9730,2023-09-16,"20  ",022061,,6,3,9,2700,0,3,5,,2,004,"OLD STAGE ROAD","CHUALAR ROAD",0.00,,Y,A,-,N,,,,,,,,,,Y,4,0,1,1,A,-,01,23152,A,N,E,I,A,A,H,-,D,D,0,,,,,Y,Y,A,07,0,0,1,0,0,0,0,0,0,"- ","- ",36.581661224365234,-121.49797058105469,MONTEREY,UNINCORPORATED,-121.49815368652344,36.581707000732422
92178384,2023,2023-09-25,9730,2023-09-16,"555 ",018302,,6,3,9,2700,0,2,4,,1,073,"HALL ROAD","WILLOW ROAD",0.00,,Y,B,-,N,,,,,,,,,,Y,4,0,1,3,A,-,09,21802,A,N,A,2,A,A,H,-,C,A,0,,,,,Y,,A,01,0,0,1,0,0,0,0,0,0,"- ","- ",36.865638732910156,-121.73509979248047,MONTEREY,UNINCORPORATED,-121.73506164550781,36.865673065185547
92180011,2023,2024-04-08,9730,2023-09-13,"858 ",019127,,3,1,9,2700,0,2,4,,1,073,"SALINAS RD","LEWIS RD",0.00,,Y,B,-,N,,,,,,,,,,Y,3,0,2,3,A,-,09,21801,A,F,D,C,A,A,H,-,A,D,0,,,,,Y,Y,-,99,0,1,1,0,0,0,0,0,0,"- ","- ",36.891040802001953,-121.74729919433594,MONTEREY,UNINCORPORATED,-121.74732208251953,36.8909912109375
92180016,2023,2023-09-26,9730,2023-09-16,1030,018302,,6,1,9,2700,0,1,3,,1,074,SR-1,"DOLAN ROAD",0.00,,Y,B,-,Y,MON,,1," "," ",96.103,H,,R,N,4,0,1,2,A,-,09,21802,A,N,D,C,A,A,H,-,A,A,0,,,,,Y,,D,22,0,0,1,0,0,0,0,0,0,"- ","- ",36.804130554199219,-121.78378295898438,MONTEREY,UNINCORPORATED,-121.78379821777344,36.804130554199219