CASE_ID,ACCIDENT_YEAR,PROC_DATE,JURIS,COLLISION_DATE,COLLISION_TIME,OFFICER_ID,REPORTING_DISTRICT,DAY_OF_WEEK,CHP_SHIFT,POPULATION,CNTY_CITY_LOC,SPECIAL_COND,BEAT_TYPE,CHP_BEAT_TYPE,CITY_DIVISION_LAPD,CHP_BEAT_CLASS,BEAT_NUMBER,PRIMARY_RD,SECONDARY_RD,DISTANCE,DIRECTION,INTERSECTION,WEATHER_1,WEATHER_2,STATE_HWY_IND,CALTRANS_COUNTY,CALTRANS_DISTRICT,STATE_ROUTE,ROUTE_SUFFIX,POSTMILE_PREFIX,POSTMILE,LOCATION_TYPE,RAMP_INTERSECTION,SIDE_OF_HWY,TOW_AWAY,COLLISION_SEVERITY,NUMBER_KILLED,NUMBER_INJURED,PARTY_COUNT,PRIMARY_COLL_FACTOR,PCF_CODE_OF_VIOL,PCF_VIOL_CATEGORY,PCF_VIOLATION,PCF_VIOL_SUBSECTION,HIT_AND_RUN,TYPE_OF_COLLISION,MVIW,PED_ACTION,ROAD_SURFACE,ROAD_COND_1,ROAD_COND_2,LIGHTING,CONTROL_DEVICE,CHP_ROAD_TYPE,PEDESTRIAN_ACCIDENT,BICYCLE_ACCIDENT,MOTORCYCLE_ACCIDENT,TRUCK_ACCIDENT,NOT_PRIVATE_PROPERTY,ALCOHOL_INVOLVED,STWD_VEHTYPE_AT_FAULT,CHP_VEHTYPE_AT_FAULT,COUNT_SEVERE_INJ,COUNT_VISIBLE_INJ,COUNT_COMPLAINT_PAIN,COUNT_PED_KILLED,COUNT_PED_INJURED,COUNT_BICYCLIST_KILLED,COUNT_BICYCLIST_INJURED,COUNT_MC_KILLED,COUNT_MC_INJURED,PRIMARY_RAMP,SECONDARY_RAMP,LATITUDE,LONGITUDE,COUNTY,CITY,POINT_X,POINT_Y
92326537,2024,2024-02-29,9730,2024-02-26,"817 ",023584,,1,1,9,2700,0,1,3,,1,072,"STATE ROUTE 156","MERIDIAN ROAD",75.00,W,N,A,-,Y,MON,,156," "," ",4.569,H,,R,Y,3,0,1,2,A,-,05,21460,A,N,B,C,A,A,H,-,A,D,0,,,,,Y,,A,01,0,1,0,0,0,0,0,0,0,"- ","- ",36.788101196289062,-121.67855834960938,MONTEREY,UNINCORPORATED,-121.67855834960938,36.788101196289062
92328957,2024,2024-03-04,9735,2024-02-16,2228,022891,,5,3,9,2700,0,2,4,,1,021,"JOLON ROAD","SAN LUCAS ROAD",21648.00,S,N,B,-,N,,,,,,,,,,N,2,0,3,4,A,-,08,22107,,N,G,1,E,A,H,-,D,D,0,Y,,,,Y,,A,01,2,0,1,0,2,0,0,0,0,"- ","- ",36.07794189453125,-121.17955017089844,MONTEREY,UNINCORPORATED,-121.17941284179688,36.076465606689453
92330449,2024,2024-03-05,9730,2024-02-23,1849,023216,,5,2,9,2700,0,3,5,,2,003,"FOLETTA RD","ALTA ST",75.00,W,N,A,-,N,,,,,,,,,,N,3,0,1,1,A,-,01,23152,A,N,F,I,A,A,H,-,D,D,0,,,,,Y,Y,A,01,0,1,0,0,0,0,0,0,0,"- ","- ",36.523349761962891,-121.46626281738281,MONTEREY,UNINCORPORATED,-121.46613311767578,36.523468017578125
92330478,2024,2024-03-05,9730,2024-02-26,1634,019239,,1,2,9,2700,0,3,5,,2,005,"SAN JUAN GRADE RD","HEBERT RD",0.00,,Y,A,-,N,,,,,,,,,,N,4,0,1,2,A,-,09,21802,A,N,F,I,A,A,A,-,A,A,0,,,Y,,Y,,A,01,0,0,1,0,0,0,0,0,1,"- ","- ",36.759548187255859,-121.61560821533203,MONTEREY,UNINCORPORATED,-121.61573028564453,36.759590148925781
92330550,2024,2024-03-05,9730,2024-02-25,"310 ",023299,,7,3,9,2700,0,2,4,,2,063,"BLANCO ROAD","COOPER ROAD",1226.00,E,N,A,-,N,,,,,,,,,,Y,2,0,2,1,A,-,01,23152,A,N,F,8,A,A,H,-,D,D,0,,,,,Y,Y,A,01,1,1,0,0,0,0,0,0,0,"- ","- ",36.678741455078125,-121.73081207275391,MONTEREY,UNINCORPORATED,-121.7308349609375,36.678718566894531
92331147,2024,2024-03-06,9730,2024-02-12,2050,022317,,1,2,9,2700,0,1,3,,1,072,"MERIDIAN ROAD",SR-156,500.00,N,N,B,-,Y,,,,,,,,,,N,4,0,1,2,A,-,03,22350,,M,C,C,A,A,H,-,D,D,0,,,,,Y,,A,01,0,0,1,0,0,0,0,0,0,"- ","- ",36.788230895996094,-121.67990875244141,MONTEREY,UNINCORPORATED,-121.68063354492188,36.788234710693359
92331175,2024,2024-03-06,9730,2024-02-25,2330,015367,,7,3,9,2700,0,1,3,,1,014,"STATE ROUTE 1","MPM 1 MONT 57.00",80.00,N,N,B,-,Y,MON,,1," "," ",57.022,H,,R,Y,3,0,1,1,A,-,08,22107,,N,E,I,A,A,H,-,D,D,0,,,,,Y,,-,"- ",0,1,0,0,0,0,0,0,0,"- ","- ",36.342521667480469,-121.8917236328125,MONTEREY,UNINCORPORATED,-121.89167022705078,36.342548370361328
92331182,2024,2024-03-06,9730,2024-02-26,"909 ",020576,,1,1,9,2700,0,1,2,,1,070,US-101,"PRUNEDALE SOUTH RD OC",3159.00,S,N,B,-,Y,MON,,101," "," ",93.496,H,,R,Y,3,0,1,1,A,-,01,23152,F,N,E,I,A,A,H,-,A,D,0,,,,,Y,Y,A,08,0,1,0,0,0,0,0,0,0,"- ","- ",36.761768341064453,-121.66683959960938,MONTEREY,UNINCORPORATED,-121.66676330566406,36.761783599853516
92331188,2024,2024-03-06,9730,2024-02-26,1417,020576,,1,2,9,2700,0,1,2,,1,050,US-101,"AIRPORT BLVD OC",828.00,S,N,B,-,Y,MON,,101," "," ",85.435,H,,R,N,3,0,1,1,A,-,01,23152,A,N,F,A,A,A,H,-,A,D,0,,,,,Y,Y,D,22,0,1,0,0,0,0,0,0,0,"- ","- ",36.658378601074219,-121.62126922607422,MONTEREY,UNINCORPORATED,-121.621337890625,36.658355712890625
92331446,2024,2024-03-06,9730,2024-02-28,1233,020576,,3,1,9,2700,0,1,2,,1,070,US-101,"MALLORY CANYON RD",1335.00,S,N,A,-,Y,MON,,101," "," ",97.550,H,,R,Y,3,0,2,2,A,-,01,23152,F,N,C,C,A,A,D,-,A,D,0,,,,Y,Y,,A,08,0,2,0,0,0,0,0,0,0,"- ","- ",36.810710906982422,-121.64402008056641,MONTEREY,UNINCORPORATED,-121.64402770996094,36.810714721679688
92332308,2024,2024-03-07,9735,2024-02-09,2500,021120,,5,4,9,2700,0,3,5,,2,002,"INTERLAKE ROAD","BRYSON HESPERIA ROAD",6600.00,N,N,A,-,N,,,,,,,,,,Y,2,0,1,1,A,-,08,22107,,M,E,I,A,A,H,-,A,D,0,,,,,Y,,D,22,1,0,0,0,0,0,0,0,0,"- ","- ",35.850948333740234,-121.0528564453125,MONTEREY,UNINCORPORATED,-121.05271911621094,35.850971221923828
92332425,2024,2024-03-07,9730,2024-02-28,1645,015367,,3,2,9,2700,0,3,5,,2,006,"LAURLES GRADE","MARAVILLA DRIVE",50.00,S,N,A,-,N,,,,,,,,,,N,4,0,2,3,A,-,03,22350,,N,C,C,A,A,H,-,A,D,0,,,,,Y,,D,23,0,0,2,0,0,0,0,0,0,"- ","- ",36.5648193359375,-121.75303649902344,MONTEREY,UNINCORPORATED,-121.75337219238281,36.565036773681641
92332830,2024,2024-03-07,9730,2024-02-29,2120,022092,,4,2,9,2700,0,1,2,,1,070,"US-101 SB","TUSTIN ROAD",1320.00,N,N,B,C,Y,MON,,101," "," ",97.168,H,,L,N,3,0,1,2,A,-,01,23152,A,N,C,C,A,B,H,-,D,D,0,,,,,Y,Y,A,01,0,1,0,0,0,0,0,0,0,"- ","- ",36.806640625,-121.64852142333984,MONTEREY,UNINCORPORATED,-121.64854431152344,36.806659698486328
92333427,2024,2024-03-08,9730,2024-02-25,1322,019818,,7,1,9,2700,0,1,3,,1,068,"SR-68 (SALINAS HIGHWAY","YORK DR.",907.00,E,N,A,-,Y,MON,,68," "," ",8.324,H,,R,Y,4,0,2,3,A,-,03,22350,,N,C,C,A,A,H,-,A,D,0,,,,,Y,,D,22,0,0,2,0,0,0,0,0,0,"- ","- ",36.571010589599609,-121.80532836914062,MONTEREY,UNINCORPORATED,-121.80535888671875,36.570919036865234
92333558,2024,2024-03-08,9730,2024-03-01,2224,022129,,5,3,9,2700,0,2,4,,1,023,"CARMEL VALLEY ROAD","COUNTRY CLUB DRIVE",1003.00,E,N,C,-,N,,,,,,,,,,Y,4,0,1,1,A,-,01,23152,A,N,E,I,A,B,H,-,D,D,0,,,,,Y,Y,A,07,0,0,1,0,0,0,0,0,0,"- ","- ",36.489490509033203,-121.74166870117188,MONTEREY,UNINCORPORATED,-121.74609375,36.493732452392578
92333633,2024,2024-03-08,9730,2024-03-02,"835 ",022061,,6,1,9,2700,0,1,2,,1,030,"SB US-101","CTF OVERCROSSING",1320.00,N,N,C,-,Y,MON,,101," "," ",66.681,H,,R,N,3,0,1,1,A,-,08,22107,,N,E,I,A,B,H,-,A,D,0,,,,,Y,,A,07,0,1,0,0,0,0,0,0,0,"- ","- ",36.467109680175781,-121.39201354980469,MONTEREY,UNINCORPORATED,-121.39186096191406,36.467262268066406
92333639,2024,2024-03-08,9730,2024-03-02,1100,019818,,6,1,9,2700,0,1,3,,1,024,"SR68 (HOLMAN HWY)","SFB MORSE",1300.00,E,N,B,C,Y,MON,,68," "," ",2.502,H,,R,Y,3,0,2,2,A,-,05,21460,,N,A,C,A,B,H,-,A,D,0,,,,,Y,,A,01,0,1,1,0,0,0,0,0,0,"- ","- ",36.596118927001953,-121.92163848876953,MONTEREY,UNINCORPORATED,-121.92163848876953,36.596118927001953
92333668,2024,2024-03-08,9730,2024-03-02,1405,020970,,6,2,9,2700,0,3,5,,2,005,"CRAZY HORSE CYN RD","CHAPIN ROAD",2059.00,E,N,C,-,N,,,,,,,,,,Y,4,0,1,3,A,-,03,22350,,N,C,C,A,B,H,-,A,D,0,,,,,Y,,D,22,0,0,1,0,0,0,0,0,0,"- ","- ",36.792659759521484,-121.61366271972656,MONTEREY,UNINCORPORATED,,
92333756,2024,2024-03-08,9730,2024-03-04,1830,022442,,1,2,9,2700,0,1,3,,1,074,"SR-1 S/B","JETTY RD",1920.00,S,N,A,-,Y,MON,,1," "," ",96.639,H,,L,Y,3,0,2,2,A,-,09,21804,A,N,D,C,A,A,H,-,D,A,0,,,,,Y,,A,01,0,1,1,0,0,0,0,0,0,"- ","- ",36.811721801757812,-121.78545379638672,MONTEREY,UNINCORPORATED,-121.78541564941406,36.811725616455078
92333778,2024,2024-03-08,9730,2024-03-02,"502 ",023288,,6,3,9,2700,0,1,3,,2,062,"SR-1 NORTHBOUND","IMJIN PARKWAY",193.00,N,N,C,-,Y,MON,,1," ",R,84.529,H,,R,Y,3,0,1,1,A,-,03,22350,,N,F,I,A,B,H,-,B,D,0,,,,,Y,,A,01,0,1,0,0,0,0,0,0,0,"- ","- ",36.669948577880859,-121.81234741210938,MONTEREY,UNINCORPORATED,-121.81253814697266,36.670021057128906
92334617,2024,2024-03-11,9730,2024-03-02,2228,023216,,6,3,9,2700,0,1,2,,1,070,US-101,"CRAZY HORSE CANYON RD OVERCROSSING",20.00,N,N,B,-,Y,MON,,101," "," ",98.400,H,,R,N,3,0,1,1,A,-,08,22107,,N,F,I,A,B,H,-,D,D,0,,,,,Y,,A,01,0,1,0,0,0,0,0,0,0,"- ","- ",36.818641662597656,-121.63263702392578,MONTEREY,UNINCORPORATED,-121.63249969482422,36.818470001220703
92335092,2024,2024-03-11,9735,2024-03-08,1730,022883,,5,2,9,2700,0,3,5,,2,003,"COUNTY FOOT BRIDGE",US-101,130.00,E,N,A,-,N,,,,,,,,,,N,3,0,1,2,B,-,22,,,F,G,B,E,A,H,-,A,D,0,Y,,Y,,Y,,C,02,0,1,0,0,1,0,0,0,0,"- ","- ",36.202178955078125,-121.14308929443359,MONTEREY,UNINCORPORATED,,
92335876,2024,2024-03-12,9730,2024-03-02,1902,023299,,6,2,9,2700,0,3,5,,2,007,"ECHO VALLEY ROAD","MAHER ROAD",634.00,W,N,C,-,N,,,,,,,,,,Y,2,0,3,1,A,-,01,23152,A,F,E,I,A,B,F,-,D,D,0,,,,,Y,Y,A,01,2,0,1,0,0,0,0,0,0,"- ","- ",36.824180603027344,-121.66741180419922,MONTEREY,UNINCORPORATED,-121.66727447509766,36.824192047119141
92335894,2024,2024-03-12,9730,2024-03-05,1255,018302,,2,1,9,2700,0,2,4,,1,073,"SAN MIGUEL CANYON ROAD","WOODLAND HILLS LANE",1056.00,S,N,B,-,N,,,,,,,,,,Y,4,0,1,1,A,-,08,22107,,N,E,8,A,A,H,-,A,D,0,,,,,Y,,A,01,0,0,1,0,0,0,0,0,0,"- ","- ",36.843578338623047,-121.68952178955078,MONTEREY,UNINCORPORATED,-121.68948364257812,36.843715667724609
92335945,2024,2024-03-12,9730,2024-03-01,2322,023169,,5,3,9,2700,0,1,2,,1,070,"US-101 NB","SAN JUAN ROAD",528.00,S,N,B,C,Y,MON,,101," "," ",100.906,H,,R,Y,3,0,2,1,A,-,03,22350,,N,A,I,A,B,H,-,D,D,0,,,,,Y,,A,07,0,2,0,0,0,0,0,0,0,"- ","- ",36.85260009765625,-121.63497161865234,MONTEREY,UNINCORPORATED,-121.63491058349609,36.852573394775391
92335977,2024,2024-03-12,9730,2024-03-06,"713 ",023584,,3,1,9,2700,0,1,3,,1,068,"STATE ROUTE 68","YORK ROAD",200.00,E,N,A,-,Y,MON,,68," "," ",8.178,H,,R,N,4,0,1,2,A,-,03,22350,,N,C,C,A,C,H,-,A,A,0,,,,,Y,,A,01,0,0,1,0,0,0,0,0,0,"- ","- ",36.571460723876953,-121.807861328125,MONTEREY,UNINCORPORATED,-121.80786895751953,36.571422576904297
92336091,2024,2024-03-12,9730,2024-03-06,"947 ",023584,,3,1,9,2700,0,2,4,,1,073,"SAN MIGUEL CANYON ROAD","HALL ROAD",150.00,S,N,A,-,N,,,,,,,,,,N,4,0,1,2,A,-,03,22350,,N,C,C,A,A,H,-,A,A,0,,,,,Y,,A,08,0,0,1,0,0,0,0,0,0,"- ","- ",36.858898162841797,-121.69499206542969,MONTEREY,UNINCORPORATED,-121.69505310058594,36.858924865722656
92336102,2024,2024-03-12,9730,2024-03-06,1052,023584,,3,1,9,2700,0,2,4,,1,075,"SAN JUAN ROAD","SAN MIGUEL CANYON ROAD",4103.00,W,N,A,-,N,,,,,,,,,,Y,3,0,2,1,A,-,08,22107,,F,E,8,A,A,H,-,A,D,0,,,,,Y,,A,01,0,2,0,0,0,0,0,0,0,"- ","- ",36.904041290283203,-121.70346069335938,MONTEREY,UNINCORPORATED,-121.70370483398438,36.904045104980469
92336145,2024,2024-03-12,9730,2024-03-07,"654 ",023584,,4,1,9,2700,0,3,5,,2,007,"POOLE ST","HAIGHT ST",0.00,,Y,B,-,N,,,,,,,,,,N,3,0,1,2,A,-,12,22450,A,F,D,C,A,A,H,-,A,A,0,,,,,Y,,-,99,0,1,0,0,0,0,0,0,0,"- ","- ",36.767520904541016,-121.75151062011719,MONTEREY,UNINCORPORATED,-121.75150299072266,36.767509460449219
92336156,2024,2024-03-12,9730,2024-03-07,"836 ",018302,,4,1,9,2700,0,1,3,,1,068,"SR-68 (WESTBOUND)","PORTOLA DRIVE",528.00,W,N,B,-,Y,MON,,68," "," ",15.695,H,,R,Y,3,0,3,2,A,-,03,22350,,N,C,C,A,A,H,-,A,D,0,,,,,Y,,A,07,0,1,2,0,0,0,0,0,0,"- ","- ",36.605598449707031,-121.69429016113281,MONTEREY,UNINCORPORATED,-121.69409942626953,36.605518341064453
92336422,2022,2024-03-12,9735,2022-09-29,1449,019745,,4,2,9,2700,0,1,2,,1,040,"UNITED STATES HIGHWAY 101 SOUTHBOUND","UNDERWOOD ROAD",270.00,N,N,A,-,Y,MON,,101,,,51.149,H,,L,Y,1,1,1,2,A,-,08,22107,,N,A,C,A,A,H,-,A,D,0,,,,Y,Y,,A,01,0,0,1,0,0,0,0,0,0,"- ","- ",36.298721313476562,-121.21556091308594,MONTEREY,UNINCORPORATED,-121.21560668945312,36.298648834228516
92336476,2024,2024-03-12,9730,2024-03-08,"625 ",018886,,5,1,9,2700,0,2,4,,1,073,"SAN MIGUEL CANYON ROAD","CORTO SAN MIGUEL",350.00,E,N,A,-,N,,,,,,,,,,Y,3,0,1,2,A,-,05,21460,A,N,B,C,A,A,H,-,A,D,0,,,,Y,Y,,A,01,0,1,0,0,0,0,0,0,0,"- ","- ",36.855751037597656,-121.69368743896484,MONTEREY,UNINCORPORATED,-121.69374084472656,36.855998992919922
92336485,2024,2024-03-12,9730,2024-03-08,"820 ",018886,,5,1,9,2700,0,2,4,,1,073,"SAN MIGUEL CANYON ROAD","CORTO SAN MIGUEL",330.00,E,N,A,-,N,,,,,,,,,,Y,4,0,2,2,A,-,03,22350,,N,C,C,A,A,H,-,A,D,0,,,,,Y,,A,07,0,0,2,0,0,0,0,0,0,"- ","- ",36.855800628662109,-121.69377136230469,MONTEREY,UNINCORPORATED,-121.69377136230469,36.856044769287109
92336494,2024,2024-03-12,9730,2024-03-08,"955 ",019770,,5,1,9,2700,0,1,3,,1,014,"STATE ROUTE 1","CAPTAIN COOPER SCHOOL",1478.00,N,N,A,-,Y,MON,,1," "," ",49.753,H,,R,Y,4,0,1,1,A,-,08,22107,,N,E,I,A,A,H,-,A,D,0,,,,,Y,,A,01,0,0,1,0,0,0,0,0,0,"- ","- ",36.275661468505859,-121.82431030273438,MONTEREY,UNINCORPORATED,-121.82427215576172,36.2757568359375
92338170,2024,2024-03-14,9730,2024-03-06,1226,020576,,3,1,9,2700,0,1,2,,1,070,"US-101 N/B","SALA ROAD",300.00,S,N,C,-,Y,MON,,101," "," ",92.080,H,,R,Y,4,0,2,1,A,-,03,22350,,N,E,I,A,B,H,-,A,D,0,,,,,Y,,A,08,0,0,2,0,0,0,0,0,0,"- ","- ",36.742111206054688,-121.65936279296875,MONTEREY,UNINCORPORATED,-121.65932464599609,36.742122650146484
92338197,2024,2024-03-14,9730,2024-03-07,1547,023216,,4,2,9,2700,0,2,4,,1,023,"CARMEL VALLEY RD","CACHAGUA RD",110.00,E,N,A,-,N,,,,,,,,,,N,2,0,2,3,A,-,01,23152,A,N,A,C,A,A,H,-,A,D,0,,,,,Y,Y,A,07,1,1,0,0,0,0,0,0,0,"- ","- ",36.446159362792969,-121.68129730224609,MONTEREY,UNINCORPORATED,-121.6812744140625,36.446140289306641
92338318,2024,2024-03-14,9730,2024-03-09,1019,018886,,6,1,9,2700,0,3,5,,2,006,"BORONDA ROAD","SAN JON ROAD",1510.00,N,N,A,-,N,,,,,,,,,,Y,4,0,1,1,A,-,08,22107,,N,F,A,A,A,H,-,A,D,0,,,,,Y,,A,07,0,0,1,0,0,0,0,0,0,"- ","- ",36.721218109130859,-121.67974853515625,MONTEREY,UNINCORPORATED,-121.67982482910156,36.721103668212891
92338344,2024,2024-03-14,9730,2024-03-09,1415,018886,,6,2,9,2700,0,1,2,,1,070,"US-101 N/B","MESSICK ROAD",700.00,N,N,A,-,Y,MON,,101," "," ",96.505,H,,R,N,4,0,1,2,A,-,03,22350,,N,C,C,A,A,H,-,A,D,0,,,Y,,Y,,C,02,0,0,1,0,0,0,0,0,1,"- ","- ",36.801830291748047,-121.65865325927734,MONTEREY,UNINCORPORATED,-121.65870666503906,36.801971435546875
92338460,2024,2024-03-14,9730,2024-03-12,"735 ",023317,,2,1,9,2700,0,3,5,,2,006,"RESERVATION RD","BLANCO RD",100.00,N,N,C,-,N,,,,,,,,,,Y,4,0,1,1,A,-,03,22350,,N,E,I,A,B,H,-,A,D,0,,,,,Y,,D,22,0,0,1,0,0,0,0,0,0,"- ","- ",36.667659759521484,-121.75792694091797,MONTEREY,UNINCORPORATED,-121.75698852539062,36.667068481445312
92338690,2024,2024-03-14,9730,2024-03-11,"724 ",020899,,1,1,9,2700,0,2,4,,1,073,"SAN MIGUEL CANYON ROAD","CHARMI LANE",248.00,S,N,B,-,N,,,,,,,,,,N,3,0,1,2,C,-,18,,,N,E,J,A,A,H,-,A,D,0,,,,,Y,,-,"- ",0,1,0,0,0,0,0,0,0,"- ","- ",36.855720520019531,-121.69355010986328,MONTEREY,UNINCORPORATED,-121.69355010986328,36.855735778808594
92339364,2024,2024-03-15,9735,2024-03-14,"745 ",016696,,4,1,9,2700,0,3,5,,2,003,"UNDERWOOD ROAD",US-101,100.00,E,N,A,-,N,,,,,,,,,,Y,4,0,1,2,A,-,05,21650,,N,A,C,A,A,H,-,A,D,0,,,,,Y,,A,01,0,0,1,0,0,0,0,0,0,"- ","- ",36.297298431396484,-121.20996856689453,MONTEREY,UNINCORPORATED,-121.21392059326172,36.298530578613281
9234001,2021,2021-03-17,2708,2021-01-08,1819,25182,,5,5,6,2708,0,0,0,,0,010,"KERN ST","EAST MARKET ST",180.00,S,N,A,-,N,,,,,,,,,,Y,4,0,2,3,A,-,08,22107,,N,-,E,A,A,H,-,C,A,0,,,,Y,Y,,F,26,0,0,2,0,0,0,0,0,0,"- ","- ",,,MONTEREY,SALINAS,-121.64015960693359,36.676898956298828
9234013,2021,2021-03-17,2708,2021-01-12,1517,89835,,2,5,6,2708,0,0,0,,0,,"N WOOD ST","E ALISAL ST",50.00,N,N,A,-,N,,,,,,,,,,N,3,0,1,2,A,-,09,21804,A,N,D,D,A,A,H,-,A,D,0,,,,,Y,Y,D,22,0,1,0,0,0,0,0,0,0,"- ","- ",,,MONTEREY,SALINAS,-121.6353759765625,36.673835754394531
9234021,2021,2021-03-17,2708,2021-01-19,1850,77195,SALIN,2,5,6,2708,0,0,0,,0,004,"EAST BORONDA RD","INDEPENDENCE BL",855.00,W,N,A,-,N,,,,,,,,,,Y,3,0,2,2,A,-,04,21703,,N,C,C,A,A,H,-,D,D,0,,,,,Y,,A,01,0,2,0,0,0,0,0,0,0,"- ","- ",,,MONTEREY,SALINAS,-121.61943054199219,36.715301513671875
92340758,2024,2024-03-18,9730,2024-03-08,"738 ",023299,,5,1,9,2700,0,3,5,,2,007,"HALL ROAD","SILL ROAD",100.00,W,N,A,-,N,,,,,,,,,,Y,3,0,2,3,A,-,03,22350,,N,C,C,A,A,H,-,A,D,0,,,,,Y,,A,07,0,1,1,0,0,0,0,0,0,"- ","- ",36.864170074462891,-121.72295379638672,MONTEREY,UNINCORPORATED,-121.72286987304688,36.864109039306641
92340768,2024,2024-03-18,9730,2024-03-11,1801,023299,,1,2,9,2700,0,3,5,,2,005,"RUSSELL RD","PAUL AVENUE",162.00,W,N,A,-,N,,,,,,,,,,N,4,0,1,2,A,-,03,22350,,N,C,C,A,A,H,-,A,D,0,,,,,Y,,D,22,0,0,1,0,0,0,0,0,0,"- ","- ",36.730701446533203,-121.64282989501953,MONTEREY,UNINCORPORATED,-121.6427001953125,36.730659484863281
92340778,2024,2024-03-18,9730,2024-03-12,"525 ",023646,,2,3,9,2700,0,3,5,,2,002,"CARMEL VALLEY ROAD","EDDY ROAD",390.00,E,N,B,-,N,,,,,,,,,,N,3,0,1,1,A,-,03,22350,,N,E,8,A,B,H,-,D,D,0,,,,,Y,,A,01,0,1,0,0,0,0,0,0,0,"- ","- ",36.522510528564453,-121.80413818359375,MONTEREY,UNINCORPORATED,-121.80146789550781,36.523174285888672
9234134,2020,2021-03-04,2707,2020-12-30,1212,1275,2717,3,5,3,2707,0,0,0,,0,002,"PINE AV","15TH ST",23.00,W,N,A,-,N,,,,,,,,,,N,4,0,1,1,B,-,22,,,N,E,I,A,A,H,-,A,D,0,,,,,Y,,A,01,0,0,1,0,0,0,0,0,0,"- ","- ",,,MONTEREY,"PACIFIC GROVE",-121.91701507568359,36.618328094482422
92341873,2024,2024-03-19,9730,2024-03-13,1302,020899,,3,1,9,2700,0,1,2,,1,030,"NORTHBOUND US-101","GRANT STREET",4805.00,S,N,A,-,Y,MON,,101," "," ",75.803,H,,R,N,4,0,1,3,A,-,03,22350,,N,C,C,A,A,H,-,A,D,0,,,,,Y,,A,01,0,0,1,0,0,0,0,0,0,"- ","- ",36.556228637695312,-121.50473785400391,MONTEREY,UNINCORPORATED,-121.50469207763672,36.556266784667969
92341891,2024,2024-03-19,9730,2024-03-13,1419,023584,,3,2,9,2700,0,1,2,,1,030,"US-101 N/B","BROOME RD",4752.00,S,N,A,-,Y,MON,,101," "," ",74.732,H,,R,Y,4,0,1,3,A,-,03,22350,,N,C,2,A,A,D,-,A,D,0,,,,,Y,,A,01,0,0,1,0,0,0,0,0,0,"- ","- ",36.545009613037109,-121.49147033691406,MONTEREY,UNINCORPORATED,-121.491455078125,36.545017242431641
92341929,2024,2024-03-19,9730,2024-03-14,1304,019127,,4,1,9,2700,0,3,5,,2,006,"SAN JON RD","BORONDA RD",1584.00,W,N,A,-,N,,,,,,,,,,Y,4,0,1,2,A,-,09,21801,A,N,A,C,A,A,H,-,A,D,0,,,,,Y,,D,22,0,0,1,0,0,0,0,0,0,"- ","- ",36.719608306884766,-121.68972015380859,MONTEREY,UNINCORPORATED,-121.68814849853516,36.718902587890625
92341960,2024,2024-03-19,9730,2024-03-15,"913 ",019127,,5,1,9,2700,0,1,2,,1,030,"US-101 N/B","CHUALAR RIVER RD",7920.00,S,N,A,-,Y,MON,,101," "," ",75.188,H,,R,N,3,0,3,2,A,-,01,23152,A,N,C,C,A,A,H,-,A,D,0,,,,,Y,Y,A,01,0,1,2,0,0,0,0,0,0,"- ","- ",36.549728393554688,-121.4971923828125,MONTEREY,UNINCORPORATED,-121.49716949462891,36.54974365234375
92341991,2024,2024-03-19,9730,2024-03-15,2055,022137,,5,2,9,2700,0,3,5,,2,002,"MIRAMONTE RD","CARMEL VALLEY RD",300.00,N,N,A,-,N,,,,,,,,,,Y,2,0,2,1,A,-,01,23152,A,N,F,A,A,A,H,-,D,D,0,,,,,Y,Y,A,07,2,0,0,0,0,0,0,0,0,"- ","- ",36.511459350585938,-121.76976013183594,MONTEREY,UNINCORPORATED,-121.76914215087891,36.510955810546875
92343009,2024,2024-03-20,9730,2024-03-15,1630,023403,,5,2,9,2700,0,1,2,,1,030,"US-101 S/B","SOLEDAD PRISON ROAD",1400.00,N,N,A,-,Y,MON,,101," "," ",66.685,H,,L,Y,4,0,1,3,A,-,08,22107,,N,B,C,A,A,H,-,A,D,0,,,,,Y,,A,01,0,0,1,0,0,0,0,0,0,"- ","- ",36.467109680175781,-121.39212036132812,MONTEREY,UNINCORPORATED,-121.39209747314453,36.467140197753906