CASE_ID,ACCIDENT_YEAR,PROC_DATE,JURIS,COLLISION_DATE,COLLISION_TIME,OFFICER_ID,REPORTING_DISTRICT,DAY_OF_WEEK,CHP_SHIFT,POPULATION,CNTY_CITY_LOC,SPECIAL_COND,BEAT_TYPE,CHP_BEAT_TYPE,CITY_DIVISION_LAPD,CHP_BEAT_CLASS,BEAT_NUMBER,PRIMARY_RD,SECONDARY_RD,DISTANCE,DIRECTION,INTERSECTION,WEATHER_1,WEATHER_2,STATE_HWY_IND,CALTRANS_COUNTY,CALTRANS_DISTRICT,STATE_ROUTE,ROUTE_SUFFIX,POSTMILE_PREFIX,POSTMILE,LOCATION_TYPE,RAMP_INTERSECTION,SIDE_OF_HWY,TOW_AWAY,COLLISION_SEVERITY,NUMBER_KILLED,NUMBER_INJURED,PARTY_COUNT,PRIMARY_COLL_FACTOR,PCF_CODE_OF_VIOL,PCF_VIOL_CATEGORY,PCF_VIOLATION,PCF_VIOL_SUBSECTION,HIT_AND_RUN,TYPE_OF_COLLISION,MVIW,PED_ACTION,ROAD_SURFACE,ROAD_COND_1,ROAD_COND_2,LIGHTING,CONTROL_DEVICE,CHP_ROAD_TYPE,PEDESTRIAN_ACCIDENT,BICYCLE_ACCIDENT,MOTORCYCLE_ACCIDENT,TRUCK_ACCIDENT,NOT_PRIVATE_PROPERTY,ALCOHOL_INVOLVED,STWD_VEHTYPE_AT_FAULT,CHP_VEHTYPE_AT_FAULT,COUNT_SEVERE_INJ,COUNT_VISIBLE_INJ,COUNT_COMPLAINT_PAIN,COUNT_PED_KILLED,COUNT_PED_INJURED,COUNT_BICYCLIST_KILLED,COUNT_BICYCLIST_INJURED,COUNT_MC_KILLED,COUNT_MC_INJURED,PRIMARY_RAMP,SECONDARY_RAMP,LATITUDE,LONGITUDE,COUNTY,CITY,POINT_X,POINT_Y
9325008,2021,2021-09-29,2707,2021-08-29,1454,2313,2707,7,5,3,2707,0,0,0,,0,001,"OCEAN VIEW BL","MARINE ST",62.00,E,N,A,-,N,,,,,,,,,,N,4,0,1,2,A,-,04,21703,,N,C,C,A,A,H,-,A,D,0,,,,,Y,,A,01,0,0,1,0,0,0,0,0,0,"- ","- ",,,MONTEREY,"PACIFIC GROVE",-121.9178466796875,36.626514434814453
9325009,2021,2021-10-06,2707,2021-08-22,2045,2245,2707,7,5,3,2707,0,0,0,,0,001,"CONGRESS AV","JUNIPERO AV",0.00,,Y,A,-,N,,,,,,,,,,Y,4,0,1,2,A,-,09,21802,A,N,D,C,A,A,H,-,D,D,0,,,,,Y,,A,01,0,0,1,0,0,0,0,0,0,"- ","- ",,,MONTEREY,"PACIFIC GROVE",-121.92273712158203,36.617824554443359
9325198,2021,2021-10-20,2712,2021-09-07,0735,1073,,2,5,3,2712,0,0,0,,0,001,"RESERVATION RD","MBEST DR",190.00,E,N,B,-,N,,,,,,,,,,Y,3,0,2,3,A,-,03,22350,,N,C,C,A,A,H,-,A,A,0,,,,,Y,,D,22,0,1,1,0,0,0,0,0,0,"- ","- ",,,MONTEREY,MARINA,-121.76069641113281,36.668903350830078
9325298,2021,2021-10-07,2708,2021-06-30,1747,04125,,3,5,6,2708,0,0,0,,0,012,"WILIAMS RD","WIREN ST",70.00,S,N,A,-,N,,,,,,,,,,Y,3,0,4,2,A,-,09,21801,A,N,D,C,A,A,H,-,A,D,0,,,,,Y,,A,07,0,4,0,0,0,0,0,0,0,"- ","- ",,,MONTEREY,SALINAS,-121.60532379150391,36.680629730224609
93263791,2024,2024-08-01,9730,2024-07-25,1720,023750,,4,2,9,2700,0,2,4,,1,073,"SALINAS ROAD","TRAFTON ROAD",16.00,S,N,A,-,N,,,,,,,,,,N,3,0,1,3,A,-,01,23152,A,M,C,C,A,A,H,-,A,D,0,,,,,Y,Y,A,01,0,1,0,0,0,0,0,0,0,"- ","- ",36.886741638183594,-121.74717712402344,MONTEREY,UNINCORPORATED,-121.74710845947266,36.886745452880859
9327081,2021,2021-10-28,2706,2021-09-20,2021,177,2706,1,5,4,2706,0,0,0,,0,003,"DEL MONTE AV","SLOAT AV",0.00,,Y,A,-,N,,,,,,,,,,Y,4,0,1,3,A,-,01,23153,A,N,C,C,A,A,H,-,C,A,0,,,,,Y,Y,A,01,0,0,1,0,0,0,0,0,0,"- ","- ",,,MONTEREY,MONTEREY,-121.87888336181641,36.599857330322266
9327182,2021,2021-10-13,2712,2021-09-20,0801,1214,2712,1,5,3,2712,0,0,0,,0,001,"RESERVATION RD","DE FOREST RD",100.00,E,N,A,-,N,,,,,,,,,,Y,4,0,1,3,A,-,03,22350,,N,C,C,A,A,H,-,A,A,0,,,,,Y,Y,D,22,0,0,1,0,0,0,0,0,0,"- ","- ",,,MONTEREY,MARINA,-121.79309844970703,36.684600830078125
93294448,2024,2024-08-02,9730,2024-07-25,2332,023829,,4,3,9,2700,0,1,2,,1,030,"CHULAR ROAD","LINCOLN ST",0.00,,Y,A,-,N,,,,,,,,,,Y,3,0,2,2,A,-,09,21802,A,N,D,C,A,A,H,-,D,A,0,,,,,Y,,A,01,0,2,0,0,0,0,0,0,0,"- ","- ",36.573390960693359,-121.51824188232422,MONTEREY,UNINCORPORATED,-121.51827239990234,36.573417663574219
93300338,2024,2024-08-02,9730,2024-07-27,"520 ",022137,,6,3,9,2700,0,3,5,,2,003,"HITCHCOCK RD","DAVIS RD",150.00,S,N,A,-,N,,,,,,,,,,N,4,0,1,1,A,-,08,22107,,N,E,I,A,A,H,-,D,D,0,,,,,Y,,D,22,0,0,1,0,0,0,0,0,0,"- ","- ",36.658588409423828,-121.69155883789062,MONTEREY,UNINCORPORATED,-121.69157409667969,36.658496856689453
93322778,2024,2024-08-02,9730,2024-07-28,"121 ",023288,,7,3,9,2700,0,1,3,,1,066,SR-183,"WALSH STREET",75.00,S,N,A,-,Y,MON,,183," ",R,8.826,H,,R,Y,2,0,2,2,A,-,01,23152,A,N,C,E,A,A,H,-,C,D,0,,,,,Y,Y,A,01,1,0,1,0,0,0,0,0,0,"- ","- ",36.75946044921875,-121.74973297119141,MONTEREY,UNINCORPORATED,-121.74960327148438,36.759571075439453
93337585,2024,2024-08-02,9730,2024-07-28,1803,021165,,7,2,9,2700,0,1,3,,2,062,"BLANCO ROAD","RESERVATION ROAD",80.00,N,N,B,-,N,,,,,,,,,,N,4,0,1,1,A,-,08,22107,,N,E,I,A,A,H,-,A,D,0,,,Y,,Y,,C,02,0,0,1,0,0,0,0,0,1,"- ","- ",36.667320251464844,-121.75695037841797,MONTEREY,UNINCORPORATED,-121.75655364990234,36.667121887207031
93359759,2024,2024-08-02,9730,2024-07-29,"640 ",019529,,1,1,9,2700,0,3,5,,2,007,"STRUVE ROAD","STATE ROUTE 1",1100.00,W,N,A,-,N,,,,,,,,,,N,4,0,1,3,A,-,21,22106,,N,C,2,E,A,H,-,A,D,0,Y,,,,Y,,A,01,0,0,1,0,1,0,0,0,0,"- ","- ",36.830390930175781,-121.78000640869141,MONTEREY,UNINCORPORATED,-121.78005218505859,36.823348999023438
93362468,2024,2024-08-02,9730,2024-07-29,"645 ",019529,,1,1,9,2700,0,1,3,,1,066,"STATE ROUTE 183 (MERRITT STREET)","COOPER STREET",0.00,,Y,B,-,Y,MON,,183," "," ",9.671,H,,R,Y,4,0,1,2,A,-,09,21802,A,N,D,C,A,A,H,-,A,A,0,,,,,Y,,A,01,0,0,1,0,0,0,0,0,0,"- ","- ",36.768039703369141,-121.76113128662109,MONTEREY,UNINCORPORATED,-121.76114654541016,36.768020629882812
93368716,2024,2024-08-02,9730,2024-07-29,1347,020899,,1,1,9,2700,0,1,3,,2,062,"NORTHBOUND SR-1 TO SR-218",SR-218,318.00,S,N,A,-,Y,MON,,1," ",R,79.268,H,,R,N,4,0,1,2,A,-,03,22350,,N,C,C,A,A,H,-,A,D,0,,,,,Y,,A,07,0,0,1,0,0,0,0,0,0,"- ","- ",36.609180450439453,-121.85887908935547,MONTEREY,UNINCORPORATED,-121.85906219482422,36.609333038330078
93372676,2024,2024-08-02,9730,2024-07-30,"530 ",023949,,2,3,6,2708,0,1,2,,1,070,"US - 101 S/B FROM W/B LAUREL DR.","LAUREL DR.",270.00,N,N,A,-,Y,MON,,101," ",R,89.332,H,,L,Y,4,0,1,1,A,-,03,22350,,N,F,A,A,B,H,-,A,D,0,,,Y,,Y,,C,02,0,0,1,0,0,0,0,0,1,"- ","- ",36.698619842529297,-121.66536712646484,MONTEREY,SALINAS,-121.66506195068359,36.698711395263672
9337301,2021,2021-11-23,2704,2021-09-02,0105,4823,2704,4,5,3,2704,0,0,0,,0,001,"ELM AV","12TH ST",0.00,E,N,A,-,N,,,,,,,,,,Y,2,0,2,1,A,-,03,22350,,N,E,I,A,A,H,-,D,D,0,,,,,Y,,A,01,1,1,0,0,0,0,0,0,0,"- ","- ",,,MONTEREY,GREENFIELD,-121.24822235107422,36.313739776611328
9337427,2021,2021-10-02,2704,2021-08-05,1556,6617,2704,4,5,3,2704,0,0,0,,0,002,"OAK AV","OAK AV 400",0.00,,N,A,-,N,,,,,,,,,,Y,4,0,1,2,A,-,09,21801,A,N,H,C,A,B,H,-,A,D,0,,,,,Y,,D,22,0,0,1,0,0,0,0,0,0,"- ","- ",,,MONTEREY,GREENFIELD,-121.23859899999999,36.323524999999997
93376349,2024,2024-08-02,9730,2024-07-29,1518,018302,,1,2,9,2700,0,2,4,,1,073,"SAN MIGUEL CANYON ROAD","CHARMI LANE",0.00,,Y,A,-,N,,,,,,,,,,Y,4,0,2,2,A,-,03,22350,,N,C,C,A,A,H,-,A,D,0,,,,,Y,,D,22,0,0,2,0,0,0,0,0,0,"- ","- ",36.856258392333984,-121.69389343261719,MONTEREY,UNINCORPORATED,-121.69396209716797,36.856330871582031
9337723,2021,2021-10-23,2708,2021-07-23,2112,06240,,5,5,6,2708,0,0,0,,0,011,"ANTIEVA AV","LA CUESTA CT",0.00,,Y,A,-,N,,,,,,,,,,Y,3,0,1,2,A,-,03,22350,,N,D,C,A,A,H,-,C,D,0,,,Y,,Y,,C,02,0,1,0,0,0,0,0,0,1,"- ","- ",,,MONTEREY,SALINAS,-121.605542,36.695148000000003
9337725,2021,2021-10-23,2708,2021-07-06,1333,28603,2708,2,5,6,2708,0,0,0,,0,005,"NORTH MAIN ST","IRIS DR",0.00,,Y,A,-,N,,,,,,,,,,Y,3,0,3,2,A,-,12,21453,A,N,D,C,A,A,H,-,A,A,0,,,,,Y,,A,01,0,2,1,0,0,0,0,0,0,"- ","- ",,,MONTEREY,SALINAS,-121.65223693847656,36.693172454833984
9337726,2021,2021-10-23,2708,2021-07-09,1715,18925,,5,5,6,2708,0,0,0,,0,008,"EAST GABILAN ST","PAJARO ST",0.00,,Y,A,-,N,,,,,,,,,,N,2,0,1,2,A,-,17,21200,A,N,D,G,A,A,H,-,A,D,0,,Y,,,Y,,L,04,1,0,0,0,0,0,1,0,0,"- ","- ",,,MONTEREY,SALINAS,-121.65296173095703,36.675937652587891
9337727,2021,2021-10-23,2708,2021-07-11,1507,79945,,7,5,6,2708,0,0,0,,0,004,"INDEPENDENCE BL","NANTUCKET BL",60.00,S,N,A,-,N,,,,,,,,,,Y,3,0,1,1,A,-,01,23153,A,N,E,I,A,A,H,-,A,A,0,,,,,Y,Y,A,01,0,1,0,0,0,0,0,0,0,"- ","- ",,,MONTEREY,SALINAS,-121.61875152587891,36.710121154785156
9337728,2021,2021-10-23,2708,2021-07-31,2354,90332,SALIN,6,5,6,2708,0,0,0,,0,001,"E BOLIVAR ST","PEREZ ST",0.00,,Y,A,-,N,,,,,,,,,,Y,4,0,1,2,A,-,01,23152,A,N,D,C,A,A,H,-,C,D,0,,,,,Y,Y,A,01,0,0,1,0,0,0,0,0,0,"- ","- ",,,MONTEREY,SALINAS,-121.65449523925781,36.725040435791016
9337729,2021,2021-10-23,2708,2021-07-12,1007,03580,,1,5,6,2708,0,0,0,,0,SN1,"N MAION ST","SAN JUAN GRADE",534.00,N,N,A,-,N,,,,,,,,,,N,4,0,1,2,A,-,10,21950,A,F,G,B,B,A,H,-,A,A,0,Y,,,,Y,,A,01,0,0,1,0,1,0,0,0,0,"- ","- ",,,MONTEREY,SALINAS,-121.65553283691406,36.718410491943359
9337730,2021,2021-10-23,2708,2021-07-11,0520,53260,SALIN,7,5,6,2708,0,0,0,,0,011,"N MADEIRA","FREEDOM PKWY",0.00,,N,B,-,N,,,,,,,,,,N,2,0,1,2,A,-,10,21950,A,F,D,B,B,A,H,-,C,A,0,Y,,,,Y,,-,,1,0,0,0,1,0,0,0,0,"- ","- ",,,MONTEREY,SALINAS,,
9338344,2021,2021-10-19,2708,2021-08-11,1331,52823,,3,5,6,2708,0,0,0,,0,,"RT 183","VILLA ST",0.00,,Y,A,-,Y,MON,5,183,-,-,1.380,I,5,S,N,3,0,2,2,A,-,09,21801,A,N,A,C,A,A,H,-,A,D,0,,,,,Y,,D,22,0,2,0,0,0,0,0,0,0,"- ","- ",,,MONTEREY,SALINAS,-121.66612243652344,36.681419372558594
9338345,2021,2021-09-29,2708,2021-08-08,1530,31968,,7,5,6,2708,0,0,0,,0,012,"NORTH SANBORN RD","KIMMEL ST",0.00,,Y,A,-,N,,,,,,,,,,N,3,0,1,2,A,-,12,21453,A,F,D,C,A,A,H,-,A,A,0,,,,,Y,,-,,0,1,0,0,0,0,0,0,0,"- ","- ",,,MONTEREY,SALINAS,-121.61723327636719,36.685024261474609
9338346,2021,2021-09-29,2708,2021-08-07,0337,77067,,6,5,6,2708,0,0,0,,0,012,"MAYFAIR DR","SOUTH SANBORN RD",1066.00,E,N,A,-,N,,,,,,,,,,Y,3,0,1,4,A,-,01,23152,A,N,B,E,A,A,H,-,C,D,0,,,,,Y,Y,A,01,0,1,0,0,0,0,0,0,0,"- ","- ",,,MONTEREY,SALINAS,-121.62466430664062,36.668979644775391
9338348,2021,2021-09-27,2708,2021-07-19,1530,35826,,1,5,6,2708,0,0,0,,0,012,"EUCALYPTUS DR","E ALISAL ST",0.00,,Y,A,-,N,,,,,,,,,,N,3,0,1,2,A,-,10,21950,A,N,G,B,B,A,H,-,A,D,0,Y,,,,Y,,D,22,0,1,0,0,1,0,0,0,0,"- ","- ",,,MONTEREY,SALINAS,-121.62519073486328,36.67266845703125
9339797,2021,2021-10-27,2706,2021-10-08,1333,129,,5,5,4,2706,0,0,0,,0,,"RT 68","RT 1",0.00,,Y,A,-,Y,MON,5,1,-,R,78.030,R,2,N,Y,4,0,1,1,A,-,08,22107,,N,E,I,A,A,H,-,A,D,0,,,,,Y,,A,01,0,0,1,0,0,0,0,0,0,"- ","- ",,,MONTEREY,MONTEREY,-121.86986541748047,36.594470977783203
9339890,2021,2021-11-04,2703,2021-09-14,1526,4766,2703,2,5,2,2703,0,0,0,,0,ALL,"ELKO ST","ELLIOTT AV",0.00,,Y,A,-,N,,,,,,,,,,N,3,0,1,2,A,-,08,22107,,N,G,B,C,A,H,-,A,A,0,Y,,,,Y,,D,22,0,1,0,0,1,0,0,0,0,"- ","- ",,,MONTEREY,GONZALES,-121.44593048095703,36.513603210449219
9340132,2021,2021-10-25,2708,2021-08-21,1051,76151,SALIN,6,5,6,2708,0,0,0,,0,010,"N SANBORN",EUCALYPTUS,60.00,S,N,B,-,N,,,,,,,,,,Y,3,0,1,2,A,-,09,21802,A,N,D,C,A,A,H,-,A,D,0,,,,,Y,,A,01,0,1,0,0,0,0,0,0,0,"- ","- ",,,MONTEREY,SALINAS,-121.62448120117188,36.680088043212891
9340134,2021,2021-10-14,2708,2021-07-26,1743,71713,,1,5,6,2708,0,0,0,,0,002,"W LAUREL","MANROE ST",80.00,E,N,A,-,N,,,,,,,,,,Y,3,0,1,2,A,-,03,22350,,N,C,C,A,A,H,-,A,A,0,,,Y,,Y,,C,02,0,1,0,0,0,0,0,0,1,"- ","- ",,,MONTEREY,SALINAS,-121.66116333007812,36.698173522949219
9340135,2021,2021-10-13,2708,2021-07-17,2216,47735,,6,5,6,2708,0,0,0,,0,010,"KING ST","ROOSEVELT ST",35.00,N,N,A,-,N,,,,,,,,,,N,3,0,1,2,A,-,11,21954,A,N,G,B,D,A,H,-,D,D,0,Y,,,Y,Y,Y,N,60,0,1,0,0,1,0,0,0,0,"- ","- ",,,MONTEREY,SALINAS,-121.6392822265625,36.675804138183594
9340137,2021,2021-10-08,2708,2021-08-25,1508,35826,,3,5,6,2708,0,0,0,,0,011,"NORTH SANBORN RD","GARNER AV",0.00,,Y,A,-,N,,,,,,,,,,N,4,0,1,3,A,-,12,21453,A,N,D,C,A,A,H,-,A,A,0,,,,,Y,,A,01,0,0,1,0,0,0,0,0,0,"- ","- ",,,MONTEREY,SALINAS,-121.61514282226562,36.686214447021484
9340541,2021,2021-10-07,2704,2021-08-20,2051,6804,2704,5,5,3,2704,0,0,0,,0,001,"EL CAMINO REAL","WALNUT AV",0.00,,Y,A,-,N,,,,,,,,,,Y,4,0,6,2,A,-,12,21453,A,N,D,C,A,A,H,-,C,A,0,,,,,Y,,A,01,0,0,6,0,0,0,0,0,0,"- ","- ",,,MONTEREY,GREENFIELD,-121.24376678466797,36.329425811767578
9340542,2021,2021-10-15,2704,2021-08-14,1102,6804,2704,6,5,3,2704,0,0,0,,0,002,"WALNUT AV","3RD ST",0.00,,Y,A,-,N,,,,,,,,,,Y,4,0,2,1,A,-,03,22350,,N,A,I,A,A,H,-,A,A,0,,,,,Y,,A,07,0,0,2,0,0,0,0,0,0,"- ","- ",,,MONTEREY,GREENFIELD,-121.23927307128906,36.331954956054688
9340543,2021,2021-10-07,2704,2021-08-05,1559,6804,2704,4,5,3,2704,0,0,0,,0,002,"ELM AV","EL CAMINO REAL",0.00,,Y,A,-,N,,,,,,,,,,Y,3,0,2,2,A,-,03,22350,,N,C,C,A,A,H,-,A,A,0,,,,,Y,Y,A,08,0,1,1,0,0,0,0,0,0,"- ","- ",,,MONTEREY,GREENFIELD,-121.2357177734375,36.3206787109375
9341009,2021,2021-10-29,2701,2021-09-16,1140,221,2701,4,5,2,2701,0,0,0,,0,ALL,"OCEAN AV","DEL MAR AV",26.00,E,N,B,-,N,,,,,,,,,,N,3,0,1,2,A,-,21,22106,,N,G,B,F,A,H,-,A,D,0,Y,,,,Y,,A,01,0,1,0,0,1,0,0,0,0,"- ","- ",,,MONTEREY,CARMEL,-121.92945861816406,36.555126190185547
9341690,2021,2021-10-19,2708,2021-04-18,2036,76151,,7,5,6,2708,0,0,0,,0,009,"ABBOTT ST","MALARIN ST",9.00,W,N,A,-,N,,,,,,,,,,N,3,0,1,2,A,-,11,21950,B,N,G,B,B,A,H,-,C,A,0,Y,,,,Y,,N,60,0,1,0,0,1,0,0,0,0,"- ","- ",,,MONTEREY,SALINAS,-121.64171600341797,36.662403106689453
9341691,2021,2021-10-19,2708,2021-04-06,1428,54871,,2,5,6,2708,0,0,0,,0,005,"MARYAL DR","EAST LAUREL DR",0.00,,Y,A,-,N,,,,,,,,,,Y,3,0,1,2,A,-,09,21453,B,N,D,C,A,A,H,-,A,A,0,,,,,Y,,A,01,0,1,0,0,0,0,0,0,0,"- ","- ",,,MONTEREY,SALINAS,-121.64688110351562,36.698230743408203
9342012,2021,2021-10-25,2704,2021-09-28,0642,7478,2704,2,5,3,2704,0,0,0,,0,002,"OAK AV","OAK AV  400 BLOCK",183.00,E,N,A,-,N,,,,,,,,,,N,3,0,2,3,A,-,10,21950,A,N,G,B,D,A,H,-,A,D,0,Y,,,,Y,,A,01,0,1,1,0,2,0,0,0,0,"- ","- ",,,MONTEREY,GREENFIELD,,
9343208,2021,2021-10-07,2708,2021-07-20,1417,76151,SALIN,2,5,6,2708,0,0,0,,0,012,"MACHADO WY","KIMMEL ST",187.00,E,N,A,-,N,,,,,,,,,,Y,4,0,1,4,A,-,03,22350,,M,C,E,A,A,H,-,A,D,0,,,,,Y,,A,01,0,0,1,0,0,0,0,0,0,"- ","- ",,,MONTEREY,SALINAS,-121.61549377441406,36.683917999267578
9343370,2021,2021-10-11,2708,2021-08-17,1909,19003,,2,5,6,2708,0,0,0,,0,010,"E AUSAL ST","HOLADAY AV",0.00,W,N,A,-,N,,,,,,,,,,Y,3,0,1,3,A,-,08,22107,,N,B,C,A,A,H,-,A,D,0,,,,,Y,,A,01,0,1,0,0,0,0,0,0,0,"- ","- ",,,MONTEREY,SALINAS,-121.62906646728516,36.673076629638672
9343371,2021,2021-10-11,2708,2021-08-24,2255,74686,,2,5,6,2708,0,0,0,,0,010,"E ALISAL ST","S FILICE ST",90.00,W,N,A,-,N,,,,,,,,,,N,3,0,1,2,A,-,01,23152,A,N,C,E,A,A,H,-,C,A,0,,,,,Y,Y,A,01,0,1,0,0,0,0,0,0,0,"- ","- ",,,MONTEREY,SALINAS,-121.63068389892578,36.673221588134766
9343373,2021,2021-10-11,2708,2021-08-24,1628,5912,SALIN,2,5,6,2708,0,0,0,,0,009,"SAN MIGUEL AV","SAN JUAN DR",0.00,,Y,B,-,N,,,,,,,,,,Y,4,0,2,2,A,-,09,21800,A,N,D,C,A,A,H,-,A,A,0,,,,,Y,,A,01,0,0,2,0,0,0,0,0,0,"- ","- ",36.397598266601562,-121.39040374755859,MONTEREY,SALINAS,-121.65488433837891,36.658817291259766
9343374,2021,2021-10-11,2708,2021-08-20,1046,03580,,5,5,6,2708,0,0,0,,0,SN12,"BARDIN RD","CROSS AV",0.00,,Y,A,-,N,,,,,,,,,,Y,4,0,1,2,A,-,09,21804,A,F,D,C,A,A,H,-,A,A,0,,,,,Y,,A,01,0,0,1,0,0,0,0,0,0,"- ","- ",,,MONTEREY,SALINAS,-121.60617828369141,36.678718566894531
9343375,2021,2021-10-11,2708,2021-08-24,1622,28606,,2,5,6,2708,0,0,0,,0,008,"E MARKET","SHERWOOD DR",229.00,E,N,A,-,N,,,,,,,,,,Y,2,0,2,2,A,-,07,21658,A,N,G,B,F,A,H,-,A,A,0,Y,,,,Y,,A,01,1,0,1,0,1,0,0,0,0,"- ","- ",,,MONTEREY,SALINAS,-121.64924621582031,36.678451538085938
9343376,2021,2021-10-11,2708,2021-08-04,0900,31977,,3,5,6,2708,0,0,0,,0,007,"HOMESTEAD AV","IVERSON ST",0.00,,Y,A,-,N,,,,,,,,,,N,4,0,1,2,A,-,04,21703,,N,C,C,A,A,H,-,A,D,0,,,,,Y,,-,,0,0,1,0,0,0,0,0,0,"- ","- ",,,MONTEREY,SALINAS,-121.66280364990234,36.669601440429688
9343377,2021,2021-10-11,2708,2021-08-17,1805,00589,NORTH,2,5,6,2708,0,0,0,,0,005,"NORTH MAIN ST","EAST LAUREL DR",0.00,,Y,A,-,N,,,,,,,,,,N,3,0,1,2,A,-,12,21453,A,N,-,G,A,A,-,-,A,A,0,,Y,,,Y,,L,04,0,1,0,0,0,0,1,0,0,"- ","- ",,,MONTEREY,SALINAS,-121.65180969238281,36.699317932128906
9343378,2021,2021-10-11,2708,2021-08-26,1804,03580,,4,5,6,2708,0,0,0,,0,SN4,"EAST LAUREL DR","NATIVIDAD RD",200.00,E,N,A,-,N,,,,,,,,,,N,4,0,1,2,A,-,03,22350,,N,C,C,A,A,H,-,A,A,0,,,,,Y,,A,01,0,0,1,0,0,0,0,0,0,"- ","- ",,,MONTEREY,SALINAS,-121.63764190673828,36.696163177490234
9343594,2021,2021-10-27,2707,2021-09-10,1305,2190,2707,5,5,3,2707,0,0,0,,0,001,"17 MILE DR","SINEX AV",130.00,S,N,B,-,N,,,,,,,,,,N,4,0,1,2,A,-,21,22106,,N,H,F,A,A,H,-,A,D,0,,Y,,,Y,,A,07,0,0,1,0,0,0,1,0,0,"- ","- ",,,MONTEREY,"PACIFIC GROVE",-121.93130493164062,36.617805480957031
9343669,2021,2021-10-20,2707,2021-08-31,1332,2313,2707,2,5,3,2707,0,0,0,,0,002,"LAWTON AV","MONTECITO AV",170.00,W,N,A,-,N,,,,,,,,,,Y,4,0,1,1,A,-,00,14601,A,N,E,I,A,A,H,-,A,D,0,,,,,Y,,A,01,0,0,1,0,0,0,0,0,0,"- ","- ",,,MONTEREY,"PACIFIC GROVE",-121.93381500244141,36.600620269775391
9343721,2021,2021-10-11,2708,2021-06-17,1725,88215,,4,5,6,2708,0,0,0,,0,004,"EAST LAUREL DR","NATIVIDAD RD",0.00,E,N,A,-,N,,,,,,,,,,Y,3,0,2,4,A,-,03,22350,A,N,C,C,A,A,H,-,A,D,0,,,,,Y,,A,07,0,2,0,0,0,0,0,0,0,"- ","- ",,,MONTEREY,SALINAS,-121.63829040527344,36.696331024169922
9343722,2021,2021-10-11,2708,2021-06-21,1251,03580,,1,5,6,2708,0,0,0,,0,SN1,"NORTH MAIN ST","E BORANDALO",456.00,S,N,A,-,N,,,,,,,,,,Y,4,0,1,2,A,-,03,22350,,N,C,C,A,A,H,-,A,A,0,,,,,Y,,A,07,0,0,1,0,0,0,0,0,0,"- ","- ",,,MONTEREY,SALINAS,-120.34073638916016,38.266510009765625
9343723,2021,2021-10-11,2708,2021-06-22,1518,06235,,2,5,6,2708,0,0,0,,0,006,"POST DR","DAVIS RD",30.00,W,N,A,-,N,,,,,,,,,,Y,3,0,1,1,A,-,08,22107,,N,E,I,A,A,H,-,A,A,0,,,,,Y,,A,01,0,1,0,0,0,0,0,0,0,"- ","- ",,,MONTEREY,SALINAS,-121.66886901855469,36.696098327636719
9343724,2021,2021-10-11,2708,2021-06-07,0806,49532,SALIN,1,5,6,2708,0,0,0,,0,007,"IVERSON ST","WEST ACACIA ST",450.00,S,N,A,-,N,,,,,,,,,,N,3,0,1,2,A,-,05,21202,A,N,H,G,A,A,H,-,A,A,0,,Y,,,Y,,L,04,0,1,0,0,0,0,1,0,0,"- ","- ",,,MONTEREY,SALINAS,-121.66523742675781,36.665355682373047
9343725,2021,2021-10-11,2708,2021-06-20,1403,74137,,7,5,6,2708,0,0,0,,0,011,"NORTH SANBORN RD","GARNER AV",655.00,N,N,A,-,N,,,,,,,,,,Y,3,0,1,2,A,-,09,21804,A,N,D,C,A,A,H,-,A,D,0,,,,,Y,,A,01,0,1,0,0,0,0,0,0,0,"- ","- ",,,MONTEREY,SALINAS,-121.61330413818359,36.687236785888672
9343726,2021,2021-10-11,2708,2021-06-01,1726,88215,,2,5,6,2708,0,0,0,,0,003,"EL DORADO DR","NAPA WAY",85.00,N,N,B,-,N,,,,,,,,,,N,3,0,1,2,A,-,03,22350,,N,C,C,A,A,H,-,A,D,0,,,,,Y,,A,01,0,1,0,0,0,0,0,0,0,"- ","- ",,,MONTEREY,SALINAS,-121.63687896728516,36.7078857421875
9343727,2021,2021-10-11,2708,2021-06-27,0741,54370,EAST,7,5,6,2708,0,0,0,,0,012,"GARNER AV","SANBORN RD",0.00,N,N,A,-,N,,,,,,,,,,Y,4,0,1,2,A,-,12,21453,A,N,D,C,A,A,H,-,A,A,0,,,,,Y,,A,01,0,0,1,0,0,0,0,0,0,"- ","- ",,,MONTEREY,SALINAS,-121.61514282226562,36.686214447021484
9345571,2021,2021-10-21,2708,2021-06-22,1539,30301,,2,5,6,2708,0,0,0,,0,,"EAST BORONDA RD","NATIVIDAD RD",400.00,W,N,A,-,N,,,,,,,,,,Y,3,0,1,2,A,-,09,21801,A,N,D,C,A,A,H,-,A,D,0,,,,,Y,,-,,0,1,0,0,0,0,0,0,0,"- ","- ",,,MONTEREY,SALINAS,-121.62500762939453,36.715721130371094
9346079,2021,2021-11-02,2706,2021-10-18,1131,121,MPD,1,5,4,2706,0,0,0,,0,003,"RAMONA AV","RAMONA AV 520",0.00,,N,A,-,N,,,,,,,,,,N,3,0,1,2,D,-,00,,,N,G,B,F,A,H,-,A,D,0,Y,,,Y,Y,,-,"- ",0,1,0,0,1,0,0,0,0,"- ","- ",,,MONTEREY,MONTEREY,-121.85746765136719,36.598175048828125
9347073,2021,2021-12-07,2710,2021-08-09,0948,40416,9,1,5,4,2710,0,0,0,,0,02A,"CANYON DEL REY BL","FREMONT BL",0.00,,Y,A,-,N,,,,,,,,,,N,4,0,1,4,A,-,03,22350,A,M,C,C,A,A,H,-,A,A,0,,,,,Y,,A,01,0,0,1,0,0,0,0,0,0,"- ","- ",,,MONTEREY,SEASIDE,-121.85076904296875,36.598823547363281