CASE_ID,ACCIDENT_YEAR,PROC_DATE,JURIS,COLLISION_DATE,COLLISION_TIME,OFFICER_ID,REPORTING_DISTRICT,DAY_OF_WEEK,CHP_SHIFT,POPULATION,CNTY_CITY_LOC,SPECIAL_COND,BEAT_TYPE,CHP_BEAT_TYPE,CITY_DIVISION_LAPD,CHP_BEAT_CLASS,BEAT_NUMBER,PRIMARY_RD,SECONDARY_RD,DISTANCE,DIRECTION,INTERSECTION,WEATHER_1,WEATHER_2,STATE_HWY_IND,CALTRANS_COUNTY,CALTRANS_DISTRICT,STATE_ROUTE,ROUTE_SUFFIX,POSTMILE_PREFIX,POSTMILE,LOCATION_TYPE,RAMP_INTERSECTION,SIDE_OF_HWY,TOW_AWAY,COLLISION_SEVERITY,NUMBER_KILLED,NUMBER_INJURED,PARTY_COUNT,PRIMARY_COLL_FACTOR,PCF_CODE_OF_VIOL,PCF_VIOL_CATEGORY,PCF_VIOLATION,PCF_VIOL_SUBSECTION,HIT_AND_RUN,TYPE_OF_COLLISION,MVIW,PED_ACTION,ROAD_SURFACE,ROAD_COND_1,ROAD_COND_2,LIGHTING,CONTROL_DEVICE,CHP_ROAD_TYPE,PEDESTRIAN_ACCIDENT,BICYCLE_ACCIDENT,MOTORCYCLE_ACCIDENT,TRUCK_ACCIDENT,NOT_PRIVATE_PROPERTY,ALCOHOL_INVOLVED,STWD_VEHTYPE_AT_FAULT,CHP_VEHTYPE_AT_FAULT,COUNT_SEVERE_INJ,COUNT_VISIBLE_INJ,COUNT_COMPLAINT_PAIN,COUNT_PED_KILLED,COUNT_PED_INJURED,COUNT_BICYCLIST_KILLED,COUNT_BICYCLIST_INJURED,COUNT_MC_KILLED,COUNT_MC_INJURED,PRIMARY_RAMP,SECONDARY_RAMP,LATITUDE,LONGITUDE,COUNTY,CITY,POINT_X,POINT_Y
9436494,2022,2022-05-16,2712,2022-04-21,1619,1214,2712,4,5,3,2712,0,0,0,,0,001,"IMJIN PW","MARINA HEIGHTS DR",1250.00,N,N,B,-,N,,,,,,,,,,Y,3,0,1,2,A,-,03,22350,,N,C,C,A,A,H,-,A,D,0,,,,,Y,,A,01,0,1,0,0,0,0,0,0,0,"- ","- ",,,MONTEREY,MARINA,-121.77988433837891,36.663761138916016
94365472,2024,2024-08-22,9730,2024-08-16,"809 ",023299,,5,1,9,2700,0,3,5,,2,005,"PENZANCE STREET","SAN JUAN GRADE ROAD",0.00,,Y,A,-,N,,,,,,,,,,Y,4,0,1,2,A,-,09,21802,A,N,D,C,A,A,H,-,A,D,0,,,,,Y,,A,07,0,0,1,0,0,0,0,0,0,"- ","- ",36.731800079345703,-121.63960266113281,MONTEREY,UNINCORPORATED,-121.63973999023438,36.731861114501953
94365493,2024,2024-08-22,9730,2024-08-16,"832 ",019127,,5,1,9,2700,0,3,5,,2,006,"PORTOLA DR","TORERO DR",25.00,W,N,A,-,N,,,,,,,,,,Y,4,0,1,2,A,-,03,22350,,N,C,C,A,A,H,-,A,D,0,,,,,Y,,A,01,0,0,1,0,0,0,0,0,0,"- ","- ",36.594478607177734,-121.70584869384766,MONTEREY,UNINCORPORATED,-121.70570373535156,36.594501495361328
94365540,2024,2024-08-22,9730,2024-08-16,1626,023750,,5,2,9,2700,0,1,3,,2,062,SR-1,SR-68,2482.00,S,N,A,-,Y,MON,,1," ",R,77.676,H,,R,Y,4,0,1,4,A,-,03,22350,,N,C,C,A,A,H,-,A,D,0,,,,,Y,,D,22,0,0,1,0,0,0,0,0,0,"- ","- ",36.593391418457031,-121.87600708007812,MONTEREY,UNINCORPORATED,-121.87603759765625,36.593460083007812
94365553,2024,2024-08-22,9730,2024-08-16,1743,023678,,5,2,9,2700,0,1,2,,1,050,"US-101 S/B","N. MAIN ST",2640.00,N,N,A,-,Y,MON,,101," ",R,88.784,H,,L,N,4,0,1,2,A,-,03,22350,,N,C,C,A,A,H,-,A,D,0,,,,,Y,,A,01,0,0,1,0,0,0,0,0,0,"- ","- ",36.691959381103516,-121.66007232666016,MONTEREY,UNINCORPORATED,-121.66007995605469,36.691951751708984
94365730,2024,2024-08-22,9730,2024-08-19,"520 ",023949,,1,3,9,2700,0,3,5,,2,004,"GLORIA RD.","TAVERNETTI ROAD",0.00,,Y,A,-,N,,,,,,,,,,Y,3,0,1,1,A,-,03,22350,,N,E,I,A,A,H,-,D,A,0,,,,,Y,,A,01,0,1,0,0,0,0,0,0,0,"- ","- ",36.494289398193359,-121.427490234375,MONTEREY,UNINCORPORATED,-121.42520904541016,36.492389678955078
94365843,2024,2024-08-22,9730,2024-08-18,"550 ",019127,,7,3,9,2700,0,3,5,,2,007,"CASTROVILLE BLVD","TIMEVIEW WAY",0.00,,Y,B,-,N,,,,,,,,,,N,3,0,1,1,A,-,08,22107,,N,E,8,A,A,H,-,B,D,0,,,,,Y,,D,22,0,1,0,0,0,0,0,0,0,"- ","- ",36.806259155273438,-121.67648315429688,MONTEREY,UNINCORPORATED,-121.67649078369141,36.806201934814453
94370303,2024,2024-08-26,9730,2024-08-13,1957,023216,,2,2,9,2700,0,3,5,,2,005,"CRAZY HORSE CANYON RD","WILD HORSE RD",210.00,E,N,A,-,N,,,,,,,,,,N,3,0,2,1,A,-,01,23152,A,N,F,I,A,A,H,-,A,D,0,,,,,Y,Y,A,01,0,2,0,0,0,0,0,0,0,"- ","- ",36.808101654052734,-121.62232971191406,MONTEREY,UNINCORPORATED,-121.62239074707031,36.808063507080078
94371203,2024,2024-08-27,9735,2024-08-21,"620 ",021988,,3,1,9,2700,0,3,5,,2,003,"FREEMAN FLAT ROAD","HAMILTON CANYON ROAD",145.00,W,N,A,-,N,,,,,,,,,,Y,4,0,1,1,A,-,08,22107,,N,E,8,A,A,H,-,A,D,0,,,,,Y,,A,07,0,0,1,0,0,0,0,0,0,"- ","- ",36.176460266113281,-121.03479766845703,MONTEREY,UNINCORPORATED,,
94371622,2024,2024-08-27,9730,2024-08-15,"739 ",015367,,4,1,9,2700,0,1,3,,1,068,"STATE ROUTE 68","SAN BENANCIO ROAD",450.00,E,N,A,-,Y,MON,,68," "," ",13.408,H,,R,N,4,0,2,3,A,-,03,22350,,N,C,C,A,A,H,-,A,A,0,,,,,Y,,A,01,0,0,2,0,0,0,0,0,0,"- ","- ",36.580471038818359,-121.71961212158203,MONTEREY,UNINCORPORATED,-121.71958923339844,36.5804443359375
9437260,2022,2022-06-02,2712,2022-04-28,0812,1214,2712,4,5,3,2712,0,0,0,,0,001,"PARSON CIR","REINDOLLAR AV",0.00,,Y,A,-,N,,,,,,,,,,Y,4,0,1,1,B,-,22,,,N,E,I,A,A,H,-,A,A,0,,,,,Y,,A,07,0,0,1,0,0,0,0,0,0,"- ","- ",,,MONTEREY,MARINA,-121.79489135742188,36.675838470458984
94372754,2024,2024-08-28,9730,2024-08-16,1913,023750,,5,2,9,2700,0,1,3,,2,062,"SR-1 NORTHBOUND",SR-218,1056.00,S,N,A,-,Y,MON,,1," ",R,79.116,H,,R,N,3,0,1,2,A,-,07,21658,A,M,B,C,A,A,H,-,A,D,0,,,,,Y,Y,A,01,0,1,0,0,0,0,0,0,0,"- ","- ",36.607559204101562,-121.86048889160156,MONTEREY,UNINCORPORATED,-121.86051940917969,36.607566833496094
94372826,2024,2024-08-28,9730,2024-08-08,1623,023317,,4,2,9,2700,0,1,3,,1,072,SR-156,SR-183,350.00,E,N,A,-,Y,MON,,156," ",R,1.251,H,,R,Y,3,0,1,2,A,-,07,21658,A,N,B,C,A,A,H,-,A,D,0,,,Y,,Y,,A,01,0,1,0,0,0,0,0,0,1,"- ","- ",36.762741088867188,-121.75070190429688,MONTEREY,UNINCORPORATED,-121.75066375732422,36.762718200683594
94372910,2024,2024-08-28,9730,2024-08-17,"715 ",021776,,6,1,9,2700,0,1,3,,1,022,SR-1,"RILEY RANCH ROAD",1056.00,N,N,B,-,Y,MON,,1," "," ",70.806,H,,R,Y,4,0,1,1,C,-,18,,,N,E,H,A,A,H,-,A,D,0,,,,,Y,,-,"- ",0,0,1,0,0,0,0,0,0,"- ","- ",36.519889831542969,-121.93203735351562,MONTEREY,UNINCORPORATED,-121.93199920654297,36.519832611083984
94372973,2024,2024-08-28,9730,2024-08-19,1848,020233,,1,2,9,2700,0,2,4,,2,063,"BLANCO ROAD","HITCHCOCK ROAD",1056.00,E,N,A,-,N,,,,,,,,,,Y,4,0,1,1,A,-,01,23152,A,N,E,I,A,A,H,-,A,D,0,,,,,Y,Y,A,07,0,0,1,0,0,0,0,0,0,"- ","- ",36.674308776855469,-121.69853210449219,MONTEREY,UNINCORPORATED,-121.69873809814453,36.674507141113281
9437308,2022,2022-05-19,2712,2022-04-27,1323,1215,2712,3,5,3,2712,0,0,0,,0,001,"IMJIN PKWY","CALIFORNIA AV",10.00,S,N,A,-,N,,,,,,,,,,Y,3,0,2,2,A,-,09,21453,C,N,D,C,A,A,H,-,A,A,0,,,,,Y,,A,01,0,1,1,0,0,0,0,0,0,"- ","- ",,,MONTEREY,MARINA,-121.79673767089844,36.666286468505859
94374080,2024,2024-08-28,9730,2024-08-19,"750 ",022137,,1,1,9,2700,0,3,5,,2,002,"RIO RD","CROSSROADS BLVD",0.00,,Y,A,-,N,,,,,,,,,,Y,4,0,2,2,A,-,12,21453,A,N,D,C,A,A,H,-,A,A,0,,,,,Y,,-,"- ",0,0,2,0,0,0,0,0,0,"- ","- ",36.538639068603516,-121.90863800048828,MONTEREY,UNINCORPORATED,-121.90956115722656,36.539035797119141
94375712,2024,2024-08-29,9735,2024-08-27,"235 ",022742,,2,3,9,2700,0,1,2,,1,040,"US-101 NORTHBOUND","DOUD ROAD",0.00,,Y,A,-,Y,MON,,101," "," ",58.499,H,,R,Y,4,0,1,2,A,-,09,21801,A,N,D,C,A,A,H,-,D,D,0,,,,,Y,,A,07,0,0,1,0,0,0,0,0,0,"- ","- ",36.380718231201172,-121.29757690429688,MONTEREY,UNINCORPORATED,-121.29746246337891,36.380809783935547
94375942,2024,2024-08-29,9730,2024-08-17,1602,023299,,6,2,9,2700,0,1,2,,1,070,"US-101 NORTHBOUND","SAN JUAN ROAD",4198.00,S,N,A,-,Y,MON,,101," "," ",100.629,H,,R,N,4,0,1,2,A,-,07,21658,A,N,B,C,A,A,H,-,A,D,0,,,,,Y,,A,07,0,0,1,0,0,0,0,0,0,"- ","- ",36.848628997802734,-121.63600921630859,MONTEREY,UNINCORPORATED,-121.635986328125,36.8486328125
94375987,2024,2024-08-29,9730,2024-08-18,1232,023299,,7,1,9,2700,0,1,2,,1,070,"US-101 SOUTHBOUND",SR-156,1056.00,N,N,A,-,Y,MON,,101," "," ",95.691,H,,L,N,4,0,1,2,A,-,03,22350,,N,C,C,A,A,H,-,A,D,0,,,,,Y,,A,07,0,0,1,0,0,0,0,0,0,"- ","- ",36.793281555175781,-121.66693115234375,MONTEREY,UNINCORPORATED,-121.66689300537109,36.79327392578125
94375997,2024,2024-08-29,9730,2024-08-19,1923,023439,,1,2,4,2706,0,1,3,,2,062,"SR-1 NORTHBOUND","IRIS CANYON UNDERCROSSING",406.00,N,N,A,-,Y,MON,,1," ",R,76.564,H,,R,N,2,0,1,2,A,-,08,22107,,N,C,C,A,A,H,-,A,D,0,,,,,Y,,D,22,1,0,0,0,0,0,0,0,0,"- ","- ",36.583290100097656,-121.889892578125,MONTEREY,MONTEREY,-121.88990020751953,36.583339691162109
94376063,2024,2024-08-30,9730,2024-08-20,"540 ",023949,,2,3,9,2700,0,3,5,,2,007,"MURPHY RD.","OF THE SOUTH EDGE LINE OF PAJARO RIVER BRIDGE",224.00,S,N,A,-,N,,,,,,,,,,Y,3,0,1,1,A,-,03,22350,,N,E,I,A,A,H,-,A,D,0,,,,,Y,,A,01,0,1,0,0,0,0,0,0,0,"- ","- ",36.905200958251953,-121.67623138427734,MONTEREY,UNINCORPORATED,,
94377182,2024,2024-09-02,9730,2024-08-21,"210 ",022061,,3,3,9,2700,0,3,5,,2,004,"ESPERANZA ROAD","OLD STAGE ROAD",1584.00,W,N,A,-,N,,,,,,,,,,N,4,0,1,1,C,-,18,,,N,E,J,A,A,H,-,D,D,0,,,,,Y,,-,"- ",0,0,1,0,0,0,0,0,0,"- ","- ",36.601371765136719,-121.51850891113281,MONTEREY,UNINCORPORATED,-121.51766204833984,36.601837158203125
94378207,2024,2024-09-02,9730,2024-08-29,"908 ",023403,,4,1,9,2700,0,3,5,,2,007,"ELKHORN ROAD","KIRBY ROAD",536.00,N,N,A,-,N,,,,,,,,,,Y,4,0,1,1,A,-,01,23152,A,N,E,I,A,A,H,-,A,D,0,,,,,Y,Y,-,"- ",0,0,1,0,0,0,0,0,0,"- ","- ",36.843719482421875,-121.7442626953125,MONTEREY,UNINCORPORATED,-121.74403381347656,36.843696594238281
94378234,2024,2024-09-02,9730,2024-08-24,1059,023299,,6,1,9,2700,0,1,3,,1,072,SR-156,"OAK HILLS DRIVE",0.00,,Y,A,-,Y,MON,,156," "," ",3.057,H,,R,Y,3,0,4,2,A,-,09,21802,A,N,D,C,A,A,H,-,A,D,0,,,,,Y,,A,01,0,3,1,0,0,0,0,0,0,"- ","- ",36.779960632324219,-121.70364379882812,MONTEREY,UNINCORPORATED,-121.70361328125,36.779895782470703
94378445,2024,2024-09-02,9730,2024-08-21,1714,023439,,3,2,9,2700,0,3,5,,2,007,"ELKHORN RD","SPRINGPOINT RD",20.00,S,N,A,-,N,,,,,,,,,,N,3,0,1,3,A,-,03,22350,,N,C,C,A,A,H,-,A,D,0,,,,,Y,,D,22,0,1,0,0,0,0,0,0,0,"- ","- ",36.803131103515625,-121.72222900390625,MONTEREY,UNINCORPORATED,-121.72228240966797,36.803176879882812
94378881,2024,2024-09-04,9730,2024-08-20,2132,023216,,2,2,9,2700,0,3,5,,2,007,"SALINAS RD","RAILROAD AVE",0.00,,Y,A,-,N,,,,,,,,,,N,3,0,1,2,A,-,09,21802,A,F,G,G,A,A,H,-,D,A,0,,Y,,,Y,,-,99,0,1,0,0,0,0,1,0,0,"- ","- ",36.895809173583984,-121.74761962890625,MONTEREY,UNINCORPORATED,-121.74776458740234,36.895706176757812
94379501,2024,2024-09-03,9730,2024-08-22,"828 ",023949,,4,1,9,2700,0,2,4,,2,063,"BLANCO RD","RESERVATION ROAD",4541.00,E,N,B,-,N,,,,,,,,,,Y,2,0,1,2,A,-,03,22350,,N,D,C,A,A,H,-,A,D,0,,,Y,Y,Y,,C,02,1,0,0,0,0,0,0,0,1,"- ","- ",36.677078247070312,-121.7476806640625,MONTEREY,UNINCORPORATED,-121.74781799316406,36.677024841308594
94379789,2024,2024-09-03,9730,2024-06-09,"428 ",023299,,7,3,4,2706,0,3,5,,2,006,"ESPINOSA ROAD","STATE ROUTE 183",2438.00,E,N,A,-,N,,,,,,,,,,Y,1,1,0,2,A,-,11,21954,A,N,G,B,E,A,H,-,D,D,0,Y,,,,Y,,N,60,0,0,0,1,0,0,0,0,0,"- ","- ",36.742591857910156,-121.73371124267578,MONTEREY,MONTEREY,-121.73278045654297,36.742496490478516
94379807,2024,2024-09-03,9730,2024-08-23,"19  ",023317,,5,3,9,2700,0,1,3,,1,012,SR-1,"LITTLE SUR RIVER",750.00,N,N,A,-,Y,MON,,1," "," ",56.385,H,,R,Y,3,0,1,1,A,-,01,23152,A,N,E,I,A,A,H,-,D,D,0,,,,,Y,Y,A,07,0,1,0,0,0,0,0,0,0,"- ","- ",36.334999084472656,-121.88847351074219,MONTEREY,UNINCORPORATED,-121.88851165771484,36.334911346435547
94379827,2024,2024-09-03,9730,2024-08-23,1440,021776,,5,2,9,2700,0,2,4,,2,063,"W. BLANCO ROAD","S. DAVIS ROAD",0.00,,Y,B,-,N,,,,,,,,,,Y,4,0,1,2,A,-,12,21453,A,N,D,C,A,A,H,-,A,A,0,,,,,Y,,D,22,0,0,1,0,0,0,0,0,0,"- ","- ",36.666751861572266,-121.68512725830078,MONTEREY,UNINCORPORATED,-121.68511199951172,36.666801452636719
94379870,2024,2024-09-03,9730,2024-08-23,1434,018886,,5,2,9,2700,0,1,3,,1,072,SR-156,"PRUNEDALE NORTH ROAD",85.00,W,N,A,-,Y,MON,,156," ",T,4.994,H,,R,Y,3,0,1,2,A,-,08,22107,,N,D,C,A,A,H,-,A,D,0,,,,Y,Y,,F,26,0,1,0,0,0,0,0,0,0,"- ","- ",36.788768768310547,-121.67115020751953,MONTEREY,UNINCORPORATED,-121.67115783691406,36.788715362548828
94380286,2024,2024-09-05,9730,2024-08-21,1444,023949,,3,2,9,2700,0,1,2,,1,070,"US-101 S/B","REESE CIRCLE",55.00,S,N,A,-,Y,MON,,101," "," ",94.247,H,,L,Y,3,0,1,3,A,-,07,21658,A,N,C,C,A,A,D,-,A,D,0,,,,,Y,,A,01,0,1,0,0,0,0,0,0,0,"- ","- ",36.772380828857422,-121.66905975341797,MONTEREY,UNINCORPORATED,-121.66929626464844,36.772369384765625
94380925,2024,2024-09-04,9730,2024-08-21,1304,023949,,3,1,9,2700,0,1,3,,1,066,SR-183,"MCFADDEN ROAD",528.00,S,N,A,-,N,,,,,,,,,,Y,2,0,2,2,A,-,05,21651,A,N,A,C,A,A,D,-,A,D,0,,,,,Y,,A,01,2,0,0,0,0,0,0,0,0,"- ","- ",36.695400238037109,-121.6988525390625,MONTEREY,UNINCORPORATED,-121.69882202148438,36.695446014404297
94381173,2024,2024-09-04,9730,2024-08-23,"657 ",019127,,5,1,9,2700,0,1,3,,1,068,SR-68,"TORO CREEK RD",528.00,W,N,A,-,Y,MON,,68," "," ",13.997,H,,R,N,4,0,1,2,A,-,03,22350,,N,C,C,A,A,H,-,A,D,0,,,,,Y,,D,22,0,0,1,0,0,0,0,0,0,"- ","- ",36.586109161376953,-121.71221160888672,MONTEREY,UNINCORPORATED,-121.71218109130859,36.586105346679688
94381511,2024,2024-09-04,9735,2024-09-03,"550 ",023994,,2,3,9,2700,0,1,2,,1,040,US-101,"ARROYO SECO ROAD O/C",3168.00,N,N,A,-,Y,MON,,101," "," ",60.929,H,,R,Y,4,0,1,3,A,-,03,22350,,N,C,C,A,A,H,-,D,A,0,,,,,Y,,A,08,0,0,1,0,0,0,0,0,0,"- ","- ",36.410621643066406,-121.31948089599609,MONTEREY,UNINCORPORATED,-121.31952667236328,36.410610198974609
94382522,2024,2024-09-05,9730,2024-08-27,1700,023288,,2,2,9,2700,0,1,2,,1,070,"US-101 SOUTHBOUND","BLACKIE ROAD",60.00,N,N,A,-,Y,MON,,101," "," ",94.299,H,,L,N,2,0,1,2,C,-,18,,,N,G,B,E,A,H,-,A,D,0,Y,,,Y,Y,,-,"- ",1,0,0,0,1,0,0,0,0,"- ","- ",36.773139953613281,-121.66940307617188,MONTEREY,UNINCORPORATED,-121.66934967041016,36.773143768310547
94382588,2024,2024-09-05,9730,2024-08-28,1908,021794,,3,2,9,2700,0,2,4,,1,073,"ELKHORN ROAD","KIRBY ROAD",2112.00,N,N,B,-,N,,,,,,,,,,N,3,0,1,1,A,-,08,22107,,N,E,I,A,A,H,-,A,D,0,,,,,Y,,A,01,0,1,0,0,0,0,0,0,0,"- ","- ",36.846530914306641,-121.74915313720703,MONTEREY,UNINCORPORATED,-121.74860382080078,36.845897674560547
94382651,2024,2024-09-05,9730,2024-08-29,"512 ",019127,,4,3,9,2700,0,1,2,,1,070,"US-101 N/B","REESE CIR",528.00,S,N,B,-,Y,MON,,101," "," ",94.230,H,,R,N,4,0,1,2,A,-,03,22350,,N,C,C,A,A,H,-,B,D,0,,,,,Y,,A,01,0,0,1,0,0,0,0,0,0,"- ","- ",36.771999359130859,-121.66909790039062,MONTEREY,UNINCORPORATED,-121.66910552978516,36.771999359130859
94382735,2024,2024-09-05,9730,2024-08-29,1517,022129,,4,2,9,2700,0,2,4,,1,023,"CARMEL VALLEY ROAD","CARMEL KNOLLS DRIVE",42.00,E,N,B,-,N,,,,,,,,,,Y,4,0,1,2,A,-,03,22350,,N,C,C,A,A,H,-,A,A,0,,,,,Y,,A,07,0,0,1,0,0,0,0,0,0,"- ","- ",36.543849945068359,-121.9046630859375,MONTEREY,UNINCORPORATED,-121.90473937988281,36.543819427490234
94383864,2024,2024-09-06,9730,2024-08-25,1326,023299,,7,1,9,2700,0,1,2,,1,070,"NORTHBOUND US-101","RALPH LANE",2112.00,N,N,A,-,Y,MON,,101," "," ",93.524,H,,R,N,4,0,1,2,A,-,03,22350,,N,C,C,A,A,H,-,A,D,0,,,,,Y,,A,01,0,0,1,0,0,0,0,0,0,"- ","- ",36.762168884277344,-121.66690826416016,MONTEREY,UNINCORPORATED,-121.66688537597656,36.762176513671875
94383981,2024,2024-09-06,9730,2024-08-29,2054,022092,,4,2,9,2700,0,1,2,,1,070,"US-101 NB","SALA ROAD",1320.00,S,N,A,-,Y,MON,,101," "," ",91.958,H,,R,Y,3,0,2,2,A,-,03,22350,,N,C,C,A,A,D,-,D,D,0,,,,,Y,,A,07,0,1,1,0,0,0,0,0,0,"- ","- ",36.740440368652344,-121.65853881835938,MONTEREY,UNINCORPORATED,-121.65850830078125,36.740447998046875
94384012,2024,2024-09-06,9730,2024-08-30,1206,022317,,5,1,9,2700,0,3,5,,2,005,"RUSSELL ROAD","HARRISON ROAD",792.00,E,N,B,-,N,,,,,,,,,,N,2,0,1,1,A,-,08,22107,,N,E,I,A,A,H,-,A,D,0,,,,,Y,,D,23,1,0,0,0,0,0,0,0,0,"- ","- ",36.733501434326172,-121.65357208251953,MONTEREY,UNINCORPORATED,-121.65365600585938,36.733711242675781
94384140,2024,2024-09-06,9730,2024-08-31,1443,021776,,6,2,9,2700,0,3,5,,2,002,"RIO ROAD",SR-1,67.00,E,N,A,-,N,,,,,,,,,,N,4,0,1,2,A,-,21,22106,,N,C,C,A,A,H,-,A,A,0,,,,,Y,,I,12,0,0,1,0,0,0,0,0,0,"- ","- ",36.539218902587891,-121.9097900390625,MONTEREY,UNINCORPORATED,-121.90999603271484,36.539279937744141
94384305,2024,2024-09-06,9735,2024-08-30,"730 ",023000,,5,1,9,2700,0,3,5,,2,001,"THORNE ROAD","PEACH ROAD",380.00,W,N,B,-,N,,,,,,,,,,Y,3,0,1,1,A,-,01,23152,A,N,E,I,A,A,H,-,A,D,0,,,,,Y,Y,A,01,0,1,0,0,0,0,0,0,0,"- ","- ",36.328388214111328,-121.28073120117188,MONTEREY,UNINCORPORATED,-121.28004455566406,36.328582763671875
94386783,2024,2024-09-09,9730,2024-08-29,"533 ",023299,,4,3,9,2700,0,1,2,,1,070,"NB US-101","MESSISK RD",1616.00,S,N,A,-,Y,MON,,101," "," ",96.684,H,,R,Y,4,0,1,2,A,-,01,23152,A,M,C,E,A,A,H,-,B,D,0,,,,,Y,Y,A,01,0,0,1,0,0,0,0,0,0,"- ","- ",36.802730560302734,-121.6556396484375,MONTEREY,UNINCORPORATED,-121.65565490722656,36.802768707275391
94387204,2024,2024-09-09,9730,2024-08-30,1451,023299,,5,2,9,2700,0,2,4,,1,073,"PORTER DRIVE","STENDER AVENUE",0.00,,Y,A,-,N,,,,,,,,,,N,4,0,1,2,A,-,05,21650,,N,D,C,A,A,H,-,A,D,0,,,Y,,Y,Y,C,03,0,0,1,0,0,0,0,0,1,"- ","- ",36.902439117431641,-121.74830627441406,MONTEREY,UNINCORPORATED,-121.74845886230469,36.902519226074219
94387246,2024,2024-09-09,9730,2024-08-30,2025,023651,,5,2,9,2700,0,1,2,,1,070,"SOUTHBOUND US-101","RALPH LANE",2640.00,N,N,A,-,Y,MON,,101," "," ",93.604,H,,R,Y,3,0,2,2,A,-,01,23152,A,N,B,C,A,A,H,-,D,D,0,,,,,Y,Y,A,01,0,1,1,0,0,0,0,0,0,"- ","- ",36.763259887695312,-121.66735076904297,MONTEREY,UNINCORPORATED,-121.66721343994141,36.763282775878906
94388682,2024,2024-09-10,9730,2024-09-03,1835,022725,,2,2,9,2700,0,3,5,,2,003,"LAURELES GRADE","SOUTHVIEW LANE",1056.00,S,N,A,-,N,,,,,,,,,,Y,3,0,1,2,A,-,08,22107,,N,A,C,A,A,H,-,A,D,0,,,,,Y,,A,01,0,1,0,0,0,0,0,0,0,"- ","- ",36.515018463134766,-121.75599670410156,MONTEREY,UNINCORPORATED,-121.75701141357422,36.515449523925781
94388724,2024,2024-09-10,9730,2024-09-03,"620 ",019315,,2,1,9,2700,0,1,2,,1,050,"US-101 (N/B)","LAUREL DR",528.00,N,N,A,-,Y,MON,,101," ",R,89.640,H,,R,Y,3,0,1,2,A,-,03,22350,,N,C,C,A,A,H,-,D,A,0,,,,,Y,,D,22,0,1,0,0,0,0,0,0,0,"- ","- ",36.702999114990234,-121.66631317138672,MONTEREY,UNINCORPORATED,-121.66627502441406,36.7030029296875
94388728,2024,2024-09-10,9730,2024-09-03,"510 ",019315,,2,3,9,2700,0,1,2,,1,030,"US-101 (S/B)","POTTER RD",528.00,S,N,A,-,Y,MON,,101," "," ",80.085,H,,R,Y,3,0,2,2,A,-,07,21658,A,N,C,C,A,A,H,-,D,D,0,,,,,Y,,A,01,0,2,0,0,0,0,0,0,0,"- ","- ",36.603458404541016,-121.55446624755859,MONTEREY,UNINCORPORATED,-121.55430603027344,36.603607177734375
94388730,2024,2024-09-10,9730,2024-08-31,"720 ",019127,,6,1,9,2700,0,3,5,,2,004,"ENCINAL RD","OLD STAGE RD",5808.00,E,N,A,-,N,,,,,,,,,,Y,3,0,1,1,A,-,08,22107,,N,E,I,A,A,H,-,A,D,0,,,,,Y,,A,01,0,1,0,0,0,0,0,0,0,"- ","- ",36.619998931884766,-121.51120758056641,MONTEREY,UNINCORPORATED,-121.51199340820312,36.620285034179688
94388846,2024,2024-09-10,9730,2024-08-31,1335,023678,,6,1,9,2700,0,1,2,,1,030,"N/B US-101","ECKHARDT ROAD",13.00,S,N,A,-,Y,MON,,101," "," ",81.461,H,,R,N,4,0,1,2,A,-,03,22350,,N,C,C,A,A,H,-,A,D,0,,,,,Y,,A,07,0,0,1,0,0,0,0,0,0,"- ","- ",36.617050170898438,-121.57276916503906,MONTEREY,UNINCORPORATED,-121.57276153564453,36.617061614990234
94389060,2024,2024-09-10,9730,2024-09-02,1258,023884,,1,1,9,2700,0,1,2,,1,070,"US-101 N/B","PRUNEDALE SOUTH ROAD",1540.00,S,N,A,-,Y,MON,,101," "," ",93.757,H,,R,N,3,0,1,2,A,-,03,22350,,N,C,C,A,A,H,-,A,D,0,,,,,Y,,A,07,0,1,0,0,0,0,0,0,0,"- ","- ",36.765380859375,-121.66792297363281,MONTEREY,UNINCORPORATED,-121.66790008544922,36.765384674072266