CASE_ID,ACCIDENT_YEAR,PROC_DATE,JURIS,COLLISION_DATE,COLLISION_TIME,OFFICER_ID,REPORTING_DISTRICT,DAY_OF_WEEK,CHP_SHIFT,POPULATION,CNTY_CITY_LOC,SPECIAL_COND,BEAT_TYPE,CHP_BEAT_TYPE,CITY_DIVISION_LAPD,CHP_BEAT_CLASS,BEAT_NUMBER,PRIMARY_RD,SECONDARY_RD,DISTANCE,DIRECTION,INTERSECTION,WEATHER_1,WEATHER_2,STATE_HWY_IND,CALTRANS_COUNTY,CALTRANS_DISTRICT,STATE_ROUTE,ROUTE_SUFFIX,POSTMILE_PREFIX,POSTMILE,LOCATION_TYPE,RAMP_INTERSECTION,SIDE_OF_HWY,TOW_AWAY,COLLISION_SEVERITY,NUMBER_KILLED,NUMBER_INJURED,PARTY_COUNT,PRIMARY_COLL_FACTOR,PCF_CODE_OF_VIOL,PCF_VIOL_CATEGORY,PCF_VIOLATION,PCF_VIOL_SUBSECTION,HIT_AND_RUN,TYPE_OF_COLLISION,MVIW,PED_ACTION,ROAD_SURFACE,ROAD_COND_1,ROAD_COND_2,LIGHTING,CONTROL_DEVICE,CHP_ROAD_TYPE,PEDESTRIAN_ACCIDENT,BICYCLE_ACCIDENT,MOTORCYCLE_ACCIDENT,TRUCK_ACCIDENT,NOT_PRIVATE_PROPERTY,ALCOHOL_INVOLVED,STWD_VEHTYPE_AT_FAULT,CHP_VEHTYPE_AT_FAULT,COUNT_SEVERE_INJ,COUNT_VISIBLE_INJ,COUNT_COMPLAINT_PAIN,COUNT_PED_KILLED,COUNT_PED_INJURED,COUNT_BICYCLIST_KILLED,COUNT_BICYCLIST_INJURED,COUNT_MC_KILLED,COUNT_MC_INJURED,PRIMARY_RAMP,SECONDARY_RAMP,LATITUDE,LONGITUDE,COUNTY,CITY,POINT_X,POINT_Y
94406547,2024,2024-09-24,9730,2024-09-19,"659 ",020576,,4,1,9,2700,0,1,2,,1,030,"US-101 S/B","CAMPHORA GLORIA RD",1334.00,S,N,C,-,Y,MON,,101," "," ",64.401,H,,L,Y,4,0,1,1,A,-,03,22350,,N,E,I,A,B,H,-,A,D,0,,,,,Y,,A,01,0,0,1,0,0,0,0,0,0,"- ","- ",36.446640014648438,-121.36016845703125,MONTEREY,UNINCORPORATED,-121.36020660400391,36.446605682373047
94406586,2024,2024-09-24,9730,2024-09-19,"745 ",018302,,4,1,9,2700,0,3,5,,2,006,"COOPER ROAD","NASHUA ROAD",0.00,,Y,B,-,N,,,,,,,,,,Y,4,0,2,2,A,-,09,21802,A,N,D,C,A,B,H,-,A,A,0,,,,,Y,,A,01,0,0,2,0,0,0,0,0,0,"- ","- ",36.701679229736328,-121.7352294921875,MONTEREY,UNINCORPORATED,-121.73500061035156,36.700885772705078
94406702,2024,2024-09-24,9730,2024-09-19,1545,019529,,4,2,9,2700,0,3,5,,2,006,"GEIL STREET","COOPER STREET",0.00,,Y,A,-,N,,,,,,,,,,N,3,0,1,2,A,-,09,21802,A,N,D,C,A,A,H,-,A,A,0,,,,,Y,,A,01,0,1,0,0,0,0,0,0,0,"- ","- ",36.770168304443359,-121.75861358642578,MONTEREY,UNINCORPORATED,-121.75856781005859,36.770156860351562
94407728,2024,2024-09-25,9730,2024-09-20,"640 ",022137,,5,1,9,2700,0,1,2,,1,030,"US 101 N/B","GLORIA RD",2640.00,S,N,B,-,Y,MON,,101," "," ",68.950,H,,R,Y,4,0,1,2,A,-,07,21658,A,N,B,2,A,A,H,-,A,D,0,,,,,Y,,A,01,0,0,1,0,0,0,0,0,0,"- ","- ",36.488380432128906,-121.42295074462891,MONTEREY,UNINCORPORATED,-121.42294311523438,36.488384246826172
94407743,2024,2024-09-25,9730,2024-09-20,"725 ",022129,,5,1,9,2700,0,3,5,,2,007,"CASTROVILLE BOULEVARD","ORMART ROAD",1320.00,E,N,B,-,N,,,,,,,,,,N,3,0,1,1,A,-,08,22107,,N,E,I,A,B,H,-,A,D,0,,,,,Y,,A,07,0,1,0,0,0,0,0,0,0,"- ","- ",36.795261383056641,-121.71562194824219,MONTEREY,UNINCORPORATED,-121.71596527099609,36.795150756835938
9440899,2022,2022-05-17,2706,2022-04-23,0905,939,2706,6,5,4,2706,0,0,0,,0,001,"FOAM ST","CANNERY ROW",120.00,N,N,A,-,N,,,,,,,,,,Y,4,0,1,2,A,-,03,22350,,N,C,C,A,A,H,-,A,A,0,,,,,Y,,A,07,0,0,1,0,0,0,0,0,0,"- ","- ",,,MONTEREY,MONTEREY,-121.89697265625,36.60943603515625
94409134,2024,2024-09-26,9730,2024-09-17,"618 ",022725,,2,1,9,2700,0,1,2,,1,070,"US-101 NORTHBOUND","VIERRA CANYON ROAD",155.00,N,N,A,-,Y,MON,,101," "," ",95.622,H,,R,Y,3,0,1,3,A,-,03,22350,,N,C,C,A,A,D,-,C,D,0,,,,Y,Y,,A,01,0,1,0,0,0,0,0,0,0,"- ","- ",36.792259216308594,-121.66684722900391,MONTEREY,UNINCORPORATED,-121.66693878173828,36.792270660400391
94409143,2024,2024-09-26,9730,2024-09-18,"630 ",020576,,3,1,9,2700,0,2,4,,1,073,"SALINAS RD","LEWIS RD",0.00,,Y,B,-,N,,,,,,,,,,Y,4,0,1,2,A,-,09,21802,A,N,D,C,A,A,H,-,B,A,0,,,,,Y,,A,01,0,0,1,0,0,0,0,0,0,"- ","- ",36.890941619873047,-121.74742126464844,MONTEREY,UNINCORPORATED,-121.74732208251953,36.8909912109375
94409286,2024,2024-09-26,9730,2024-09-18,2200,021794,,3,3,9,2700,0,2,4,,1,075,"SAN JUAN ROAD","SAN MIGUEL CANYON ROAD",5808.00,W,N,A,-,N,,,,,,,,,,N,2,0,1,1,C,-,18,,,N,H,H,A,A,H,-,D,D,0,,,,,Y,,-,"- ",1,0,0,0,0,0,0,0,0,"- ","- ",36.904029846191406,-121.71012878417969,MONTEREY,UNINCORPORATED,-121.70952606201172,36.903995513916016
94412606,2024,2024-09-30,9730,2024-09-18,1616,023772,,3,2,9,2700,0,1,3,,1,066,SR-183,"PAJARO STREET",0.00,,Y,A,-,Y,MON,,183," "," ",9.116,H,,R,Y,3,0,1,2,A,-,12,21453,A,N,D,C,A,A,H,-,A,A,0,,,,,Y,,D,22,0,1,0,0,0,0,0,0,0,"- ","- ",36.762588500976562,-121.75372314453125,MONTEREY,UNINCORPORATED,-121.75375366210938,36.762561798095703
9441333,2021,2022-05-17,2708,2021-12-21,1835,16258,SALIN,2,5,6,2708,0,0,0,,0,001,"RUSSELL RD","VAN BUREN AV",0.00,W,N,A,-,N,,,,,,,,,,Y,3,0,1,3,A,-,09,21804,A,N,D,C,A,A,H,-,C,D,0,,,Y,,Y,,A,01,0,1,0,0,0,0,0,0,1,"- ","- ",,,MONTEREY,SALINAS,-121.64804840087891,36.732131958007812
94413511,2024,2024-09-30,9730,2024-09-21,"230 ",021165,,6,3,9,2700,0,1,3,,2,062,"NORTHBOUND STATE ROUTE 1","FREMONT BOULEVARD",830.00,N,N,A,-,Y,MON,,1," ",R,80.853,H,,R,Y,3,0,1,1,A,-,01,23152,A,N,E,8,A,A,H,-,D,D,0,,,,,Y,Y,A,01,0,1,0,0,0,0,0,0,0,"- ","- ",36.625709533691406,-121.83944702148438,MONTEREY,UNINCORPORATED,-121.83956146240234,36.625778198242188
94413522,2024,2024-09-30,9730,2024-09-21,1320,021776,,6,1,9,2700,0,2,4,,1,023,"CARMEL VALLEY ROAD","DEL MESA CARMEL",126.00,E,N,A,-,N,,,,,,,,,,Y,4,0,1,2,A,-,09,21801,A,N,C,C,A,A,H,-,A,A,0,,,,,Y,,A,07,0,0,1,0,0,0,0,0,0,"- ","- ",36.541099548339844,-121.87751007080078,MONTEREY,UNINCORPORATED,-121.87751770019531,36.541206359863281
94413672,2024,2024-09-30,9730,2024-09-22,1522,023651,,7,2,6,2708,0,1,2,,1,050,"US-101 S/B","W. BERNAL DRIVE",700.00,S,N,A,-,Y,,,,,,,,,,Y,4,0,1,2,A,-,03,22350,,N,C,C,A,A,H,-,A,D,0,,,,,Y,,A,01,0,0,1,0,0,0,0,0,0,"- ","- ",36.687889099121094,-121.65283966064453,MONTEREY,SALINAS,,
94413681,2024,2024-09-30,9730,2024-09-22,1717,023651,,7,2,9,2700,0,1,2,,1,070,"US-101 N/B","CRAZY HORSE CANYON ROAD",138.00,S,N,A,-,Y,MON,,101," "," ",98.348,H,,R,Y,4,0,2,2,A,-,03,22350,,N,C,C,A,A,H,-,A,D,0,,,,,Y,,D,22,0,0,2,0,0,0,0,0,0,"- ","- ",36.818130493164062,-121.63327026367188,MONTEREY,UNINCORPORATED,-121.63323211669922,36.818080902099609
94413700,2024,2024-09-30,9730,2024-09-23,"313 ",022500,,1,3,9,2700,0,1,3,,1,068,SR-68,"B ROAD",2429.00,W,N,B,-,Y,MON,,68," "," ",10.379,H,,R,Y,4,0,1,1,A,-,08,22107,,N,E,I,A,A,H,-,D,D,0,,,,,Y,,A,01,0,0,1,0,0,0,0,0,0,"- ","- ",36.570850372314453,-121.77008819580078,MONTEREY,UNINCORPORATED,-121.77008056640625,36.570789337158203
94413723,2024,2024-09-30,9730,2024-09-23,"810 ",019529,,1,1,9,2700,0,1,3,,1,066,"STATE ROUTE 183 (MERRITT STREET)","SPEEGLE STREET",200.00,S,N,A,-,Y,MON,,183," "," ",9.515,H,,R,N,4,0,1,3,A,-,03,22350,,N,C,C,A,A,H,-,A,D,0,,,,,Y,,A,01,0,0,1,0,0,0,0,0,0,"- ","- ",36.766490936279297,-121.75911712646484,MONTEREY,UNINCORPORATED,-121.75910186767578,36.766502380371094
94413730,2024,2024-09-30,9730,2024-09-23,1233,020576,,1,1,9,2700,0,1,3,,1,022,SR-1,"RIO RD",100.00,N,N,A,-,Y,MON,,1," "," ",72.642,H,,R,Y,4,0,1,2,A,-,03,22350,,N,C,C,A,A,H,-,A,A,0,,,,,Y,,A,01,0,0,1,0,0,0,0,0,0,"- ","- ",36.539768218994141,-121.90995788574219,MONTEREY,UNINCORPORATED,-121.90995788574219,36.539768218994141
94413764,2024,2024-10-01,9730,2024-09-29,1159,021776,,7,1,9,2700,0,1,2,,1,050,"US-101 NB OFF RAMP TO BORONDA ROAD","BORONDA ROAD",71.00,S,N,A,-,Y,,,,,,,,,,N,4,0,1,3,A,-,01,23153,A,N,C,C,A,A,H,-,A,A,0,,,,,Y,Y,D,22,0,0,1,0,0,0,0,0,0,"- ","- ",36.721511840820312,-121.65841674804688,MONTEREY,UNINCORPORATED,-121.658461,36.721519000000001
94413792,2024,2024-10-01,9730,2024-09-23,"208 ",023884,,1,3,9,2700,0,1,2,,1,070,"US101 S/B TO SALA ROAD","SALA ROAD",300.00,S,N,A,-,Y,,,,,,,,,,N,3,0,1,1,A,-,01,23152,A,N,H,A,A,A,H,-,D,D,0,,,,,Y,Y,A,01,0,1,0,0,0,0,0,0,0,"- ","- ",36.744808197021484,-121.66161346435547,MONTEREY,UNINCORPORATED,-121.65985107421875,36.742580413818359
94414727,2024,2024-11-04,9730,2024-09-23,1828,020916,,1,2,9,2700,0,2,4,,1,073,"SAN MIGUEL CANYON ROAD","ECHO VALLEY ROAD",0.00,,Y,A,-,N,,,,,,,,,,Y,2,0,2,2,A,-,09,21802,A,N,D,C,A,A,H,-,C,A,0,,,,,Y,Y,A,08,1,0,1,0,0,0,0,0,0,"- ","- ",36.821758270263672,-121.67346954345703,MONTEREY,UNINCORPORATED,-121.67355346679688,36.821727752685547
94414989,2024,2024-10-01,9730,2024-09-25,"750 ",020576,,3,1,9,2700,0,3,5,,2,006,"COOPER RD","MCFADDEN RD",0.00,,Y,B,-,N,,,,,,,,,,Y,3,0,2,2,A,-,05,21460,A,N,C,C,A,A,H,-,A,A,0,,,,,Y,,A,01,0,1,1,0,0,0,0,0,0,"- ","- ",36.693031311035156,-121.73497009277344,MONTEREY,UNINCORPORATED,-121.73497009277344,36.693172454833984
94415000,2024,2024-10-01,9730,2024-09-25,"856 ",020576,,3,1,9,2700,0,1,3,,1,074,SR-1,"SALINAS RD",0.00,,Y,B,-,Y,,,,,,,,,,Y,3,0,1,1,A,-,03,22350,,N,E,I,A,B,H,-,A,A,0,,,,,Y,,A,01,0,1,0,0,0,0,0,0,0,"- ","- ",36.870021820068359,-121.76956939697266,MONTEREY,UNINCORPORATED,-121.77133178710938,36.865447998046875
94415012,2024,2024-10-01,9730,2024-09-25,1755,023067,,3,2,9,2700,0,2,4,,1,023,"ROBINSON CANYON RD","OLD RANCH RD",0.00,,Y,A,-,N,,,,,,,,,,Y,3,0,2,1,A,-,08,22107,,N,E,I,A,A,H,-,C,D,0,,,,,Y,,A,07,0,1,1,0,0,0,0,0,0,"- ","- ",36.519500732421875,-121.80693817138672,MONTEREY,UNINCORPORATED,-121.80689239501953,36.519634246826172
94415180,2024,2024-10-01,9730,2024-06-22,"230 ",022092,,6,3,9,2700,0,2,4,,1,023,"CARMEL VALLEY ROAD","KLONDIKE CANYON ROAD",337.00,E,N,A,-,N,,,,,,,,,,Y,1,1,0,1,A,-,08,22107,,N,F,8,A,A,H,-,D,D,0,,,,,Y,,-,"- ",0,0,0,0,0,0,0,0,0,"- ","- ",36.469329833984375,-121.71353149414062,MONTEREY,UNINCORPORATED,-121.71352386474609,36.469661712646484
9441543,2022,2022-06-01,2706,2022-05-08,0956,181,2706,7,5,4,2706,0,0,0,,0,002,"MAR VISTA DR","LINDA VISTA DR",520.00,S,N,A,-,N,,,,,,,,,,N,4,0,1,2,A,-,09,21804,A,N,D,C,A,A,-,-,A,D,0,,Y,,,Y,,L,04,0,0,1,0,0,0,1,0,0,"- ","- ",,,MONTEREY,MONTEREY,-121.90719604492188,36.583301544189453
94416525,2024,2024-10-02,9730,2024-09-08,2245,023646,,7,3,9,2700,0,3,5,,2,005,"HARRISON ROAD","MARTINES ROAD",2640.00,N,N,A,-,N,,,,,,,,,,N,4,0,1,1,A,-,01,23152,A,N,E,I,A,A,H,-,D,D,0,,,,,Y,Y,A,07,0,0,1,0,0,0,0,0,0,"- ","- ",36.755008697509766,-121.65544891357422,MONTEREY,UNINCORPORATED,-121.65617370605469,36.755916595458984
94416836,2024,2024-10-02,9730,2024-09-26,"643 ",023317,,4,1,9,2700,0,2,4,,1,075,"SAN JUAN RD",DRISCOLLS,500.00,E,N,A,-,N,,,,,,,,,,N,4,0,2,2,A,-,03,22350,,N,C,C,A,A,H,-,A,D,0,,,,,Y,,A,08,0,0,2,0,0,0,0,0,0,"- ","- ",36.887748718261719,-121.66612243652344,MONTEREY,UNINCORPORATED,,
94416880,2024,2024-10-02,9730,2024-09-26,"705 ",021776,,4,1,9,2700,0,1,3,,1,068,"SR-68 WESTBOUND","SPRECKELS BOULEVARD",2112.00,W,N,B,-,Y,MON,,68," ",R,17.712,H,,L,Y,4,0,1,3,A,-,03,22350,,N,C,C,A,A,H,-,A,D,0,,,,,Y,,A,01,0,0,1,0,0,0,0,0,0,"- ","- ",36.629348754882812,-121.67474365234375,MONTEREY,UNINCORPORATED,-121.67472076416016,36.629329681396484
94417800,2024,2024-10-03,9730,2024-09-27,1509,018886,,5,2,9,2700,0,1,2,,1,050,US-101,"SPENCE ROAD",0.00,,Y,A,-,Y,MON,,101," "," ",81.027,H,,R,Y,4,0,1,2,A,-,09,21801,A,N,B,C,A,A,H,-,A,D,0,,,,,Y,,A,08,0,0,1,0,0,0,0,0,0,"- ","- ",36.612739562988281,-121.56710815429688,MONTEREY,UNINCORPORATED,-121.56698608398438,36.612850189208984
94418186,2024,2024-11-06,9730,2024-09-30,1451,020899,,1,2,9,2700,0,3,5,,2,002,"RANCHO SAN CARLOS ROAD","CARMEL VALLEY ROAD",1109.00,S,N,A,-,N,,,,,,,,,,N,3,0,2,2,A,-,08,22107,,N,E,I,A,A,H,-,A,D,0,,,,,Y,,A,07,0,2,0,0,0,0,0,0,0,"- ","- ",36.536468505859375,-121.87039184570312,MONTEREY,UNINCORPORATED,-121.87036895751953,36.536582946777344
94418331,2024,2024-10-03,9730,2024-09-12,2116,023646,,4,2,9,2700,0,3,5,,2,004,"OLD STAGE ROAD","ASSOCIATED LANE",2640.00,N,N,A,-,N,,,,,,,,,,N,4,0,1,1,A,-,01,23152,A,N,E,I,A,A,H,-,D,D,0,,,,,Y,Y,A,01,0,0,1,0,0,0,0,0,0,"- ","- ",36.530548095703125,-121.47267913818359,MONTEREY,UNINCORPORATED,-121.47270965576172,36.529922485351562
9441924,2022,2022-05-13,2711,2022-01-25,1752,06552,2711,2,5,3,2711,0,0,0,,0,001,"PEVERINI ST","ANDERSON ST",0.00,,Y,A,-,N,,,,,,,,,,N,4,0,1,2,A,-,10,21950,A,N,G,B,B,A,H,-,C,D,0,Y,,,,Y,,A,01,0,0,1,0,0,0,0,0,0,"- ","- ",,,MONTEREY,SOLEDAD,-121.32701873779297,36.438488006591797
94422779,2024,2024-10-08,9730,2024-09-20,"745 ",019770,,5,1,9,2700,0,1,3,,1,014,"STATE ROUTE 1","COAST ROAD (BIXBY)",7920.00,S,N,B,-,Y,MON,,1," "," ",57.975,H,,R,Y,3,0,1,1,A,-,03,22350,,N,E,I,A,B,H,-,B,D,0,,,,,Y,,A,01,0,1,0,0,0,0,0,0,0,"- ","- ",36.353038787841797,-121.90036010742188,MONTEREY,UNINCORPORATED,-121.90042114257812,36.352977752685547
94422795,2024,2024-10-08,9730,2024-09-22,2235,023829,,7,3,9,2700,0,1,3,,1,074,SR-1,"STRUVE ROAD",488.00,S,N,E,-,Y,MON,,1," "," ",98.212,H,,R,Y,2,0,1,2,A,-,08,22107,,N,A,D,A,A,H,-,D,D,0,,,,Y,Y,,A,01,1,0,0,0,0,0,0,0,0,"- ","- ",36.829158782958984,-121.77192687988281,MONTEREY,UNINCORPORATED,-121.77189636230469,36.829143524169922
94422874,2024,2024-10-08,9730,2024-09-25,"825 ",020584,,3,1,9,2700,0,3,5,,2,005,"OLD NATIVIDAD RD.","NATIVIDAD RD.",50.00,E,N,B,-,N,,,,,,,,,,Y,3,0,2,1,A,-,03,22350,,N,E,I,A,B,H,-,A,D,0,,,,,Y,,D,22,0,1,1,0,0,0,0,0,0,"- ","- ",36.732818603515625,-121.60771942138672,MONTEREY,UNINCORPORATED,-121.60797882080078,36.733013153076172
94422909,2024,2024-10-08,9730,2024-09-25,1630,020916,,3,2,9,2700,0,3,5,,2,004,"ENCINAL ROAD","OLD STAGE ROAD",1584.00,E,N,A,-,N,,,,,,,,,,N,3,0,1,2,D,-,00,,,N,B,C,A,A,H,-,A,D,0,,,,,Y,,-,"- ",0,1,0,0,0,0,0,0,0,"- ","- ",36.622539520263672,-121.51847076416016,MONTEREY,UNINCORPORATED,-121.52523040771484,36.624835968017578
94423004,2024,2024-10-08,9730,2024-09-26,"529 ",023317,,4,3,9,2700,0,1,2,,1,030,"US-101 N/B","FRONT ST",50.00,N,N,A,-,Y,MON,,101," "," ",63.032,H,,R,N,4,0,1,2,A,-,07,21658,A,F,B,C,A,A,H,-,B,D,0,,,,,Y,,-,99,0,0,1,0,0,0,0,0,0,"- ","- ",36.435390472412109,-121.34024047851562,MONTEREY,UNINCORPORATED,-121.34025573730469,36.435371398925781
94423102,2024,2024-10-08,9730,2024-09-29,1233,019770,,7,1,9,2700,0,1,3,,1,012,"STATE ROUTE 1","GORDA MOUNTAIN ROAD",14256.00,S,N,A,-,Y,MON,,1," "," ",3.607,H,,R,N,4,0,1,1,C,-,18,,,N,E,I,A,A,H,-,A,D,0,,,,,Y,,-,"- ",0,0,1,0,0,0,0,0,0,"- ","- ",35.818698883056641,-121.37359619140625,MONTEREY,UNINCORPORATED,-121.37384796142578,35.818744659423828
94423116,2024,2024-10-08,9730,2024-09-30,"719 ",024087,,1,1,9,2700,0,1,3,,1,074,SR-1,"POTRERO RD",2044.00,S,N,A,-,Y,MON,,1," "," ",94.821,H,,R,Y,4,0,2,2,A,-,03,22350,,N,C,C,A,A,H,-,A,D,0,,,,,Y,,A,01,0,0,2,0,0,0,0,0,0,"- ","- ",36.785781860351562,-121.78157806396484,MONTEREY,UNINCORPORATED,-121.78147125244141,36.785808563232422
94423124,2024,2024-10-08,9730,2024-09-30,1757,020916,,1,2,9,2700,0,1,2,,1,070,"US-101 NORTHBOUND","DUNBARTON ROAD",1584.00,S,N,A,-,Y,MON,,101," "," ",99.426,H,,R,Y,3,0,1,1,A,-,08,22107,,N,E,I,A,A,H,-,A,D,0,,,,,Y,,A,01,0,1,0,0,0,0,0,0,0,"- ","- ",36.831878662109375,-121.62998962402344,MONTEREY,UNINCORPORATED,-121.63004302978516,36.831878662109375
94423204,2024,2024-10-08,9730,2024-10-01,1202,024069,,2,1,9,2700,0,3,5,,2,005,"CRAZY HORSE CANYON RD.","US - 101 NORTHBOUND OFF RAMP",0.00,,Y,A,-,Y,,,,,,,,,,N,4,0,1,2,A,-,09,21802,,N,D,C,A,A,H,-,A,A,0,,,,,Y,,A,07,0,0,1,0,0,0,0,0,0,"- ","- ",36.818119049072266,-121.63230895996094,MONTEREY,UNINCORPORATED,-121.63238699999999,36.818040000000003
94424615,2024,2024-10-09,9730,2024-10-02,"737 ",020899,,3,1,9,2700,0,1,3,,2,062,"SOUTHBOUND SR-1","FREMONT BOULEVARD",4118.00,N,N,A,-,Y,MON,,1," ",R,81.493,H,,R,N,4,0,1,2,A,-,03,22350,,N,C,C,A,A,H,-,A,D,0,,,,,Y,,A,01,0,0,1,0,0,0,0,0,0,"- ","- ",36.6339111328125,-121.83313751220703,MONTEREY,UNINCORPORATED,-121.83290100097656,36.633762359619141
94424624,2024,2024-10-09,9730,2024-10-02,"800 ",024040,,3,1,9,2700,0,3,5,,2,007,"HALL ROAD","SAN MIGUEL CANYON ROAD",1531.00,W,N,A,-,N,,,,,,,,,,Y,3,0,1,2,A,-,03,22350,,N,C,C,A,A,H,-,B,D,0,,,,,Y,,A,01,0,1,0,0,0,0,0,0,0,"- ","- ",36.859840393066406,-121.70047760009766,MONTEREY,UNINCORPORATED,-121.70037841796875,36.859813690185547
9442467,2022,2022-05-02,2706,2022-02-12,0937,519,MPD,6,5,4,2706,0,0,0,,0,003,"NORTH FREMONT ST","CASA VERDE WY",343.00,E,N,A,-,N,,,,,,,,,,N,4,0,1,2,A,-,03,22350,,N,C,C,A,A,H,-,A,D,0,,,,,Y,,A,01,0,0,1,0,0,0,0,0,0,"- ","- ",,,MONTEREY,MONTEREY,-121.86154174804688,36.596385955810547
94425264,2024,2024-10-09,9730,2024-10-03,1750,022500,,4,2,9,2700,0,2,4,,2,063,"BLANCO ROAD","ARMSTRONG ROAD",1584.00,W,N,A,-,N,,,,,,,,,,N,3,0,2,2,A,-,03,22350,,N,C,C,A,A,H,-,A,D,0,,,,,Y,,A,01,0,1,1,0,0,0,0,0,0,"- ","- ",36.6787109375,-121.71456146240234,MONTEREY,UNINCORPORATED,-121.71332550048828,36.6787109375
9442611,2022,2022-05-12,2706,2022-04-29,0815,992,,5,5,4,2706,0,0,0,,0,,"CASS ST","CARMELITO AV",0.00,,N,A,-,N,,,,,,,,,,Y,4,0,1,2,A,-,09,21802,A,N,D,C,A,A,H,-,A,A,0,,,,,Y,,A,01,0,0,1,0,0,0,0,0,0,"- ","- ",,,MONTEREY,MONTEREY,-121.89633178710938,36.592506408691406
9442612,2022,2022-05-11,2706,2022-04-30,1802,530,2706,6,5,4,2706,0,0,0,,0,002,"DEL MONTE AV","EL ESTERO",349.00,E,N,B,-,N,,,,,,,,,,Y,4,0,1,2,A,-,08,22107,,N,B,E,A,A,H,-,A,D,0,,,,,Y,,A,01,0,0,1,0,0,0,0,0,0,"- ","- ",,,MONTEREY,MONTEREY,-121.88612365722656,36.599941253662109
9442614,2022,2022-05-12,2706,2022-04-30,0745,027,,6,5,4,2706,0,0,0,,0,,"DEL MONTE AV","LA PLAYA AV",0.00,,Y,B,-,N,,,,,,,,,,Y,4,0,2,2,A,-,08,22107,,N,B,C,A,A,H,-,A,D,0,,,,,Y,,A,01,0,0,2,0,0,0,0,0,0,"- ","- ",,,MONTEREY,MONTEREY,-121.84262084960938,36.618499755859375
94426167,2024,2024-10-10,9730,2024-10-03,"817 ",024069,,4,1,9,2700,0,3,5,,2,007,"OLD STAGE ROAD","OLD NATIVIDAD ROAD",1056.00,S,N,A,-,N,,,,,,,,,,N,4,0,1,2,A,-,03,22350,,N,C,C,A,A,H,-,A,D,0,,,,,Y,,A,07,0,0,1,0,0,0,0,0,0,"- ","- ",36.729270935058594,-121.59541320800781,MONTEREY,UNINCORPORATED,-121.59563446044922,36.72967529296875
94426635,2024,2024-10-10,9730,2024-10-07,1547,023317,,1,2,9,2700,0,1,3,,2,062,"SR-1 N/B","SOLEDAD DR",528.00,N,N,A,-,Y,MON,,1," ",R,75.951,H,,R,Y,4,0,2,2,A,-,03,22350,,N,C,C,A,A,H,-,A,D,0,,,,,Y,,A,01,0,0,2,0,0,0,0,0,0,"- ","- ",36.581741333007812,-121.90074157714844,MONTEREY,UNINCORPORATED,-121.90073394775391,36.581714630126953
9442757,2022,2022-05-20,2706,2022-04-18,1549,319,2716,1,5,4,2706,0,0,0,,0,002,"LIGHTHOUSE TNNL AV","LIGHTHOUSE TNNL AV 600",0.00,S,N,A,-,N,,,,,,,,,,N,4,0,2,2,A,-,06,21750,A,N,B,C,A,A,H,-,A,A,0,,,,,Y,,-,"- ",0,0,2,0,0,0,0,0,0,"- ","- ",,,MONTEREY,MONTEREY,-121.901816,36.613678
9442761,2022,2022-05-17,2706,2022-04-27,0802,992,2706,3,5,4,2706,0,0,0,,0,002,"PACIFIC ST","JEFFERSON ST",0.00,,Y,A,-,N,,,,,,,,,,Y,4,0,2,2,A,-,09,21801,A,N,A,C,A,A,H,-,A,A,0,,,,,Y,,A,01,0,0,2,0,0,0,0,0,0,"- ","- ",,,MONTEREY,MONTEREY,-121.89640045166016,36.598354339599609
94427698,2024,2024-10-11,9735,2024-10-03,2045,023000,,4,2,9,2700,0,1,2,,1,041,"US-101 SOUTHBOUND","TEAGUE AVENUE",3485.00,S,N,A,-,Y,MON,,101," "," ",47.027,H,,L,Y,3,0,1,1,A,-,08,22107,,N,E,I,A,A,H,-,D,D,0,,,,,Y,,D,22,0,1,0,0,0,0,0,0,0,"- ","- ",36.252189636230469,-121.176513671875,MONTEREY,UNINCORPORATED,-121.17662048339844,36.252174377441406
94427987,2024,2024-10-11,9735,2024-10-08,1930,023994,,2,2,9,2700,0,2,4,,1,021,"JOLON ROAD","MISSION ROAD",5491.00,N,N,A,-,N,,,,,,,,,,Y,3,0,1,1,C,-,18,,,N,E,H,A,A,H,-,D,D,0,,,,,Y,,-,"- ",0,1,0,0,0,0,0,0,0,"- ","- ",35.986591339111328,-121.1787109375,MONTEREY,UNINCORPORATED,-121.17808532714844,35.983749389648438