CASE_ID,ACCIDENT_YEAR,PROC_DATE,JURIS,COLLISION_DATE,COLLISION_TIME,OFFICER_ID,REPORTING_DISTRICT,DAY_OF_WEEK,CHP_SHIFT,POPULATION,CNTY_CITY_LOC,SPECIAL_COND,BEAT_TYPE,CHP_BEAT_TYPE,CITY_DIVISION_LAPD,CHP_BEAT_CLASS,BEAT_NUMBER,PRIMARY_RD,SECONDARY_RD,DISTANCE,DIRECTION,INTERSECTION,WEATHER_1,WEATHER_2,STATE_HWY_IND,CALTRANS_COUNTY,CALTRANS_DISTRICT,STATE_ROUTE,ROUTE_SUFFIX,POSTMILE_PREFIX,POSTMILE,LOCATION_TYPE,RAMP_INTERSECTION,SIDE_OF_HWY,TOW_AWAY,COLLISION_SEVERITY,NUMBER_KILLED,NUMBER_INJURED,PARTY_COUNT,PRIMARY_COLL_FACTOR,PCF_CODE_OF_VIOL,PCF_VIOL_CATEGORY,PCF_VIOLATION,PCF_VIOL_SUBSECTION,HIT_AND_RUN,TYPE_OF_COLLISION,MVIW,PED_ACTION,ROAD_SURFACE,ROAD_COND_1,ROAD_COND_2,LIGHTING,CONTROL_DEVICE,CHP_ROAD_TYPE,PEDESTRIAN_ACCIDENT,BICYCLE_ACCIDENT,MOTORCYCLE_ACCIDENT,TRUCK_ACCIDENT,NOT_PRIVATE_PROPERTY,ALCOHOL_INVOLVED,STWD_VEHTYPE_AT_FAULT,CHP_VEHTYPE_AT_FAULT,COUNT_SEVERE_INJ,COUNT_VISIBLE_INJ,COUNT_COMPLAINT_PAIN,COUNT_PED_KILLED,COUNT_PED_INJURED,COUNT_BICYCLIST_KILLED,COUNT_BICYCLIST_INJURED,COUNT_MC_KILLED,COUNT_MC_INJURED,PRIMARY_RAMP,SECONDARY_RAMP,LATITUDE,LONGITUDE,COUNTY,CITY,POINT_X,POINT_Y
94738800,2025,2025-06-25,9735,2025-06-19,2120,023000,,4,2,9,2700,0,2,4,,1,021,"JOLON RD","SAN LUCAS RD",300.00,S,N,A,-,N,,,,,,,,,,Y,3,0,1,1,C,-,18,,,N,E,H,A,A,H,-,D,D,0,,,,,Y,Y,-,"- ",0,1,0,0,0,0,0,0,0,"- ","- ",36.113971710205078,-121.12888336181641,MONTEREY,UNINCORPORATED,-121.12885284423828,36.114212036132812
94739635,2025,2025-06-25,9730,2025-06-17,1912,024148,,2,2,9,2700,0,1,2,,1,070,"SALA ROAD","HARRISON ROAD",450.00,W,N,A,-,N,,,,,,,,,,N,3,0,1,1,A,-,03,22350,,N,F,A,A,A,H,-,A,D,0,,,Y,,Y,,C,02,0,1,0,0,0,0,0,0,1,"- ","- ",36.7440185546875,-121.65872192382812,MONTEREY,UNINCORPORATED,-121.6585693359375,36.744174957275391
94739668,2025,2025-06-25,9730,2025-06-17,2147,024087,,2,2,9,2700,0,3,5,,2,003,"ZABALA ROAD","ALISAL ROAD",1584.00,E,N,A,-,N,,,,,,,,,,N,4,0,1,2,A,-,09,21804,A,N,B,C,A,A,H,-,D,D,0,,,,,Y,,A,01,0,0,1,0,0,0,0,0,0,"- ","- ",36.644641876220703,-121.56757354736328,MONTEREY,UNINCORPORATED,-121.56757354736328,36.644447326660156
94739736,2025,2025-06-25,9730,2025-06-15,"24  ",023610,,7,3,9,2700,0,2,4,,1,075,"SAN JUAN RD","SAN MIGUEL CANYON RD",5808.00,W,N,A,-,N,,,,,,,,,,Y,2,0,2,1,A,-,01,23152,A,F,E,I,A,A,H,-,D,D,0,,,,,Y,Y,A,01,2,0,0,0,0,0,0,0,0,"- ","- ",36.9039306640625,-121.70990753173828,MONTEREY,UNINCORPORATED,-121.70952606201172,36.903995513916016
94740912,2025,2025-06-26,9730,2025-06-18,1540,022137,,3,2,9,2700,0,3,5,,2,004,"OLD STAGE RD","ESPERANZA RD",7920.00,N,N,A,-,N,,,,,,,,,,Y,4,0,1,2,A,-,06,21750,A,N,D,C,A,A,H,-,A,D,0,,,,,Y,,D,22,0,0,1,0,0,0,0,0,0,"- ","- ",36.618309020996094,-121.52403259277344,MONTEREY,UNINCORPORATED,-121.5277099609375,36.623123168945312
94740955,2025,2025-06-26,9730,2025-06-18,2304,024087,,3,3,9,2700,0,1,3,,1,074,SR-1,"SALINAS ROAD O/C",85.00,N,N,B,-,Y,MON,,1," ",T,101.066,H,,L,Y,2,0,2,1,A,-,01,23152,A,N,E,I,A,A,H,-,C,D,0,,,,,Y,Y,A,01,2,0,0,0,0,0,0,0,0,"- ","- ",36.8702392578125,-121.77033996582031,MONTEREY,UNINCORPORATED,-121.77021026611328,36.870231628417969
94741025,2025,2025-06-26,9730,2025-06-19,1155,024069,,4,1,9,2700,0,1,2,,1,070,"NORTHBOUND US-101","DUNBARTON ROAD",2650.00,S,N,A,-,Y,MON,,101," "," ",99.253,H,,R,N,4,0,6,2,A,-,03,22350,,N,C,C,A,A,H,-,A,D,0,,,,,Y,,A,01,0,0,6,0,0,0,0,0,0,"- ","- ",36.829360961914062,-121.629150390625,MONTEREY,UNINCORPORATED,-121.62903594970703,36.82940673828125
94741048,2025,2025-06-26,9730,2025-06-20,1033,019127,,5,1,9,2700,0,2,4,,2,063,"W. BLANCO RD","HITCHCOCK RD",2112.00,E,N,A,-,N,,,,,,,,,,N,4,0,1,2,A,-,06,21755,A,N,B,C,A,A,H,-,A,D,0,,,,,Y,,A,07,0,0,1,0,0,0,0,0,0,"- ","- ",36.672481536865234,-121.69521331787109,MONTEREY,UNINCORPORATED,-121.69583892822266,36.672779083251953
94741186,2025,2025-06-26,9730,2025-06-22,1100,023678,,7,1,9,2700,0,2,4,,1,075,"SAN JUAN ROAD","1989 SAN JUAN ROAD",0.00,,Y,A,-,N,,,,,,,,,,Y,4,0,1,2,A,-,09,21801,A,N,D,C,A,A,H,-,A,D,0,,,,Y,Y,,G,25,0,0,1,0,0,0,0,0,0,"- ","- ",36.880760192871094,-121.66208648681641,MONTEREY,UNINCORPORATED,-121.75039672851562,36.904518127441406
94741405,2025,2025-06-26,9735,2025-06-15,2032,024047,,7,2,9,2700,0,3,5,,2,001,"PINE CANYON RD","SHETLAND DR",1056.00,N,N,A,-,Y,,,,,,,,,,Y,3,0,1,1,A,-,03,22350,,N,E,J,A,A,H,-,B,D,0,,,Y,,Y,,-,"- ",0,1,0,0,0,0,0,0,1,"- ","- ",36.15380859375,-121.179443359375,MONTEREY,UNINCORPORATED,-121.17267608642578,36.155277252197266
94743898,2025,2025-06-30,9735,2025-06-21,1543,024333,,6,2,9,2700,0,3,5,,2,002,"INTERLAKE RD","ADOBE LN/PL",6072.00,S,N,A,-,N,,,,,,,,,,Y,3,0,2,1,A,-,01,23152,A,N,F,0,A,A,H,-,A,D,0,,,,,Y,Y,A,08,0,2,0,0,0,0,0,0,0,"- ","- ",35.909690856933594,-121.08792114257812,MONTEREY,UNINCORPORATED,-121.08802032470703,35.910301208496094
94744356,2025,2025-06-30,9730,2025-06-19,1240,022500,,4,1,9,2700,0,3,5,,2,002,"OLMSTED ROAD","VIA MALPASO",700.00,N,N,A,-,N,,,,,,,,,,Y,3,0,1,3,A,-,08,22107,,N,D,C,A,A,H,-,A,D,0,,,,Y,Y,,A,01,0,1,0,0,0,0,0,0,0,"- ","- ",36.581130981445312,-121.84989166259766,MONTEREY,UNINCORPORATED,-121.84982299804688,36.581043243408203
94746294,2025,2025-07-02,9730,2025-06-21,1636,021358,,6,2,9,2700,0,1,3,,2,062,SR-1,"FREMONT STREET",120.00,S,N,A,-,Y,,,,,,,,,,N,2,0,1,1,A,-,03,22350,,N,F,0,A,A,H,-,A,D,0,,,Y,,Y,,C,02,1,0,0,0,0,0,0,0,1,"- ","- ",36.595069885253906,-121.86723327636719,MONTEREY,UNINCORPORATED,-121.84141540527344,36.623977661132812
94746503,2025,2025-07-07,9730,2025-06-22,1042,021776,,7,1,9,2700,0,1,3,,1,022,SR-1,"OCEAN AVENUE",36.00,N,N,A,-,Y,MON,,1," "," ",73.814,H,,R,N,4,0,1,2,A,-,03,22350,,M,C,C,A,A,H,-,A,A,0,,,,,Y,,-,99,0,0,1,0,0,0,0,0,0,"- ","- ",36.556190490722656,-121.91129302978516,MONTEREY,UNINCORPORATED,-121.91119384765625,36.556198120117188
94747772,2025,2025-07-07,9730,2025-06-22,1744,023584,,7,2,9,2700,0,3,5,,2,004,"RIVER RD.","CHUALAR RIVER RD.",5280.00,N,N,A,-,N,,,,,,,,,,Y,4,0,1,2,A,-,08,22107,,N,B,C,A,A,H,-,A,D,0,,,,,Y,,A,01,0,0,1,0,0,0,0,0,0,"- ","- ",36.563461303710938,-121.5634765625,MONTEREY,UNINCORPORATED,-121.56414031982422,36.564083099365234
94747794,2025,2025-07-07,9730,2025-06-23,"640 ",024414,,1,1,9,2700,0,2,S,,2,901,"BLANCO ROAD","LA MESA WAY",0.00,,Y,A,-,N,,,,,,,,,,N,4,0,1,2,A,-,09,21802,A,N,D,C,A,A,H,-,A,A,0,,,,,Y,,A,07,0,0,1,0,0,0,0,0,0,"- ","- ",36.652740478515625,-121.64701080322266,MONTEREY,UNINCORPORATED,-121.64707183837891,36.652645111083984
94747841,2025,2025-07-07,9730,2025-06-23,"946 ",020916,,1,1,9,2700,0,3,5,,2,007,"RAILROAD AVE","ALLISON STREET",715.00,W,N,A,-,N,,,,,,,,,,Y,3,0,1,2,A,-,08,22107,,N,C,E,A,A,H,-,A,D,0,,,,Y,Y,,A,07,0,1,0,0,0,0,0,0,0,"- ","- ",36.897960662841797,-121.73816680908203,MONTEREY,UNINCORPORATED,-121.73808288574219,36.897933959960938
94747852,2025,2025-07-07,9730,2025-06-23,1611,020916,,1,2,9,2700,0,3,5,,2,007,"SAN MIGUEL CANYON RD","TARPEY RD",0.00,,Y,A,-,N,,,,,,,,,,Y,4,0,1,2,A,-,09,21802,A,N,D,C,A,A,H,-,A,A,0,,,,,Y,,D,22,0,0,1,0,0,0,0,0,0,"- ","- ",36.860931396484375,-121.68778991699219,MONTEREY,UNINCORPORATED,-121.68782043457031,36.860950469970703
94747894,2025,2025-07-07,9730,2025-05-21,1000,018302,,3,1,9,2700,0,2,4,,2,063,"W. BLANCO ROAD","S. DAVIS ROAD",0.00,,Y,A,-,N,,,,,,,,,,Y,4,0,2,2,B,-,22,,,N,D,2,A,A,H,-,A,A,0,,,,,Y,,J,48,0,0,2,0,0,0,0,0,0,"- ","- ",36.666790008544922,-121.68520355224609,MONTEREY,UNINCORPORATED,-121.68511199951172,36.666801452636719
94747938,2025,2025-07-07,9730,2025-06-25,2123,024087,,3,2,9,2700,0,2,4,,1,073,"ELKHORN ROAD","WERNER ROAD",0.00,,Y,B,-,N,,,,,,,,,,Y,4,0,2,3,A,-,09,21801,A,N,D,C,A,A,H,-,D,D,0,,,,,Y,,A,07,0,0,2,0,0,0,0,0,0,"- ","- ",36.878959655761719,-121.74723815917969,MONTEREY,UNINCORPORATED,-121.74723052978516,36.878974914550781
94748064,2025,2025-07-07,9730,2025-06-23,"930 ",024414,,1,1,9,2700,0,3,5,,2,006,"RESERVATION ROAD","INTER-GARRISON ROAD",0.00,,Y,A,-,N,,,,,,,,,,N,3,0,2,2,A,-,09,21453,C,N,D,C,A,A,H,-,A,A,0,,,,,Y,,-,"- ",0,2,0,0,0,0,0,0,0,"- ","- ",36.659648895263672,-121.74179077148438,MONTEREY,UNINCORPORATED,-121.74169921875,36.6597900390625
9474838,2022,2022-07-27,2707,2022-06-12,1940,2245,2707,7,5,3,2707,0,0,0,,0,002,"CENTRAL AV","DEWEY AV",209.00,W,N,A,G,N,,,,,,,,,,N,3,0,2,2,A,-,08,22107,,N,B,E,A,A,H,-,B,D,0,,,,,Y,,A,07,0,1,1,0,0,0,0,0,0,"- ","- ",,,MONTEREY,"PACIFIC GROVE",-121.90691375732422,36.619152069091797
9474842,2022,2022-07-14,2707,2022-06-20,1514,2340,2707,1,5,3,2707,0,0,0,,0,002,"ASILOMAR AV","JEWELL AV",500.00,S,N,A,-,N,,,,,,,,,,N,3,0,1,2,A,-,01,23153,A,F,D,G,A,A,H,-,A,D,0,,Y,,,Y,Y,D,23,0,1,0,0,0,0,1,0,0,"- ","- ",,,MONTEREY,"PACIFIC GROVE",-121.93500518798828,36.628856658935547
9475020,2022,2022-07-08,2707,2022-05-23,0900,2254,,1,5,3,2707,0,0,0,,0,002,"BLOCKSUNSET DR","ASILOMAR BL",300.00,W,N,A,-,N,,,,,,,,,,N,3,0,1,1,A,-,03,22350,,N,H,G,A,A,H,-,A,A,0,,Y,,,Y,,L,04,0,1,0,0,0,0,1,0,0,"- ","- ",,,MONTEREY,"PACIFIC GROVE",-121.93704223632812,36.616119384765625
9475037,2022,2022-07-15,2707,2022-06-11,1409,2349,,6,5,3,2707,0,0,0,,0,001,"CONGRESS AV","SUNSET DR",0.00,,Y,A,-,N,,,,,,,,,,Y,4,0,2,2,A,-,09,21802,A,N,D,C,A,A,H,-,A,A,0,,,,,Y,,A,01,0,0,2,0,0,0,0,0,0,"- ","- ",,,MONTEREY,"PACIFIC GROVE",-121.92704010009766,36.613243103027344
9475040,2022,2022-07-14,2707,2022-06-18,1822,2349,2707,6,5,3,2707,0,0,0,,0,002,"LIGHTHOUSE AV","DEL MONTE BL",0.00,,Y,A,-,N,,,,,,,,,,Y,3,0,2,2,A,-,09,21802,A,N,D,C,A,A,H,-,A,A,0,,,,,Y,,A,01,0,1,1,0,0,0,0,0,0,"- ","- ",,,MONTEREY,"PACIFIC GROVE",-121.92577362060547,36.624832153320312
94750476,2025,2025-07-07,9730,2025-06-27,"538 ",023772,,5,3,9,2700,0,3,5,,2,007,"VIERRA CANYON ROAD",SR-156,0.00,,Y,B,-,Y,MON,,156," ",T,5.427,H,,R,Y,3,0,1,2,A,-,09,21801,A,N,D,C,A,A,H,-,A,A,0,,,,,Y,,A,08,0,1,0,0,0,0,0,0,0,"- ","- ",36.791988372802734,-121.66494750976562,MONTEREY,UNINCORPORATED,-121.66493988037109,36.791908264160156
94750480,2025,2025-07-07,9730,2025-06-27,1931,023584,,5,2,9,2700,0,3,5,,2,004,"OLD STAGE RD.","CHUALAR CANYON RD.",2640.00,S,N,A,-,N,,,,,,,,,,Y,4,0,1,1,A,-,01,23152,A,N,E,I,A,A,H,-,A,D,0,,,,,Y,Y,D,22,0,0,1,0,0,0,0,0,0,"- ","- ",36.570449829101562,-121.48931884765625,MONTEREY,UNINCORPORATED,-121.48925018310547,36.570430755615234
94750482,2025,2025-09-04,9730,2025-06-28,"535 ",022129,,6,3,9,2700,0,1,3,,1,066,SR-183,"ESPINOSA ROAD",4646.00,S,N,B,-,Y,MON,,183," ",R,6.753,H,,R,Y,3,0,5,2,A,-,08,22107,,N,A,C,A,A,H,-,A,D,0,,,,,Y,,D,22,0,2,3,0,0,0,0,0,0,"- ","- ",36.732681274414062,-121.73532867431641,MONTEREY,UNINCORPORATED,-121.73532867431641,36.732681274414062
9475055,2021,2022-08-19,2708,2021-09-20,1600,50883,SALIN,1,5,6,2708,0,0,0,,0,009,"EAST BLANCO RD","ABBOTT ST",0.00,,Y,A,-,N,,,,,,,,,,N,4,0,2,2,A,-,03,22350,,N,C,C,A,A,H,-,A,A,0,,,,Y,Y,Y,G,25,0,0,2,0,0,0,0,0,0,"- ","- ",,,MONTEREY,SALINAS,-121.63584136962891,36.657253265380859
9475059,2022,2022-10-26,2708,2022-01-04,1504,80368,SALIN,2,5,6,2708,0,0,0,,0,008,"E ALISAL ST","WORK ST",5.00,W,N,B,-,N,,,,,,,,,,N,2,0,1,2,A,-,10,21950,A,N,G,B,B,A,H,-,A,A,0,Y,,,,Y,,D,22,1,0,0,0,1,0,0,0,0,"- ","- ",,,MONTEREY,SALINAS,-121.64344787597656,36.674480438232422
94750799,2025,2025-07-17,9730,2025-06-28,1830,022092,,6,2,9,2700,0,3,5,,2,006,"CALLE DEL ADOBE","BORONDA ROAD",0.00,,Y,B,-,N,,,,,,,,,,Y,3,0,4,3,A,-,03,22350,,N,C,C,A,A,H,-,A,A,0,,,,,Y,,A,01,0,1,3,0,0,0,0,0,0,"- ","- ",36.700199127197266,-121.67746734619141,MONTEREY,UNINCORPORATED,-121.67774963378906,36.700210571289062
94750802,2025,2025-07-07,9730,2025-06-29,"119 ",023829,,7,3,9,2700,0,1,3,,2,062,SR-1,"SOLEDAD ROAD",898.00,S,N,E,G,Y,MON,,1," ",R,76.012,H,,R,Y,4,0,1,1,A,-,01,23152,A,N,E,I,A,A,H,-,D,D,0,,,,,Y,Y,A,01,0,0,1,0,0,0,0,0,0,"- ","- ",36.581901550292969,-121.89968109130859,MONTEREY,UNINCORPORATED,-121.89967346191406,36.581882476806641
94750805,2025,2025-07-07,9730,2025-06-30,1605,022137,,1,2,9,2700,0,1,3,,1,074,"RT 1","SALINAS RD",1320.00,S,N,A,-,Y,MON,,1," "," ",100.526,H,,R,Y,3,0,5,4,A,-,03,22350,,N,C,C,A,A,H,-,A,D,0,,,,,Y,,D,22,0,2,3,0,0,0,0,0,0,"- ","- ",36.862560272216797,-121.77113342285156,MONTEREY,UNINCORPORATED,-121.77104949951172,36.862560272216797
94751881,2025,2025-07-07,9735,2025-06-22,1623,023199,,7,2,9,2700,0,1,2,,1,041,"TEAGUE AVE","CENTRAL AVENUE",60.00,E,N,A,-,N,,,,,,,,,,N,3,0,1,1,A,-,01,23152,A,N,E,I,A,A,H,-,A,D,0,,,,,Y,Y,A,01,0,1,0,0,0,0,0,0,0,"- ","- ",36.251869201660156,-121.19774627685547,MONTEREY,UNINCORPORATED,-121.19758605957031,36.251823425292969
94751895,2025,2025-07-07,9735,2025-06-30,1730,024182,,1,2,9,2700,0,3,5,,2,004,"RANCHITA AVE","RANCHITA CANYON RD",325.00,N,N,A,-,N,,,,,,,,,,Y,2,0,1,1,A,-,03,22350,,N,F,A,A,A,B,-,A,D,0,,,Y,,Y,,C,02,1,0,0,0,0,0,0,0,1,"- ","- ",35.819801330566406,-120.54376983642578,MONTEREY,UNINCORPORATED,-120.54898834228516,35.8131103515625
94751915,2025,2025-07-07,9735,2025-07-02,"120 ",024169,,3,3,9,2700,0,1,3,,2,030,"METZ RD","AIRPORT RD",8606.00,N,N,A,-,N,,,,,,,,,,Y,3,0,1,1,A,-,08,22107,,N,F,8,A,A,H,-,D,D,0,,,,,Y,,A,01,0,1,0,0,0,0,0,0,0,"- ","- ",36.248950958251953,-121.13610076904297,MONTEREY,UNINCORPORATED,-121.13602447509766,36.248298645019531
9475225,2022,2022-07-12,2706,2022-06-11,1110,328,,6,5,4,2706,0,0,0,,0,001,"WAVE ST","HOFFMAN AV",130.00,N,N,A,-,N,,,,,,,,,,N,3,0,1,2,A,-,08,22102,,N,B,G,A,A,H,-,A,D,0,,Y,,,Y,,A,07,0,1,0,0,0,0,1,0,0,"- ","- ",,,MONTEREY,MONTEREY,-121.90033721923828,36.61474609375
94753401,2025,2025-07-08,9730,2025-06-25,1301,020916,,3,1,9,2700,0,3,5,,2,007,"SALINAS RD","ASSOCIATED LN",0.00,,Y,A,-,N,,,,,,,,,,N,4,0,1,2,A,-,21,22106,,N,D,G,A,A,H,-,A,A,0,,Y,,,Y,,D,22,0,0,1,0,0,0,1,0,0,"- ","- ",36.897781372070312,-121.74803161621094,MONTEREY,UNINCORPORATED,-121.74791717529297,36.897785186767578
94753412,2025,2025-07-08,9730,2025-06-26,1730,024061,,4,2,9,2700,0,1,2,,1,070,"NB 101",SR-156,416.00,S,N,B,-,Y,MON,,101," "," ",95.362,H,,R,N,4,0,1,3,A,-,03,22350,,N,C,C,A,A,H,-,A,D,0,,,,,Y,,A,07,0,0,1,0,0,0,0,0,0,"- ","- ",36.788440704345703,-121.66770172119141,MONTEREY,UNINCORPORATED,-121.66773986816406,36.788444519042969
94753430,2025,2025-07-08,9730,2025-06-28,2120,023651,,6,2,9,2700,0,3,5,,2,007,"MAHER ROAD","TARPEY ROAD",0.00,,Y,A,-,N,,,,,,,,,,Y,3,0,1,2,A,-,08,22107,,N,D,C,A,A,H,-,D,A,0,,,,,Y,,A,01,0,1,0,0,0,0,0,0,0,"- ","- ",36.86090087890625,-121.68704986572266,MONTEREY,UNINCORPORATED,-121.68705749511719,36.861038208007812
94753460,2025,2025-07-08,9730,2025-06-29,2500,023651,,7,4,9,2700,0,3,5,,2,006,"DAVIS ROAD","RESERVATION ROAD",55.00,S,N,B,-,N,,,,,,,,,,Y,2,0,1,1,A,-,01,23152,A,N,E,I,A,A,H,-,C,A,0,,,,,Y,Y,A,01,1,0,0,0,0,0,0,0,0,"- ","- ",36.641529083251953,-121.70681762695312,MONTEREY,UNINCORPORATED,-121.70659637451172,36.641731262207031
94753511,2025,2025-07-08,9730,2025-06-29,"658 ",023678,,7,1,9,2700,0,1,2,,1,030,US-101,"OLD STAGE ROAD",8448.00,N,N,B,-,Y,MON,,101," "," ",74.227,H,,R,Y,3,0,1,2,A,-,03,22350,,N,C,C,A,A,H,-,A,D,0,,,,,Y,,A,01,0,1,0,0,0,0,0,0,0,"- ","- ",36.539649963378906,-121.48528289794922,MONTEREY,UNINCORPORATED,-121.48511505126953,36.539775848388672
94753612,2025,2025-07-08,9730,2025-06-30,1709,023317,,1,2,9,2700,0,1,3,,1,068,SR-68,"SAN BENANCIO RD",528.00,E,N,A,-,Y,MON,,68," "," ",13.441,H,,R,Y,3,0,1,3,A,-,03,22350,,N,C,C,A,A,H,-,A,D,0,,,,,Y,,A,07,0,1,0,0,0,0,0,0,0,"- ","- ",36.58074951171875,-121.71913146972656,MONTEREY,UNINCORPORATED,-121.71910095214844,36.580718994140625
94753646,2025,2025-07-08,9730,2025-06-21,1911,023884,,6,2,9,2700,0,2,4,,1,073,"WILLOW ROAD","HALL ROAD",10.00,S,N,A,-,N,,,,,,,,,,N,4,0,1,2,A,-,03,22350,,F,C,C,A,A,H,-,A,A,0,,,,,Y,Y,A,07,0,0,1,0,0,0,0,0,0,"- ","- ",36.865608215332031,-121.73503112792969,MONTEREY,UNINCORPORATED,-121.73506164550781,36.865642547607422
94753726,2025,2025-07-08,9730,2025-07-01,1605,024414,,2,2,9,2700,0,1,2,,1,070,"US-101 SB",DUNBARTON,1056.00,S,N,A,-,Y,MON,,101," "," ",100.064,H,,L,N,4,0,3,5,A,-,03,22350,,N,C,C,A,A,H,-,A,D,0,,,,,Y,,D,22,0,0,3,0,0,0,0,0,0,"- ","- ",36.840888977050781,-121.63269805908203,MONTEREY,UNINCORPORATED,-121.63272094726562,36.840885162353516
94753753,2025,2025-07-08,9730,2025-07-01,2138,020233,,2,2,9,2700,0,1,2,,1,030,"US-101 SOUTHBOUND",CTF,1056.00,S,N,B,-,Y,MON,,101," "," ",65.682,H,,L,Y,3,0,2,2,D,-,00,,,N,B,C,A,A,H,-,D,D,0,,,,,Y,,-,"- ",0,2,0,0,0,0,0,0,0,"- ","- ",36.45819091796875,-121.37795257568359,MONTEREY,UNINCORPORATED,-121.37794494628906,36.45819091796875
94753915,2025,2025-07-08,9730,2025-07-04,1850,022092,,5,2,9,2700,0,1,3,,1,066,"MERRITT STREET","WOOD STREET",0.00,,Y,A,-,Y,MON,,183," "," ",8.937,H,,R,N,3,0,1,1,A,-,03,22350,,N,F,A,A,A,H,-,A,D,0,,,Y,,Y,,-,"- ",0,1,0,0,0,0,0,0,1,"- ","- ",36.760730743408203,-121.75141143798828,MONTEREY,UNINCORPORATED,-121.75135040283203,36.760776519775391
94754988,2025,2025-07-09,9730,2025-06-25,2050,020233,,3,2,9,2700,0,1,2,,1,030,"US-101 SOUTHBOUND","OLD STAGE ROAD",10560.00,N,N,B,-,Y,MON,,101," "," ",75.105,H,,L,Y,2,0,2,3,A,-,01,23152,A,N,A,C,A,A,H,-,D,D,0,,,,,Y,Y,A,01,1,1,0,0,0,0,0,0,0,"- ","- ",36.548721313476562,-121.49624633789062,MONTEREY,UNINCORPORATED,-121.49626922607422,36.548702239990234
94755000,2025,2025-07-09,9730,2025-07-03,1504,024069,,4,2,9,2700,0,1,3,,1,022,"STATE ROUTE 1","ATHERTON DRIVE",400.00,N,N,A,-,Y,MON,,1," "," ",73.181,H,,R,N,3,0,2,2,A,-,03,22350,,N,C,C,A,A,H,-,A,D,0,,,,,Y,,A,01,0,2,0,0,0,0,0,0,0,"- ","- ",36.546981811523438,-121.90976715087891,MONTEREY,UNINCORPORATED,-121.90973663330078,36.546981811523438
94755192,2025,2025-07-09,9735,2025-07-03,1438,024594,,4,2,9,2700,0,1,2,,1,040,"US-101 NORTHBOUND","WALNUT AVENUE",1056.00,S,N,A,-,Y,MON,,101," "," ",53.661,H,,R,N,3,0,1,2,A,-,03,22350,,F,C,G,A,A,H,-,A,D,0,,Y,,,Y,,A,07,0,1,0,0,0,0,1,0,0,"- ","- ",36.327388763427734,-121.2412109375,MONTEREY,UNINCORPORATED,-121.24129486083984,36.327327728271484
94755629,2025,2025-07-09,9735,2025-07-07,1530,024594,,1,2,9,2700,0,3,5,,2,003,"CATTLEMEN ROAD","BUNTE ROAD",0.00,,Y,A,-,N,,,,,,,,,,Y,4,0,2,2,A,-,09,21804,A,N,D,C,A,A,H,-,A,D,0,,,,,Y,,D,22,0,0,2,0,0,0,0,0,0,"- ","- ",36.169639587402344,-121.05811309814453,MONTEREY,UNINCORPORATED,-121.058083,36.169629999999998
94758269,2025,2025-07-11,9730,2025-07-06,1230,022129,,7,1,9,2700,0,3,5,,2,007,"PRESTON STREET","MCDOUGALL STREET",72.00,E,N,B,-,N,,,,,,,,,,N,3,0,1,3,A,-,01,23152,A,F,D,C,A,A,H,-,A,D,0,,,,,Y,Y,A,01,0,1,0,0,0,0,0,0,0,"- ","- ",36.766849517822266,-121.75724792480469,MONTEREY,UNINCORPORATED,-121.75730133056641,36.766796112060547
94758277,2025,2025-07-11,9730,2025-07-06,1257,022129,,7,1,9,2700,0,3,5,,2,007,"ESPINOSA ROAD","RODGERS ROAD",19.00,E,N,B,-,N,,,,,,,,,,Y,3,0,1,1,A,-,01,23152,A,N,E,I,A,A,H,-,A,D,0,,,,,Y,Y,A,01,0,1,0,0,0,0,0,0,0,"- ","- ",36.744121551513672,-121.69139099121094,MONTEREY,UNINCORPORATED,-121.69132995605469,36.744281768798828
94758419,2025,2025-07-11,9730,2025-07-02,1558,021358,,3,2,9,2700,0,1,2,,1,050,"US-101 SB","MAIN STREET",1000.00,N,N,A,-,Y,MON,,101," ",R,88.575,H,,L,N,4,0,1,3,A,-,03,22350,,N,C,C,A,A,H,-,A,D,0,,,,,Y,,D,22,0,0,1,0,0,0,0,0,0,"- ","- ",36.68988037109375,-121.65724945068359,MONTEREY,UNINCORPORATED,-121.65725708007812,36.689872741699219
94758426,2025,2025-07-11,9730,2025-07-08,1621,023317,,2,2,9,2700,0,1,3,,1,074,SR-1,"STRUVE RD",528.00,S,N,A,-,Y,MON,,1," "," ",97.534,H,,R,Y,4,0,1,3,A,-,03,22350,,N,C,C,A,A,H,-,A,D,0,,,,,Y,,A,01,0,0,1,0,0,0,0,0,0,"- ","- ",36.822921752929688,-121.78114318847656,MONTEREY,UNINCORPORATED,-121.78112030029297,36.822891235351562