CASE_ID,ACCIDENT_YEAR,PROC_DATE,JURIS,COLLISION_DATE,COLLISION_TIME,OFFICER_ID,REPORTING_DISTRICT,DAY_OF_WEEK,CHP_SHIFT,POPULATION,CNTY_CITY_LOC,SPECIAL_COND,BEAT_TYPE,CHP_BEAT_TYPE,CITY_DIVISION_LAPD,CHP_BEAT_CLASS,BEAT_NUMBER,PRIMARY_RD,SECONDARY_RD,DISTANCE,DIRECTION,INTERSECTION,WEATHER_1,WEATHER_2,STATE_HWY_IND,CALTRANS_COUNTY,CALTRANS_DISTRICT,STATE_ROUTE,ROUTE_SUFFIX,POSTMILE_PREFIX,POSTMILE,LOCATION_TYPE,RAMP_INTERSECTION,SIDE_OF_HWY,TOW_AWAY,COLLISION_SEVERITY,NUMBER_KILLED,NUMBER_INJURED,PARTY_COUNT,PRIMARY_COLL_FACTOR,PCF_CODE_OF_VIOL,PCF_VIOL_CATEGORY,PCF_VIOLATION,PCF_VIOL_SUBSECTION,HIT_AND_RUN,TYPE_OF_COLLISION,MVIW,PED_ACTION,ROAD_SURFACE,ROAD_COND_1,ROAD_COND_2,LIGHTING,CONTROL_DEVICE,CHP_ROAD_TYPE,PEDESTRIAN_ACCIDENT,BICYCLE_ACCIDENT,MOTORCYCLE_ACCIDENT,TRUCK_ACCIDENT,NOT_PRIVATE_PROPERTY,ALCOHOL_INVOLVED,STWD_VEHTYPE_AT_FAULT,CHP_VEHTYPE_AT_FAULT,COUNT_SEVERE_INJ,COUNT_VISIBLE_INJ,COUNT_COMPLAINT_PAIN,COUNT_PED_KILLED,COUNT_PED_INJURED,COUNT_BICYCLIST_KILLED,COUNT_BICYCLIST_INJURED,COUNT_MC_KILLED,COUNT_MC_INJURED,PRIMARY_RAMP,SECONDARY_RAMP,LATITUDE,LONGITUDE,COUNTY,CITY,POINT_X,POINT_Y
94856990,2025,2025-09-23,9730,2025-09-05,"813 ",024061,,5,1,9,2700,0,3,5,,2,002,"PASO HONDO","VILLAGE DR",288.00,W,N,A,-,N,,,,,,,,,,N,3,0,1,2,A,-,08,22107,,N,C,G,A,A,H,-,A,D,0,,Y,,,Y,,A,07,0,1,0,0,0,0,1,0,0,"- ","- ",36.476829528808594,-121.73069000244141,MONTEREY,UNINCORPORATED,-121.73072052001953,36.476852416992188
94858375,2025,2025-09-24,9730,2025-09-17,"700 ",020584,,3,1,9,2700,0,2,4,,1,073,"ELKHORN RD.","HUDSON LANDING RD.",100.00,S,N,B,-,N,,,,,,,,,,Y,4,0,1,3,A,-,03,22350,,N,C,C,A,A,D,-,B,D,0,,,,,Y,,A,01,0,0,1,0,0,0,0,0,0,"- ","- ",36.875148773193359,-121.7457275390625,MONTEREY,UNINCORPORATED,-121.74590301513672,36.875270843505859
94858382,2025,2025-09-24,9730,2025-09-17,"830 ",020584,,3,1,9,2700,0,2,4,,1,073,"SALINAS RD.","JONATHAN ST.",100.00,S,N,A,-,N,,,,,,,,,,Y,4,0,2,2,A,-,03,22350,,N,C,C,A,A,H,-,A,D,0,,,,,Y,,A,08,0,0,2,0,0,0,0,0,0,"- ","- ",36.900569915771484,-121.74819183349609,MONTEREY,UNINCORPORATED,-121.74814605712891,36.900547027587891
94858465,2025,2025-09-24,9730,2025-09-17,1645,023678,,3,2,9,2700,0,3,5,,2,006,"S. DAVIS RD","CENTRAL AVE",318.00,N,N,A,-,N,,,,,,,,,,Y,4,0,1,2,A,-,09,21804,A,N,D,C,A,A,H,-,A,D,0,,,,,Y,,A,01,0,0,1,0,0,0,0,0,0,"- ","- ",36.677310943603516,-121.6761474609375,MONTEREY,UNINCORPORATED,-121.6761474609375,36.677204132080078
94858518,2025,2025-09-24,9730,2025-09-17,"748 ",020916,,3,1,9,2700,0,1,2,,1,050,"US-101 SOUTHBOUND","MARKET STREET",1320.00,N,N,A,-,Y,MON,,101," "," ",87.545,H,,L,N,4,0,1,2,A,-,03,22350,,N,F,A,A,A,H,-,A,D,0,,,Y,,Y,,C,02,0,0,1,0,0,0,0,0,1,"- ","- ",36.680961608886719,-121.64264678955078,MONTEREY,UNINCORPORATED,-121.64266967773438,36.680950164794922
94858600,2025,2025-09-24,9730,2025-09-17,1805,020233,,3,2,9,2700,0,3,5,,2,003,"RIVER ROAD","CHUALAR RIVER ROAD",8448.00,N,N,B,-,N,,,,,,,,,,Y,4,0,2,3,A,-,05,21460,,N,B,C,A,A,H,-,A,D,0,,,,Y,Y,,A,07,0,0,2,0,0,0,0,0,0,"- ","- ",36.570159912109375,-121.57066345214844,MONTEREY,UNINCORPORATED,-121.57123565673828,36.570583343505859
94858655,2025,2025-09-24,9730,2025-09-08,1534,023618,,1,2,9,2700,0,3,5,,2,004,"SPENCE ROAD","OLD STAGE ROAD",3907.00,W,N,A,-,N,,,,,,,,,,Y,2,0,2,2,A,-,01,23152,A,N,A,C,A,A,H,-,A,D,0,,,,Y,Y,Y,A,01,1,0,1,0,0,0,0,0,0,"- ","- ",36.623329162597656,-121.55046844482422,MONTEREY,UNINCORPORATED,-121.55040740966797,36.623268127441406
94858715,2025,2025-09-24,9730,2025-09-15,1731,023618,,1,2,9,2700,0,1,2,,1,030,"US-101 S/B","CHUALAR RIVER RD",550.00,N,N,A,-,Y,MON,,101," "," ",77.081,H,,L,Y,4,0,2,3,A,-,03,22350,,N,C,C,A,A,H,-,A,D,0,,,,,Y,,A,01,0,0,2,0,0,0,0,0,0,"- ","- ",36.570541381835938,-121.519287109375,MONTEREY,UNINCORPORATED,-121.51930999755859,36.570526123046875
94859841,2025,2025-09-25,9730,2025-09-19,1607,022500,,5,2,9,2700,0,3,5,,2,006,"SAN JUAN GRADE ROAD","ROGGE VILLAGE WAY",300.00,N,N,B,-,N,,,,,,,,,,N,4,0,1,2,A,-,03,22350,,N,C,C,A,A,H,-,A,D,0,,,,,Y,,A,07,0,0,1,0,0,0,0,0,0,"- ","- ",36.736869812011719,-121.63546752929688,MONTEREY,UNINCORPORATED,-121.63545227050781,36.736820220947266
94859874,2025,2025-09-25,9730,2025-09-20,1213,023678,,6,1,9,2700,0,1,3,,1,074,SR-1,"SALINAS RD",3168.00,S,N,A,-,Y,MON,,1," "," ",100.414,H,,R,N,4,0,2,2,A,-,03,22350,,N,C,C,A,A,H,-,A,D,0,,,,,Y,,D,22,0,0,2,0,0,0,0,0,0,"- ","- ",36.860950469970703,-121.77113342285156,MONTEREY,UNINCORPORATED,-121.77106475830078,36.860950469970703
94859902,2025,2025-09-25,9730,2025-09-22,"756 ",019512,,1,1,9,2700,0,1,2,,1,070,"US-101 SOUTHBOUND","DUNBARTON ROAD",450.00,S,N,A,-,Y,,,,,,,,,,N,4,0,1,1,A,-,08,22107,,N,E,J,A,A,D,-,A,D,0,,,,,Y,,A,01,0,0,1,0,0,0,0,0,0,"- ","- ",36.842918395996094,-121.66364288330078,MONTEREY,UNINCORPORATED,-121.63064575195312,36.836635589599609
94860186,2025,2025-09-25,9730,2025-09-15,"735 ",024703,,1,1,9,2700,0,3,5,,2,007,"OLD STAGE ROAD","HEBERT ROAD",2006.00,S,N,A,-,N,,,,,,,,,,Y,2,0,3,2,A,-,08,22107,,N,D,C,A,A,H,-,A,D,0,,,,,Y,,A,01,3,0,0,0,0,0,0,0,0,"- ","- ",36.749839782714844,-121.60694122314453,MONTEREY,UNINCORPORATED,-121.60690307617188,36.749763488769531
94860352,2025,2025-09-25,9730,2025-09-04,1320,024703,,4,1,9,2700,0,1,2,,1,070,"HARRISON ROAD","SALA ROAD",400.00,N,N,A,-,N,,,,,,,,,,Y,3,0,1,2,A,-,05,21651,A,F,A,C,A,A,H,-,A,D,0,,,,,Y,,-,99,0,1,0,0,0,0,0,0,0,"- ","- ",36.743099212646484,-121.65695953369141,MONTEREY,UNINCORPORATED,-121.65715026855469,36.745536804199219
94861557,2025,2025-09-26,9735,2025-09-10,1530,024594,,3,2,3,2705,0,2,4,,2,010,"ARROYO SECO","THORNE ROAD",53.00,S,N,A,-,N,,,,,,,,,,Y,3,0,1,1,A,-,03,22350,,N,E,I,A,D,H,-,A,D,0,,,,,Y,,A,01,0,1,0,0,0,0,0,0,0,"- ","- ",36.314468383789062,-121.31140899658203,MONTEREY,"KING CITY",-121.31121063232422,36.314655303955078
9486183,2022,2022-09-16,2701,2022-08-11,1153,195,CRML,4,5,2,2701,0,0,0,,0,00N,"SAN CARLOS ST","5TH AV",34.00,S,N,A,-,N,,,,,,,,,,Y,4,0,1,2,A,-,08,22107,,N,E,I,F,A,H,-,A,A,0,Y,,,,Y,,A,01,0,0,1,0,1,0,0,0,0,"- ","- ",,,MONTEREY,CARMEL,-121.92182159423828,36.556808471679688
94862174,2025,2025-09-26,9730,2025-09-13,1537,023750,,6,2,9,2700,0,3,5,,2,007,"CASTROVILLE BLVD","MANZANITA PARK LANE",1003.00,W,N,A,-,N,,,,,,,,,,N,4,0,1,1,A,-,08,22107,,N,E,8,A,A,H,-,A,D,0,,,,,Y,,A,01,0,0,1,0,0,0,0,0,0,"- ","- ",36.801368713378906,-121.68589019775391,MONTEREY,UNINCORPORATED,-121.68248748779297,36.802764892578125
9486222,2022,2022-09-22,2712,2022-09-07,2308,1291,2712,3,5,3,2712,0,0,0,,0,001,"IMJIN PKWY","PRESTON DR",876.00,N,N,A,-,N,,,,,,,,,,Y,3,0,1,1,A,-,08,22107,,N,E,J,A,A,H,-,C,A,0,,,,,Y,Y,A,01,0,1,0,0,0,0,0,0,0,"- ","- ",,,MONTEREY,MARINA,-121.76828765869141,36.669834136962891
94864845,2025,2025-09-29,9730,2025-09-21,1512,023584,,7,2,9,2700,0,2,4,,1,073,"ECHO VALLEY RD","SAN MIGUEL CANYON RD",0.00,,Y,A,-,N,,,,,,,,,,N,4,0,1,2,A,-,09,21802,A,N,D,C,A,A,H,-,A,A,0,,,,,Y,,A,01,0,0,1,0,0,0,0,0,0,"- ","- ",36.821750640869141,-121.67343139648438,MONTEREY,UNINCORPORATED,-121.67355346679688,36.821727752685547
94864862,2025,2025-09-29,9730,2025-09-21,1715,021358,,7,2,9,2700,0,1,3,,1,072,SR-156,"MONTE DEL LAGO",300.00,E,N,A,-,Y,MON,,156," "," ",1.481,H,,R,Y,4,0,8,2,A,-,03,22350,,N,C,C,A,A,H,-,A,D,0,,,,,Y,,A,01,0,0,8,0,0,0,0,0,0,"- ","- ",36.772220611572266,-121.73011016845703,MONTEREY,UNINCORPORATED,-121.73011016845703,36.772220611572266
94865083,2025,2025-09-29,9730,2025-09-22,1317,020916,,1,1,9,2700,0,2,4,,1,023,"CARMEL VALLEY ROAD","PASO HONDO",235.00,E,N,A,-,N,,,,,,,,,,Y,4,0,2,2,A,-,09,21804,A,N,D,C,A,A,H,-,A,D,0,,,,,Y,,A,01,0,0,2,0,0,0,0,0,0,"- ","- ",36.478431701660156,-121.72975158691406,MONTEREY,UNINCORPORATED,-121.72978973388672,36.478420257568359
94865089,2025,2025-09-29,9730,2025-09-22,1635,022500,,1,2,9,2700,0,2,4,,2,063,"RESERVATION ROAD","BLANCO ROAD",1056.00,E,N,A,-,N,,,,,,,,,,Y,4,0,1,1,C,-,18,,,N,E,I,A,A,H,-,A,D,0,,,,,Y,,-,"- ",0,0,1,0,0,0,0,0,0,"- ","- ",36.665248870849609,-121.7535400390625,MONTEREY,UNINCORPORATED,-121.75358581542969,36.665458679199219
94866363,2025,2025-09-30,9730,2025-09-03,"440 ",024702,,3,3,9,2700,0,1,3,,1,072,"SR-156 JWO MERIDIAN ROAD","MERIDIAN ROAD",321.00,W,N,A,-,Y,MON,,156," "," ",4.506,H,,R,Y,3,0,1,1,A,-,08,22107,,N,F,A,A,A,H,-,B,D,0,,,,Y,Y,,F,26,0,1,0,0,0,0,0,0,0,"- ","- ",36.788028717041016,-121.67970275878906,MONTEREY,UNINCORPORATED,-121.67967224121094,36.787910461425781
94866555,2025,2025-09-30,9735,2025-09-29,"640 ",023000,,1,1,9,2700,0,1,3,,1,034,"SR-198 WESTBOUND","PINE VALLEY RD",4277.00,W,N,A,-,Y,MON,,198," "," ",9.226,H,,L,Y,3,0,1,1,A,-,08,22107,,N,F,I,A,A,H,-,B,D,0,,,,,Y,,A,01,0,1,0,0,0,0,0,0,0,"- ","- ",36.165691375732422,-120.88474273681641,MONTEREY,UNINCORPORATED,-120.88471221923828,36.165626525878906
94866829,2025,2025-09-30,9730,2025-09-24,"844 ",020899,,3,1,9,2700,0,1,3,,2,062,"NORTHBOUND SR-1 FROM AGUAJITO ROAD","AGUAJITO ROAD",686.00,N,N,C,-,Y,MON,,1," ",R,77.523,H,,R,N,3,0,1,1,A,-,03,22350,,N,E,I,A,B,H,-,A,D,0,,,,,Y,,A,01,0,1,0,0,0,0,0,0,0,"- ","- ",36.592540740966797,-121.87844085693359,MONTEREY,UNINCORPORATED,-121.87854766845703,36.592681884765625
94867017,2025,2025-09-30,9730,2025-09-16,"55  ",024702,,2,3,9,2700,0,1,2,,1,030,"US-101 NORTHBOUND","NORTH OF GOULD ROAD",6389.00,N,N,F,-,Y,MON,,101," "," ",83.725,H,,R,Y,2,0,3,2,A,-,08,22107,,N,A,C,A,A,H,-,B,D,0,,,,,Y,,A,01,1,2,0,0,0,0,0,0,0,"- ","- ",36.638938903808594,-121.60298156738281,MONTEREY,UNINCORPORATED,-121.60285186767578,36.639053344726562
94868031,2025,2025-10-01,9730,2025-09-14,"445 ",023884,,7,3,9,2700,0,3,5,,2,003,"OLD STAGE ROAD","IVERSON ROAD",2000.00,S,N,A,-,N,,,,,,,,,,N,2,0,1,1,A,-,03,22350,,N,E,I,A,A,H,-,D,D,0,,,,,Y,,A,01,1,0,0,0,0,0,0,0,0,"- ","- ",36.536811828613281,-121.46269989013672,MONTEREY,UNINCORPORATED,-121.47469329833984,36.552303314208984
94868092,2025,2025-10-01,9730,2025-09-24,1700,023610,,3,2,9,2700,0,3,5,,2,007,"SALINAS RD","HILLCREST RD",128.00,E,N,A,-,N,,,,,,,,,,N,4,0,2,2,A,-,03,22350,,N,C,C,A,A,H,-,A,D,0,,,,,Y,,A,01,0,0,2,0,0,0,0,0,0,"- ","- ",36.873588562011719,-121.76113891601562,MONTEREY,UNINCORPORATED,-121.76116180419922,36.873638153076172
94868256,2025,2025-10-01,9730,2025-09-25,"620 ",019529,,4,1,9,2700,0,3,5,,2,006,"S. DAVIS ROAD","HITCHCOCK ROAD",0.00,,Y,A,-,N,,,,,,,,,,N,4,0,2,2,A,-,09,21802,A,N,D,C,A,A,H,-,D,A,0,,,,,Y,,A,01,0,0,2,0,0,0,0,0,0,"- ","- ",36.658699035644531,-121.69200897216797,MONTEREY,UNINCORPORATED,-121.69200897216797,36.658710479736328
94868332,2025,2025-10-01,9730,2025-09-25,"845 ",019022,,4,1,9,2700,0,1,3,,1,066,"SR183 (MERRITT STREET)","SPEEGLE STREET",0.00,,Y,A,-,Y,MON,,183," "," ",9.526,H,,R,N,4,0,1,2,A,-,09,21802,A,N,C,C,A,A,D,-,A,A,0,,,,,Y,,D,22,0,0,1,0,0,0,0,0,0,"- ","- ",36.766609191894531,-121.75924682617188,MONTEREY,UNINCORPORATED,-121.75924682617188,36.766609191894531
94868381,2025,2025-10-01,9730,2025-09-25,1646,023584,,4,2,9,2700,0,2,4,,1,073,"SALINAS RD","MATIASEVICH LANE",0.00,,Y,A,-,N,,,,,,,,,,Y,3,0,4,2,A,-,09,21801,A,N,D,C,A,A,H,-,A,A,0,,,,,Y,,A,07,0,1,3,0,0,0,0,0,0,"- ","- ",36.898941040039062,-121.74799346923828,MONTEREY,UNINCORPORATED,-121.74814605712891,36.900611877441406
94868395,2025,2025-10-01,9730,2025-09-25,2004,023884,,4,2,9,2700,0,2,4,,1,075,"SAN JUAN ROAD","ALLISON ROAD",850.00,E,N,A,-,N,,,,,,,,,,N,3,0,1,3,A,-,08,22107,,N,B,C,A,A,H,-,D,D,0,,,,,Y,,E,22,0,1,0,0,0,0,0,0,0,"- ","- ",36.904090881347656,-121.72264099121094,MONTEREY,UNINCORPORATED,-121.73329162597656,36.904209136962891
94868826,2025,2025-10-01,9730,2025-05-19,1656,017184,,1,2,9,2700,0,1,3,,1,014,"STATE ROUTE 1","PFEIFFER BIG SUR STATE PARK ENTRANCE ROAD",1056.00,N,N,A,-,Y,MON,,1," "," ",46.998,H,,R,Y,1,1,0,1,A,-,01,23152,A,N,E,8,A,A,H,-,A,A,0,,,Y,,Y,Y,C,02,0,0,0,0,0,0,0,1,0,"- ","- ",36.255420684814453,-121.78829956054688,MONTEREY,UNINCORPORATED,-121.78827667236328,36.255424499511719
94869986,2025,2025-10-02,9730,2025-09-25,"735 ",018543,,4,1,9,2700,0,1,2,,1,030,"US-101 NB","SPENCE ROAD",0.00,,Y,B,-,Y,MON,,101," "," ",81.025,H,,R,Y,4,0,2,2,A,-,06,21755,A,N,D,C,A,D,G,-,A,A,0,,,,,Y,,A,01,0,0,2,0,0,0,0,0,0,"- ","- ",36.612850189208984,-121.56691741943359,MONTEREY,UNINCORPORATED,-121.56694793701172,36.612823486328125
94869995,2025,2025-10-02,9730,2025-09-25,"535 ",018543,,4,3,9,2700,0,1,2,,1,030,"US-101 N/B",CHUALAR,2640.00,S,N,C,-,Y,MON,,101," "," ",76.063,H,,R,Y,4,0,1,1,A,-,08,22107,,N,E,A,A,D,G,-,D,D,0,,,,,Y,,A,07,0,0,1,0,0,0,0,0,0,"- ","- ",36.559230804443359,-121.50759124755859,MONTEREY,UNINCORPORATED,-121.50772094726562,36.559139251708984
94870070,2025,2025-10-02,9730,2025-09-25,"755 ",019529,,4,1,9,2700,0,1,2,,1,030,"UNITED STATES 101 (NORTHBOUND)","CHUALAR RIVER ROAD",750.00,N,N,A,-,Y,MON,,101," "," ",77.139,H,,R,N,4,0,2,2,A,-,03,22350,,N,C,C,A,A,H,-,A,D,0,,,,,Y,,A,07,0,0,2,0,0,0,0,0,0,"- ","- ",36.571269989013672,-121.51979827880859,MONTEREY,UNINCORPORATED,-121.519775390625,36.571285247802734
94871523,2025,2025-10-03,9735,2025-09-27,1630,023994,,6,2,9,2700,0,1,2,,1,041,"US-101 SOUTHBOUND","CENTRAL AVE",4224.00,N,N,A,-,Y,MON,,101," "," ",47.603,H,,L,Y,4,0,3,2,A,-,07,21658,A,N,B,2,A,A,H,-,A,D,0,,,,,Y,,A,01,0,0,3,0,0,0,0,0,0,"- ","- ",36.260208129882812,-121.17912292480469,MONTEREY,UNINCORPORATED,-121.17913818359375,36.260208129882812
94874196,2025,2025-10-06,9735,2025-10-03,1520,023994,,5,2,9,2700,0,1,2,,1,041,"US-101 NORTHBOUND","UNDERWOOD RD",885.00,S,N,A,-,Y,MON,,101," "," ",50.889,H,,R,N,4,0,2,2,A,-,03,22350,,N,C,C,A,A,H,-,A,D,0,,,,,Y,,A,01,0,0,2,0,0,0,0,0,0,"- ","- ",36.297340393066406,-121.21121978759766,MONTEREY,UNINCORPORATED,-121.21121215820312,36.297351837158203
94874277,2025,2025-10-06,9730,2025-04-02,"235 ",022061,,3,3,9,2700,0,3,5,,2,007,"DOLAN ROAD","AVILA ROAD (EAST)",75.00,W,N,A,-,N,,,,,,,,,,N,1,1,0,2,A,-,11,21954,A,N,G,B,E,B,H,-,D,D,0,Y,,,,Y,,N,60,0,0,0,1,0,0,0,0,0,"- ","- ",36.797840118408203,-121.74109649658203,MONTEREY,UNINCORPORATED,-121.74574279785156,36.797748565673828
94874387,2025,2025-10-06,9730,2025-09-24,"756 ",024714,,3,1,9,2700,0,1,2,,1,050,"US-101 NORTHBOUND","JOHN STREET OVERCROSSING",528.00,S,N,C,-,Y,MON,,101," "," ",86.693,H,,R,Y,4,0,1,1,A,-,08,22107,,N,F,A,A,B,H,-,A,D,0,,,,,Y,,A,07,0,0,1,0,0,0,0,0,0,"- ","- ",36.669769287109375,-121.63726043701172,MONTEREY,UNINCORPORATED,-121.63733673095703,36.669685363769531
94874617,2025,2025-10-06,9730,2025-09-24,1748,021794,,3,2,9,2700,0,2,4,,2,063,"BLANCO ROAD","COOPER ROAD",3696.00,E,N,B,C,N,,,,,,,,,,Y,3,0,1,3,A,-,03,22350,,N,A,C,A,B,H,-,A,D,0,,,,,Y,,A,08,0,1,0,0,0,0,0,0,0,"- ","- ",36.678691864013672,-121.72152709960938,MONTEREY,UNINCORPORATED,-121.722412109375,36.6787109375
94874623,2025,2025-10-06,9730,2025-09-24,1800,023288,,3,2,9,2700,0,3,5,,2,007,SR-183,"COOPER ROAD",0.00,,Y,C,-,Y,MON,,183," ",R,5.152,H,,R,Y,3,0,2,2,A,-,09,21801,A,N,D,C,A,B,H,-,A,A,0,,,,,Y,,A,01,0,2,0,0,0,0,0,0,0,"- ","- ",36.71405029296875,-121.71806335449219,MONTEREY,UNINCORPORATED,-121.71800231933594,36.714084625244141
94874931,2025,2025-10-06,9730,2025-09-27,"700 ",018543,,6,1,9,2700,0,2,4,,1,023,"CARMEL VALLEY ROAD","BORONDA ROAD",0.00,,Y,B,-,N,,,,,,,,,,Y,4,0,1,2,A,-,09,21802,A,N,D,C,A,A,H,-,A,A,0,,,,,Y,,A,07,0,0,1,0,0,0,0,0,0,"- ","- ",36.494258880615234,-121.74671936035156,MONTEREY,UNINCORPORATED,-121.74671936035156,36.494308471679688
94875011,2025,2025-10-06,9730,2025-09-27,1238,022500,,6,1,9,2700,0,1,3,,1,072,SR-156,"MERIDIAN ROAD",0.00,,Y,B,-,Y,MON,,156," "," ",4.543,H,,R,Y,4,0,1,2,A,-,09,21802,A,N,D,C,A,A,H,-,A,A,0,,,,,Y,,A,07,0,0,1,0,0,0,0,0,0,"- ","- ",36.788059234619141,-121.67903900146484,MONTEREY,UNINCORPORATED,-121.67903137207031,36.788021087646484
94875117,2025,2025-10-06,9730,2025-09-27,1504,022500,,6,2,9,2700,0,1,3,,1,074,SR-1,"STRUVE ROAD (SOUTH)",845.00,S,N,B,-,Y,MON,,1," "," ",97.437,H,,R,N,3,0,1,2,A,-,03,22350,,N,C,C,A,A,H,-,A,D,0,,,,,Y,,A,07,0,1,0,0,0,0,0,0,0,"- ","- ",36.822269439697266,-121.78270721435547,MONTEREY,UNINCORPORATED,-121.78268432617188,36.822231292724609
94876794,2025,2025-10-07,9730,2025-09-29,1604,023618,,1,2,6,2708,0,2,S,,2,901,"260 E. LAUREL DRIVE","LOMA DRIVE",40.00,W,N,A,-,N,,,,,,,,,,N,4,0,1,2,B,-,22,,,F,G,B,F,A,H,-,A,D,0,Y,,,,Y,,-,99,0,0,1,0,1,0,0,0,0,"- ","- ",36.698291778564453,-121.64816284179688,MONTEREY,SALINAS,-121.64794158935547,36.698459625244141
94876887,2025,2025-10-07,9730,2025-09-30,"0   ",018426,,2,3,9,2700,0,1,2,,1,070,"US 101 S/B","CRAZY HORSE CYN. RD.",5808.00,N,N,A,-,Y,MON,,101," "," ",99.510,H,,L,Y,2,0,1,1,A,-,01,23152,F,N,F,A,A,A,D,-,D,A,0,,,,,Y,,A,01,1,0,0,0,0,0,0,0,0,"- ","- ",36.8331298828125,-121.63027191162109,MONTEREY,UNINCORPORATED,-121.63021850585938,36.8331298828125
94876931,2025,2025-10-07,9730,2025-09-30,1535,023618,,2,2,9,2700,0,3,5,,2,006,"DAVIS RD","W. BLANCO ROAD",30.00,N,N,A,-,N,,,,,,,,,,N,4,0,2,2,A,-,03,22350,,N,C,C,A,A,H,-,A,D,0,,,,,Y,,A,01,0,0,2,0,0,0,0,0,0,"- ","- ",36.667068481445312,-121.68518829345703,MONTEREY,UNINCORPORATED,-121.68505096435547,36.666866302490234
94876979,2025,2025-10-07,9730,2025-09-22,"328 ",023646,,1,3,9,2700,0,3,5,,2,005,"CROSS ROAD","PESANTE ROAD",50.00,S,N,B,-,N,,,,,,,,,,N,4,0,1,1,A,-,08,22107,,N,E,8,A,B,H,-,D,D,0,,,,,Y,,A,01,0,0,1,0,0,0,0,0,0,"- ","- ",36.777198791503906,-121.65796661376953,MONTEREY,UNINCORPORATED,-121.65768432617188,36.777214050292969
9487792,2022,2022-10-27,2712,2022-10-10,1858,1218,2712,1,5,3,2712,0,0,0,,0,001,"RESERVATION RD","IMJIN PKWY",50.00,E,N,A,-,N,,,,,,,,,,N,4,0,1,2,A,-,03,22350,,N,C,C,A,A,H,-,C,A,0,,,,,Y,,A,01,0,0,1,0,0,0,0,0,0,"- ","- ",,,MONTEREY,MARINA,-121.76630401611328,36.671539306640625
94878252,2025,2025-10-08,9730,2025-10-01,1736,023447,,3,2,9,2700,0,1,3,,1,066,SR-183,"ESPINOSA RD",0.00,,Y,A,-,Y,MON,,183," ",R,7.652,H,,R,N,3,0,2,2,A,-,09,21801,A,N,A,C,A,A,H,-,A,D,0,,,,,Y,,A,01,0,2,0,0,0,0,0,0,0,"- ","- ",36.745048522949219,-121.74024963378906,MONTEREY,UNINCORPORATED,-121.74029541015625,36.745040893554688
94878282,2025,2025-10-08,9730,2025-10-02,"150 ",017184,,4,3,9,2700,0,1,3,,1,014,SR-1,"BIG SUR STATION",528.00,S,N,A,-,Y,MON,,1," "," ",46.145,H,,R,Y,3,0,1,1,A,-,08,22107,,N,E,8,A,A,H,-,D,A,0,,,,,Y,Y,A,01,0,1,0,0,0,0,0,0,0,"- ","- ",36.245941162109375,-121.78125762939453,MONTEREY,UNINCORPORATED,-121.78120422363281,36.245952606201172
94878483,2025,2025-10-08,9730,2025-10-02,"840 ",019529,,4,1,9,2700,0,1,3,,1,072,"STATE ROUTE 156","CASTROVILLE BOULEVARD",150.00,E,N,B,C,Y,MON,,156," ",R,1.846,H,,R,N,4,0,1,2,A,-,03,22350,,N,C,C,A,B,H,-,A,D,0,,,,,Y,,A,07,0,0,1,0,0,0,0,0,0,"- ","- ",36.768608093261719,-121.74265289306641,MONTEREY,UNINCORPORATED,-121.74257659912109,36.768451690673828
94878497,2025,2025-10-08,9730,2025-10-02,"935 ",019529,,4,1,9,2700,0,1,3,,2,062,"STATE ROUTE 1 (SOUTHBOUND) FROM IMJIN PARKWAY","IMJIN PARKWAY",15.00,S,N,B,C,Y,,,,,,,,,,N,3,0,1,1,A,-,08,22107,,N,E,I,A,B,H,-,A,D,0,,,,,Y,,A,07,0,1,0,0,0,0,0,0,0,"- ","- ",36.669521331787109,-121.81371307373047,MONTEREY,UNINCORPORATED,-121.81392669677734,36.667610168457031
9487969,2022,2022-10-19,2706,2022-09-27,1242,181,2706,2,5,4,2706,0,0,0,,0,003,"CASA VERDE WY","ENCINA AV",291.00,S,N,A,-,Y,MON,5,1,-,R,78.600,R,4,S,Y,3,0,2,3,A,-,09,21802,A,N,D,C,A,A,H,-,A,D,0,,,,,Y,,A,01,0,1,1,0,0,0,0,0,0,"- ","- ",,,MONTEREY,MONTEREY,-121.86325836181641,36.600601196289062