CASE_ID,ACCIDENT_YEAR,PROC_DATE,JURIS,COLLISION_DATE,COLLISION_TIME,OFFICER_ID,REPORTING_DISTRICT,DAY_OF_WEEK,CHP_SHIFT,POPULATION,CNTY_CITY_LOC,SPECIAL_COND,BEAT_TYPE,CHP_BEAT_TYPE,CITY_DIVISION_LAPD,CHP_BEAT_CLASS,BEAT_NUMBER,PRIMARY_RD,SECONDARY_RD,DISTANCE,DIRECTION,INTERSECTION,WEATHER_1,WEATHER_2,STATE_HWY_IND,CALTRANS_COUNTY,CALTRANS_DISTRICT,STATE_ROUTE,ROUTE_SUFFIX,POSTMILE_PREFIX,POSTMILE,LOCATION_TYPE,RAMP_INTERSECTION,SIDE_OF_HWY,TOW_AWAY,COLLISION_SEVERITY,NUMBER_KILLED,NUMBER_INJURED,PARTY_COUNT,PRIMARY_COLL_FACTOR,PCF_CODE_OF_VIOL,PCF_VIOL_CATEGORY,PCF_VIOLATION,PCF_VIOL_SUBSECTION,HIT_AND_RUN,TYPE_OF_COLLISION,MVIW,PED_ACTION,ROAD_SURFACE,ROAD_COND_1,ROAD_COND_2,LIGHTING,CONTROL_DEVICE,CHP_ROAD_TYPE,PEDESTRIAN_ACCIDENT,BICYCLE_ACCIDENT,MOTORCYCLE_ACCIDENT,TRUCK_ACCIDENT,NOT_PRIVATE_PROPERTY,ALCOHOL_INVOLVED,STWD_VEHTYPE_AT_FAULT,CHP_VEHTYPE_AT_FAULT,COUNT_SEVERE_INJ,COUNT_VISIBLE_INJ,COUNT_COMPLAINT_PAIN,COUNT_PED_KILLED,COUNT_PED_INJURED,COUNT_BICYCLIST_KILLED,COUNT_BICYCLIST_INJURED,COUNT_MC_KILLED,COUNT_MC_INJURED,PRIMARY_RAMP,SECONDARY_RAMP,LATITUDE,LONGITUDE,COUNTY,CITY,POINT_X,POINT_Y
9487998,2022,2022-10-12,2706,2022-09-22,1510,992,MPD,4,5,4,2706,0,0,0,,0,001,"DAVID AV","OAK ST",29.00,E,N,A,-,N,,,,,,,,,,Y,4,0,1,2,A,-,08,22107,,N,E,E,A,A,H,-,A,D,0,,,,,Y,,A,01,0,0,1,0,0,0,0,0,0,"- ","- ",,,MONTEREY,MONTEREY,-121.91036987304688,36.614044189453125
94881842,2025,2025-10-10,9735,2025-10-04,1410,023497,,6,2,9,2700,0,1,2,,2,045,"US-101 NORTHBOUND","SOUTHBOUND REST AREA",2640.00,S,N,A,-,Y,MON,,101," ",R,4.324,H,,R,Y,2,0,1,1,A,-,08,22107,,N,F,A,A,A,H,-,A,D,0,,,,,Y,,A,01,1,0,0,0,0,0,0,0,0,"- ","- ",35.845680236816406,-120.76180267333984,MONTEREY,UNINCORPORATED,-120.76189422607422,35.845611572265625
94883816,2025,2025-10-13,9730,2025-09-23,"742 ",020916,,2,1,9,2700,0,3,5,,2,004,"OLD STAGE ROAD","IVERSON ROAD",0.00,,Y,A,-,N,,,,,,,,,,Y,3,0,2,2,A,-,05,21460,,N,D,C,A,A,H,-,D,D,0,,,,,Y,,D,22,0,2,0,0,0,0,0,0,0,"- ","- ",36.556968688964844,-121.47834777832031,MONTEREY,UNINCORPORATED,-121.47830963134766,36.556957244873047
94883874,2025,2025-10-13,9730,2025-10-03,1317,022500,,5,1,9,2700,0,3,5,,2,002,"BLANCO ROAD","COOPER ROAD",1056.00,E,N,A,-,N,,,,,,,,,,N,3,0,1,1,A,-,03,22350,,N,E,I,A,A,H,-,A,D,0,,,,,Y,,A,01,0,1,0,0,0,0,0,0,0,"- ","- ",36.678699493408203,-121.7310791015625,MONTEREY,UNINCORPORATED,-121.73141479492188,36.678714752197266
94883965,2025,2025-10-13,9730,2025-10-03,1600,021358,,5,2,9,2700,0,1,2,,1,050,"US-101 NB","LAUREL DR",2640.00,S,N,A,-,Y,MON,,101," ",R,88.851,H,,R,N,4,0,2,2,A,-,03,22350,,M,C,C,A,A,H,-,A,D,0,,,,,Y,,-,99,0,0,2,0,0,0,0,0,0,"- ","- ",36.692741394042969,-121.6607666015625,MONTEREY,UNINCORPORATED,-121.66077423095703,36.692737579345703
94884052,2025,2025-10-13,9730,2025-10-04,"149 ",023439,,6,3,9,2700,0,1,2,,1,070,"US-101 N/B","CRAZY HORSE CANYON ROAD",2270.00,S,N,A,-,Y,MON,,101," "," ",97.934,H,,R,N,4,0,1,1,C,-,18,,,N,H,H,A,A,H,-,C,D,0,,,,,Y,,-,"- ",0,0,1,0,0,0,0,0,0,"- ","- ",36.814891815185547,-121.6395263671875,MONTEREY,UNINCORPORATED,-121.63949584960938,36.814857482910156
94884058,2025,2025-10-13,9730,2025-10-05,1122,023584,,7,1,9,2700,0,3,5,,2,004,"ALISAL RD","HARTNELL RD",2482.00,N,N,A,-,N,,,,,,,,,,Y,4,0,1,1,A,-,08,22107,,N,E,I,A,A,H,-,A,D,0,,,,,Y,,A,01,0,0,1,0,0,0,0,0,0,"- ","- ",36.651100158691406,-121.58180236816406,MONTEREY,UNINCORPORATED,-121.58170318603516,36.650924682617188
94884225,2025,2025-10-13,9730,2025-10-06,1304,023610,,1,1,9,2700,0,1,3,,2,062,SR-1,"IMJIN PKWY",125.00,N,N,A,-,Y,MON,,1," ",R,84.513,H,,R,Y,4,0,1,1,A,-,08,22107,,N,E,I,A,A,H,-,A,D,0,,,,,Y,,A,01,0,0,1,0,0,0,0,0,0,"- ","- ",36.669868469238281,-121.81282043457031,MONTEREY,UNINCORPORATED,-121.81266021728516,36.669811248779297
94884253,2025,2025-10-13,9730,2025-10-04,1223,018543,,6,1,9,2700,0,3,5,,2,004,"ALISAL ROAD","HARTNELL ROAD",0.00,,Y,A,-,N,,,,,,,,,,N,4,0,1,2,A,-,08,22107,,N,B,C,A,A,H,-,A,A,0,,,,,Y,,A,07,0,0,1,0,0,0,0,0,0,"- ","- ",36.645339965820312,-121.57688903808594,MONTEREY,UNINCORPORATED,-121.5767822265625,36.645381927490234
94884282,2025,2025-10-13,9730,2025-10-05,"900 ",022137,,7,1,9,2700,0,1,3,,1,022,"RT 1","CARPENTER ST",500.00,N,N,A,-,Y,MON,,1," "," ",74.648,H,,R,Y,4,0,2,2,A,-,03,22350,,N,C,C,A,A,H,-,A,D,0,,,,,Y,,A,07,0,0,2,0,0,0,0,0,0,"- ","- ",36.567768096923828,-121.91280364990234,MONTEREY,UNINCORPORATED,-121.91277313232422,36.567764282226562
94884448,2025,2025-10-13,9730,2025-10-05,2315,024319,,7,3,9,2700,0,1,2,,1,030,US-101,"HARTNELL ROAD",0.00,,Y,A,-,Y,MON,,101," "," ",82.047,H,,R,N,3,0,1,2,A,-,09,21802,A,N,D,C,A,A,H,-,C,A,0,,,,,Y,,A,07,0,1,0,0,0,0,0,0,0,"- ","- ",36.622699737548828,-121.58062744140625,MONTEREY,UNINCORPORATED,-121.58058166503906,36.62274169921875
94884516,2025,2025-10-13,9730,2025-10-06,1459,023317,,1,2,9,2700,0,1,3,,1,068,SR-68,"YORK ST",5280.00,E,N,A,-,Y,MON,,68," "," ",8.667,H,,R,Y,4,0,1,2,A,-,03,22350,,N,C,C,A,A,H,-,A,D,0,,,,,Y,,D,22,0,0,1,0,0,0,0,0,0,"- ","- ",36.569759368896484,-121.79920196533203,MONTEREY,UNINCORPORATED,-121.79920959472656,36.569736480712891
94884570,2025,2025-10-13,9730,2025-09-27,"0   ",024319,,6,3,9,2700,0,1,2,,1,030,"OLD STAGE ROAD","POTTER ROAD",1003.00,S,N,A,-,N,,,,,,,,,,N,3,0,1,2,A,-,01,23152,A,N,A,C,A,A,H,-,C,D,0,,,,Y,Y,Y,A,01,0,1,0,0,0,0,0,0,0,"- ","- ",36.622169494628906,-121.52702331542969,MONTEREY,UNINCORPORATED,-121.52706146240234,36.622276306152344
94885495,2025,2025-10-14,9730,2025-10-06,1412,023610,,1,2,9,2700,0,2,4,,1,023,"CARMEL VALLEY RD","HALDORN RD",13.00,W,N,A,-,N,,,,,,,,,,Y,3,0,3,2,A,-,08,22107,,N,A,C,A,A,H,-,A,D,0,,,,,Y,,D,22,0,2,1,0,0,0,0,0,0,"- ","- ",36.524330139160156,-121.79766082763672,MONTEREY,UNINCORPORATED,-121.79767699999999,36.524334000000003
9488550,2022,2022-08-19,2712,2022-08-09,1759,1192,2712,2,5,3,2712,0,0,0,,0,001,"BEACH RD","DEL MONTE BL",0.00,,Y,A,-,N,,,,,,,,,,N,4,0,1,3,A,-,01,23152,A,N,C,C,A,A,H,-,A,D,0,,,,,Y,Y,-,,0,0,1,0,0,0,0,0,0,"- ","- ",,,MONTEREY,MARINA,-121.79739379882812,36.693458557128906
94885506,2025,2025-10-14,9735,2025-10-08,1915,024182,,3,2,9,2700,0,3,5,,2,004,"SARGENT CANYON ROAD","PANCHO RICO RD",8448.00,S,N,A,-,N,,,,,,,,,,Y,2,0,2,1,A,-,08,22107,,N,F,A,A,A,H,-,D,D,0,,,,,Y,,D,22,2,0,0,0,0,0,0,0,0,"- ","- ",35.999729156494141,-120.8863525390625,MONTEREY,UNINCORPORATED,-120.886195,35.999726000000003
94885638,2025,2025-10-14,9730,2025-10-07,"30  ",023584,,2,3,9,2700,0,3,5,,2,003,"121 SPRECKELS BLVD","SPRECKELS BLVD",1426.00,W,N,A,-,N,,,,,,,,,,N,4,0,1,2,B,-,22,,,N,G,B,D,A,H,-,C,A,0,Y,,,,Y,,A,01,0,0,1,0,1,0,0,0,0,"- ","- ",36.6197509765625,-121.65184783935547,MONTEREY,UNINCORPORATED,,
94886093,2025,2025-10-14,9730,2025-09-27,2343,024061,,6,3,9,2700,0,3,5,,2,007,"CASTROVILLE BLVD","ORMART RD",0.00,,Y,A,-,N,,,,,,,,,,N,4,0,1,2,A,-,01,23152,A,N,C,C,A,A,H,-,D,D,0,,,,,Y,Y,A,01,0,0,1,0,0,0,0,0,0,"- ","- ",36.795669555664062,-121.72051239013672,MONTEREY,UNINCORPORATED,-121.72037506103516,36.795654296875
94886123,2025,2025-10-14,9730,2025-09-27,1725,023646,,6,2,9,2700,0,1,3,,1,068,SR-68,"TORERO DRIVE",5280.00,E,N,A,-,Y,MON,,68," "," ",15.086,H,,R,N,4,0,1,2,A,-,01,23152,A,F,C,C,A,A,H,-,A,D,0,,,,,Y,Y,A,01,0,0,1,0,0,0,0,0,0,"- ","- ",36.597728729248047,-121.69944000244141,MONTEREY,UNINCORPORATED,-121.69941711425781,36.597721099853516
94886324,2025,2025-10-14,9730,2025-10-04,1350,022137,,6,1,9,2700,0,1,3,,2,062,"RT 1","OCEAN AVE",528.00,S,N,A,-,Y,MON,,1," "," ",73.672,H,,R,Y,4,0,1,2,A,-,03,22350,,M,C,C,A,A,H,-,A,D,0,,,,,Y,,A,01,0,0,1,0,0,0,0,0,0,"- ","- ",36.554031372070312,-121.91082000732422,MONTEREY,UNINCORPORATED,-121.91086578369141,36.554023742675781
94887829,2025,2025-10-15,9730,2025-10-09,1126,020916,,4,1,9,2700,0,1,2,,1,070,"US-101 SOUTHBOUND","DUNBARTON RD",1500.00,S,N,A,-,Y,MON,,101," "," ",100.096,H,,L,N,4,0,1,2,A,-,03,22350,,N,C,C,A,A,H,-,A,D,0,,,,,Y,,D,22,0,0,1,0,0,0,0,0,0,"- ","- ",36.84130859375,-121.63292694091797,MONTEREY,UNINCORPORATED,-121.63291931152344,36.841312408447266
94887905,2025,2025-10-15,9730,2025-10-09,1645,018543,,4,2,9,2700,1,1,3,,1,068,SR-68,"PASADERA DRIVE",100.00,W,N,A,-,Y,MON,,68," "," ",9.766,H,,R,N,4,0,3,2,A,-,03,22350,,N,C,C,A,A,H,-,A,A,0,,,,,Y,,H,13,0,0,3,0,0,0,0,0,0,"- ","- ",36.567588806152344,-121.77880859375,MONTEREY,UNINCORPORATED,-121.77880859375,36.567600250244141
94887927,2025,2025-10-15,9730,2025-10-09,2010,023288,,4,2,9,2700,0,3,5,,2,007,"HALL ROAD","ELKHORN ROAD",1200.00,E,N,A,-,N,,,,,,,,,,N,4,0,1,2,A,-,03,22350,,N,C,C,A,A,H,-,C,D,0,,,,,Y,,D,22,0,0,1,0,0,0,0,0,0,"- ","- ",36.866359710693359,-121.7403564453125,MONTEREY,UNINCORPORATED,-121.74063110351562,36.866439819335938
94888003,2025,2025-10-15,9730,2025-10-10,"940 ",023900,,5,1,9,2700,0,1,2,,1,070,"US 101 NORTHBOUND","PRUNDALE SOUTH ROAD",385.00,S,N,A,-,Y,MON,,101," "," ",93.990,H,,R,Y,3,0,2,2,A,-,03,22350,,N,C,C,A,A,H,-,A,D,0,,,,,Y,,A,01,0,1,1,0,0,0,0,0,0,"- ","- ",36.768600463867188,-121.66883087158203,MONTEREY,UNINCORPORATED,-121.66880798339844,36.768604278564453
94888104,2025,2025-10-15,9730,2025-10-01,2350,024703,,3,3,6,2708,0,2,4,,2,063,"BLANCO ROAD","DAVIS ROAD",0.00,,Y,A,-,N,,,,,,,,,,Y,3,0,1,1,A,-,21,22106,,N,B,I,A,A,H,-,C,A,0,,,,,Y,,A,01,0,1,0,0,0,0,0,0,0,"- ","- ",36.667179107666016,-121.68466186523438,MONTEREY,SALINAS,-121.68511199951172,36.666801452636719
94888206,2025,2025-10-15,9730,2025-10-13,2140,020233,,1,2,9,2700,0,1,2,,1,030,"US-101 NORTHBOUND","SOLEDAD PRISON ROAD",528.00,S,N,C,-,Y,MON,,101," "," ",66.223,H,,R,N,4,0,1,1,A,-,03,22350,,N,E,I,A,B,H,-,D,D,0,,,,,Y,,A,01,0,0,1,0,0,0,0,0,0,"- ","- ",36.463459014892578,-121.38513946533203,MONTEREY,UNINCORPORATED,-121.38507843017578,36.463516235351562
9488905,2022,2022-08-26,2712,2022-08-14,1354,1192,2712,7,5,3,2712,0,0,0,,0,001,"IMJIN PKWY","PRESTON AV",230.00,N,N,A,-,N,,,,,,,,,,Y,3,0,2,3,A,-,03,22350,,N,C,C,A,A,H,-,A,A,0,,,,,Y,,A,01,0,1,1,0,0,0,0,0,0,"- ","- ",,,MONTEREY,MARINA,-121.76990509033203,36.668632507324219
9488915,2022,2022-09-23,2707,2022-08-05,1549,2257,2707,5,5,3,2707,0,0,0,,0,001,"SUNSET DR","CEDAR ST",200.00,W,N,A,-,N,,,,,,,,,,Y,3,0,2,2,A,-,09,21804,A,N,D,C,A,A,H,-,A,D,0,,,,,Y,,A,01,0,2,0,0,0,0,0,0,0,"- ","- ",,,MONTEREY,"PACIFIC GROVE",-121.92768859863281,36.613407135009766
94891335,2025,2025-10-17,9735,2025-10-11,1320,024594,,6,1,9,2700,0,1,2,,1,040,"US-101 NORTHBOUND","HUDSON ROAD",0.00,,Y,A,-,Y,MON,,101," "," ",55.946,H,,R,Y,3,0,1,2,A,-,01,23152,A,N,D,C,A,A,H,-,A,D,0,,,,,Y,Y,A,07,0,1,0,0,0,0,0,0,0,"- ","- ",36.352771759033203,-121.26759338378906,MONTEREY,UNINCORPORATED,-121.26758575439453,36.352771759033203
9489367,2022,2022-12-16,2711,2022-06-07,2128,7819,2711,2,5,3,2711,0,0,0,,0,001,"WEST ST","FRONT ST",15.00,E,N,A,-,N,,,,,,,,,,N,4,0,1,2,A,-,11,21954,A,N,G,B,D,A,H,-,C,A,0,Y,,,,Y,Y,N,60,0,0,1,0,1,0,0,0,0,"- ","- ",,,MONTEREY,SOLEDAD,-121.33228302001953,36.428829193115234
94893676,2025,2025-10-20,9730,2025-10-09,1719,024703,,4,2,9,2700,0,1,2,,1,050,"US-101 S/B","MARKET STREET",2640.00,N,N,A,-,Y,MON,,101," "," ",87.824,H,,L,N,3,0,1,3,A,-,03,22350,,N,C,C,A,A,H,-,A,D,0,,,,,Y,,A,01,0,1,0,0,0,0,0,0,0,"- ","- ",36.683639526367188,-121.64627838134766,MONTEREY,UNINCORPORATED,-121.64630126953125,36.683612823486328
9489379,2022,2022-12-16,2711,2022-06-01,2046,8221,2711,3,5,3,2711,0,0,0,,0,002,"METZ RD","ORCHARD LN",0.00,,Y,A,-,N,,,,,,,,,,N,4,0,2,3,A,-,10,21950,A,N,H,B,B,A,H,-,B,D,0,Y,,,,Y,,D,22,0,0,2,0,2,0,0,0,0,"- ","- ",,,MONTEREY,SOLEDAD,-121.31560516357422,36.426673889160156
9489395,2022,2022-12-16,2711,2022-06-30,1118,01322,2711,4,5,3,2711,0,0,0,,0,002,"FRONT ST","NESTLES RD",0.00,,Y,A,-,N,,,,,,,,,,Y,3,0,1,2,A,-,12,21453,A,N,D,C,A,A,H,-,A,A,0,,,,,Y,,D,22,0,1,0,0,0,0,0,0,0,"- ","- ",,,MONTEREY,SOLEDAD,-121.32273864746094,36.420337677001953
94894079,2025,2025-10-20,9730,2025-10-11,1240,023900,,6,1,9,2700,0,3,5,,2,007,"MERIDIAN ROAD","DYER ROAD",1000.00,W,N,A,-,N,,,,,,,,,,N,4,0,1,2,A,-,03,22350,,N,D,C,A,A,C,-,A,D,0,,,,,Y,,D,22,0,0,1,0,0,0,0,0,0,"- ","- ",36.788490295410156,-121.68702697753906,MONTEREY,UNINCORPORATED,-121.68692016601562,36.788463592529297
94894183,2025,2025-10-20,9730,2025-10-13,1644,023317,,1,2,9,2700,0,1,2,,1,030,"US-101 N/B","5TH ST",528.00,N,N,C,-,Y,MON,,101," "," ",71.155,H,,R,Y,4,0,1,1,A,-,03,22350,,N,E,I,A,B,H,-,A,D,0,,,,,Y,,A,01,0,0,1,0,0,0,0,0,0,"- ","- ",36.517070770263672,-121.44008636474609,MONTEREY,UNINCORPORATED,-121.44001007080078,36.517127990722656
94894205,2025,2025-10-20,9730,2025-10-11,2005,023447,,6,2,9,2700,0,3,5,,2,004,"MCCOY RD","SILLIMAN RD",500.00,N,N,A,-,N,,,,,,,,,,N,3,0,1,1,A,-,08,22107,,N,E,8,A,A,H,-,A,D,0,,,,,Y,,D,22,0,1,0,0,0,0,0,0,0,"- ","- ",36.450080871582031,-121.36351776123047,MONTEREY,UNINCORPORATED,-121.36789703369141,36.452278137207031
9489431,2022,2022-09-07,2711,2022-08-03,1249,6189,2711,3,5,3,2711,0,0,0,,0,002,"LOS COCHES DR","NESTLES RD",225.00,E,N,A,-,N,,,,,,,,,,Y,4,0,1,2,A,-,05,21651,B,M,B,C,A,A,H,-,A,D,0,,,,,Y,Y,D,22,0,0,1,0,0,0,0,0,0,"- ","- ",,,MONTEREY,SOLEDAD,-121.31859588623047,36.415008544921875
94894310,2025,2025-11-13,9730,2025-10-13,2312,022061,,1,3,9,2700,0,1,3,,1,074,"NB SR-1","SALINAS ROAD",2640.00,N,N,C,-,Y,MON,,1," ",R,101.659,H,,R,N,4,0,1,1,A,-,08,22107,,N,F,A,A,A,H,-,D,D,0,,,,,Y,,A,07,0,0,1,0,0,0,0,0,0,"- ","- ",36.878761291503906,-121.77133178710938,MONTEREY,UNINCORPORATED,-121.77138519287109,36.878753662109375
94894481,2025,2025-10-20,9730,2025-10-13,2001,023610,,1,2,9,2700,0,1,3,,2,062,"SR1 S/B","LAKE CT",250.00,S,N,B,C,Y,MON,,1," ",R,85.467,H,,L,Y,3,0,1,1,A,-,03,22350,,N,F,A,A,B,H,-,D,D,0,,,,,Y,,A,01,0,1,0,0,0,0,0,0,0,"- ","- ",36.682521820068359,-121.8084716796875,MONTEREY,UNINCORPORATED,-121.80836486816406,36.682540893554688
9489474,2022,2022-08-30,2711,2022-07-12,1638,01322,2711,2,5,3,2711,0,0,0,,0,002,"EAST ST","FRONT ST",0.00,,Y,A,-,N,,,,,,,,,,N,2,0,1,2,A,-,21,22106,,F,G,B,B,A,H,-,A,A,0,Y,,,,Y,,A,07,1,0,0,0,1,0,0,0,0,"- ","- ",,,MONTEREY,SOLEDAD,-121.32616424560547,36.424900054931641
94895804,2025,2025-10-21,9735,2025-10-10,1100,024377,,5,1,9,2700,0,3,5,,2,003,"BITTERWATER RD","TOPO VALLEY RD",26400.00,W,N,A,-,N,,,,,,,,,,Y,3,0,1,1,A,-,08,22107,,N,E,8,A,A,H,-,A,D,0,,,,,Y,,A,08,0,1,0,0,0,0,0,0,0,"- ","- ",36.274730682373047,-121.06468963623047,MONTEREY,UNINCORPORATED,-121.064764,36.274728000000003
9489587,2022,2022-09-01,2711,2022-06-13,1517,08182,2711,1,5,3,2711,0,0,0,,0,002,"FRONT ST","NESTLES RD",209.00,S,N,-,-,N,,,,,,,,,,N,4,0,2,2,A,-,04,21703,,N,-,-,A,-,-,-,-,-,0,,,,,Y,,A,01,0,0,2,0,0,0,0,0,0,"- ","- ",,,MONTEREY,SOLEDAD,-121.32254791259766,36.419788360595703
9489631,2022,2022-09-08,2710,2022-07-26,1612,40428,7,2,5,4,2710,0,0,0,,0,02A,"MONTEREY RD",MINDANAO,114.00,S,N,A,-,N,,,,,,,,,,N,2,0,1,2,A,-,08,22107,,F,G,G,A,A,H,-,A,D,0,,Y,,,Y,,D,22,1,0,0,0,0,0,1,0,0,"- ","- ",,,MONTEREY,SEASIDE,-121.82846832275391,36.633621215820312
94896558,2025,2025-10-21,9730,2025-10-02,1734,023216,,4,2,9,2700,0,1,3,,1,068,SR-68,"BOOTS RD",1056.00,W,N,A,-,Y,MON,,68," "," ",9.539,H,,R,N,2,0,2,2,C,-,18,,,N,G,B,E,A,H,-,A,D,0,Y,,,,Y,,-,"- ",2,0,0,0,1,0,0,0,0,"- ","- ",36.567840576171875,-121.78315734863281,MONTEREY,UNINCORPORATED,-121.78314971923828,36.567852020263672
94896581,2025,2025-10-21,9730,2025-10-12,1147,024414,,7,1,9,2700,0,3,5,,2,007,"CASTROVILLE BOULEVARD","ELKHORN ROAD",0.00,,Y,A,-,N,,,,,,,,,,N,4,0,2,2,A,-,09,21801,A,N,A,C,A,A,H,-,A,A,0,,,,,Y,,A,07,0,0,2,0,0,0,0,0,0,"- ","- ",36.795680999755859,-121.72036743164062,MONTEREY,UNINCORPORATED,-121.72037506103516,36.795654296875
94896665,2025,2025-11-12,9735,2025-10-15,"710 ",021431,,3,1,9,2700,0,1,2,,2,044,"US-101 NORTHBOUND","ALVARADO ROAD",5808.00,N,N,B,-,Y,MON,,101," ",R,16.589,H,,R,Y,3,0,1,2,A,-,02,22400,A,N,C,C,A,A,H,-,A,D,0,,,,,Y,,A,01,0,1,0,0,0,0,0,0,0,"- ","- ",35.961441040039062,-120.88524627685547,MONTEREY,UNINCORPORATED,-120.88524627685547,35.961441040039062
9489715,2022,2022-12-06,2711,2022-06-29,1935,8221,2711,3,5,3,2711,0,0,0,,0,002,"BLOCKPALM AV","6TH ST",0.00,,N,A,-,N,,,,,,,,,,Y,3,0,1,2,A,-,09,21804,A,N,D,C,A,A,H,-,B,D,0,,,Y,,Y,Y,A,07,0,1,0,0,0,0,0,0,1,"- ","- ",,,MONTEREY,SOLEDAD,-121.31397800000001,36.421436
9489716,2022,2022-09-06,2711,2022-06-20,1134,9390,2711,1,5,3,2711,0,0,0,,0,001,"BLOACKMAIN ST","MONTEREY ST",163.00,E,N,A,-,N,,,,,,,,,,Y,4,0,1,2,A,-,09,21801,A,N,D,C,A,A,H,-,A,D,0,,,,,Y,,A,01,0,0,1,0,0,0,0,0,0,"- ","- ",,,MONTEREY,SOLEDAD,,
9489718,2022,2022-09-06,2711,2022-06-11,1637,8182,2711,6,5,3,2711,0,0,0,,0,002,"METZ RD","RUBION DR",0.00,,Y,A,-,N,,,,,,,,,,N,3,0,5,2,A,-,05,21460,A,N,A,C,A,A,G,-,A,D,0,,,,,Y,,A,07,0,3,2,0,0,0,0,0,0,"- ","- ",,,MONTEREY,SOLEDAD,-121.31172943115234,36.425998687744141
9489746,2022,2022-09-08,2710,2022-07-22,0828,40422,2710,5,5,4,2710,0,0,0,,0,02B,"YOSEMITE ST","WESTMINSTER CT",0.00,,Y,A,-,N,,,,,,,,,,Y,4,0,1,2,A,-,09,21802,A,N,D,C,A,A,H,-,A,A,0,,,,,Y,,A,01,0,0,1,0,0,0,0,0,0,"- ","- ",,,MONTEREY,SEASIDE,-121.82804870605469,36.613773345947266
9489749,2022,2022-09-08,2710,2022-07-17,1047,40422,2710,7,5,4,2710,0,0,0,,0,02B,"FREMONT BL","HILBY AV",0.00,,Y,A,-,N,,,,,,,,,,Y,4,0,1,2,A,-,09,21453,B,N,D,C,A,A,H,-,A,A,0,,,,,Y,,A,01,0,0,1,0,0,0,0,0,0,"- ","- ",,,MONTEREY,SEASIDE,-121.84882354736328,36.602611541748047
9489750,2022,2022-09-08,2710,2022-07-18,1817,40397,,1,5,4,2710,0,0,0,,0,003,"FREMONT BL","OLYMPIA AV",0.00,,Y,A,-,N,,,,,,,,,,Y,4,0,1,2,A,-,09,21802,A,N,D,C,A,A,H,-,A,A,0,,,,,Y,,A,01,0,0,1,0,0,0,0,0,0,"- ","- ",,,MONTEREY,SEASIDE,-121.84515380859375,36.610137939453125
94897540,2025,2025-10-22,9730,2025-10-03,1352,018543,,5,1,6,2708,0,1,2,,1,050,"US-101 N/B","JOHN STREET OVERCROSSING",200.00,S,N,A,-,Y,MON,,101," "," ",86.711,H,,R,N,4,0,1,1,C,-,18,,,N,E,I,A,D,H,-,A,D,0,,,,,Y,,-,"- ",0,0,1,0,0,0,0,0,0,"- ","- ",36.669818878173828,-121.63761901855469,MONTEREY,SALINAS,-121.63760375976562,36.669841766357422
94897547,2025,2025-11-13,9730,2025-10-04,1351,022137,,6,1,9,2700,0,1,3,,1,022,"RT 1","OCEAN AVE",528.00,N,N,A,-,Y,MON,,1," "," ",73.672,H,,R,Y,4,0,1,2,A,-,21,22106,,N,C,C,A,A,H,-,A,D,0,,,,,Y,,A,01,0,0,1,0,0,0,0,0,0,"- ","- ",36.554031372070312,-121.91082000732422,MONTEREY,UNINCORPORATED,-121.91086578369141,36.554023742675781
94898450,2025,2025-10-23,9730,2025-10-17,"830 ",022137,,5,1,9,2700,0,1,3,,2,062,"RT 1","AGUAJITO RD",2640.00,N,N,A,-,Y,MON,,1," ",R,77.772,H,,R,N,4,0,1,2,A,-,03,22350,,N,C,C,A,A,H,-,A,D,0,,,,,Y,,A,08,0,0,1,0,0,0,0,0,0,"- ","- ",36.59381103515625,-121.87436676025391,MONTEREY,UNINCORPORATED,-121.87435913085938,36.593753814697266
94898461,2025,2025-10-23,9730,2025-10-17,1230,018543,,5,1,9,2700,0,3,5,,2,003,"CHUALAR RIVER ROAD","FOLETTA ROAD",1056.00,W,N,A,-,N,,,,,,,,,,Y,3,0,1,2,A,-,06,21750,,N,D,C,A,A,H,-,A,D,0,,,,Y,Y,,A,01,0,1,0,0,0,0,0,0,0,"- ","- ",36.559158325195312,-121.52822875976562,MONTEREY,UNINCORPORATED,-121.51917266845703,36.564029693603516
94898466,2025,2025-10-23,9730,2025-10-14,1042,024702,,2,1,9,2700,0,1,2,,1,070,"OLD STAGE ROAD","HEBERT ROAD",1584.00,E,N,B,-,N,,,,,,,,,,N,4,0,1,1,A,-,08,22107,,N,E,I,A,B,H,-,A,A,0,,,,,Y,,A,01,0,0,1,0,0,0,0,0,0,"- ","- ",36.757881164550781,-121.60462188720703,MONTEREY,UNINCORPORATED,-121.60749816894531,36.750820159912109
94899405,2025,2025-10-23,9730,2025-10-17,1413,024127,,5,2,9,2700,0,2,4,,1,073,"SALINAS ROAD","PORTER DRIVE",311.00,S,N,A,-,N,,,,,,,,,,N,4,0,1,2,A,-,08,22107,,N,B,C,A,A,H,-,A,D,0,,,,,Y,,D,22,0,0,1,0,0,0,0,0,0,"- ","- ",36.903709411621094,-121.74974060058594,MONTEREY,UNINCORPORATED,-121.74822998046875,36.901699066162109