CASE_ID,ACCIDENT_YEAR,PROC_DATE,JURIS,COLLISION_DATE,COLLISION_TIME,OFFICER_ID,REPORTING_DISTRICT,DAY_OF_WEEK,CHP_SHIFT,POPULATION,CNTY_CITY_LOC,SPECIAL_COND,BEAT_TYPE,CHP_BEAT_TYPE,CITY_DIVISION_LAPD,CHP_BEAT_CLASS,BEAT_NUMBER,PRIMARY_RD,SECONDARY_RD,DISTANCE,DIRECTION,INTERSECTION,WEATHER_1,WEATHER_2,STATE_HWY_IND,CALTRANS_COUNTY,CALTRANS_DISTRICT,STATE_ROUTE,ROUTE_SUFFIX,POSTMILE_PREFIX,POSTMILE,LOCATION_TYPE,RAMP_INTERSECTION,SIDE_OF_HWY,TOW_AWAY,COLLISION_SEVERITY,NUMBER_KILLED,NUMBER_INJURED,PARTY_COUNT,PRIMARY_COLL_FACTOR,PCF_CODE_OF_VIOL,PCF_VIOL_CATEGORY,PCF_VIOLATION,PCF_VIOL_SUBSECTION,HIT_AND_RUN,TYPE_OF_COLLISION,MVIW,PED_ACTION,ROAD_SURFACE,ROAD_COND_1,ROAD_COND_2,LIGHTING,CONTROL_DEVICE,CHP_ROAD_TYPE,PEDESTRIAN_ACCIDENT,BICYCLE_ACCIDENT,MOTORCYCLE_ACCIDENT,TRUCK_ACCIDENT,NOT_PRIVATE_PROPERTY,ALCOHOL_INVOLVED,STWD_VEHTYPE_AT_FAULT,CHP_VEHTYPE_AT_FAULT,COUNT_SEVERE_INJ,COUNT_VISIBLE_INJ,COUNT_COMPLAINT_PAIN,COUNT_PED_KILLED,COUNT_PED_INJURED,COUNT_BICYCLIST_KILLED,COUNT_BICYCLIST_INJURED,COUNT_MC_KILLED,COUNT_MC_INJURED,PRIMARY_RAMP,SECONDARY_RAMP,LATITUDE,LONGITUDE,COUNTY,CITY,POINT_X,POINT_Y
9702341,2024,2024-07-15,2710,2024-05-23,"410 ",40427,2710,4,5,4,2710,0,0,0,,0,01A,"CANYON DEL REY BL","FREMONT BL",118.00,W,N,A,-,Y,MON,5,218,-,L,0.900,H,-,W,N,2,0,1,2,A,-,10,21954,B,F,G,B,D,A,H,-,C,A,0,Y,,,,Y,Y,A,07,1,0,0,0,1,0,0,0,0,"- ","- ",,,MONTEREY,SEASIDE,-121.85103607177734,36.599166870117188
9705579,2024,2024-08-14,2710,2024-05-29,"755 ",40401,MARIN,3,5,4,2710,0,0,0,,0,02A,"WANDA AV","LOWELL ST",0.00,,Y,A,-,N,,,,,,,,,,N,4,0,2,2,A,-,12,22450,A,F,D,C,A,A,H,-,A,D,0,,,,,Y,,A,01,0,0,2,0,0,0,0,0,0,"- ","- ",,,MONTEREY,SEASIDE,-121.83657836914062,36.604160308837891
9705580,2024,2024-07-17,2710,2024-05-28,1844,40441,,2,5,4,2710,0,0,0,,0,02A,"YOSEMITE ST","SONOMA AV",0.00,,-,A,-,N,,,,,,,,,,Y,4,0,1,2,A,-,08,22107,,N,D,C,A,A,H,-,A,D,0,,,,,Y,,-,,0,0,1,0,0,0,0,0,0,"- ","- ",,,MONTEREY,SEASIDE,-121.83019256591797,36.605941772460938
9706338,2024,2024-07-11,2711,2024-04-26,"640 ",7178,7178,5,5,3,2711,0,0,0,,0,002,"FRONT ST","OAK ST",0.00,,Y,B,-,N,,,,,,,,,,Y,4,0,1,2,A,-,12,21453,A,N,D,C,A,B,H,-,A,A,0,,,,,Y,,A,01,0,0,1,0,0,0,0,0,0,"- ","- ",,,MONTEREY,SOLEDAD,-121.32444763183594,36.423782348632812
9707676,2024,2024-07-10,2710,2024-05-28,1101,40386,3,2,5,4,2710,0,0,0,,0,02A,"SAN PABLO AV","GRANADA ST",82.00,W,N,A,-,N,,,,,,,,,,N,4,0,1,3,A,-,08,22107,,N,B,E,A,A,H,-,A,D,0,,,,,Y,,D,22,0,0,1,0,0,0,0,0,0,"- ","- ",,,MONTEREY,SEASIDE,-121.82337951660156,36.614566802978516
9707679,2024,2024-07-09,2710,2024-05-04,"954 ",40412,16,6,5,4,2710,0,0,0,,0,02B,"DEL MONTE BL","BROADWAY AV",0.00,,Y,B,-,N,,,,,,,,,,N,4,0,1,2,A,-,12,21453,A,N,D,G,A,B,H,-,A,A,0,,Y,,,Y,,D,22,0,0,1,0,0,0,1,0,0,"- ","- ",,,MONTEREY,SEASIDE,-121.85272979736328,36.609390258789062
9707950,2024,2024-07-17,2710,2024-05-26,"117 ",40435,SEASI,7,5,4,2710,0,0,0,,0,01B,"NOCHE BUENA ST","LA SALLE AV",0.00,,Y,A,-,N,,,,,,,,,,Y,3,0,1,2,A,-,08,22107,,M,C,E,A,A,H,-,C,D,0,,,,,Y,Y,A,01,0,1,0,0,0,0,0,0,0,"- ","- ",,,MONTEREY,SEASIDE,-121.83753204345703,36.616741180419922
9708661,2024,2024-07-31,2706,2024-06-18,1354,215,MONTE,2,5,4,2706,0,0,0,,0,002,"DEL MONTE AV","TYLER ST",0.00,,Y,A,-,N,,,,,,,,,,N,4,0,1,2,A,-,12,21453,A,N,H,G,A,A,C,-,A,A,0,,Y,,,Y,,A,07,0,0,1,0,0,0,1,0,0,"- ","- ",36.600799560546875,-121.89309692382812,MONTEREY,MONTEREY,-121.89318084716797,36.60076904296875
9709605,2024,2024-07-31,2710,2024-06-26,1544,45436,SALIN,3,5,4,2710,0,0,0,,0,02A,"BROADWAY AV","HILLSDALE AV",0.00,,Y,A,-,N,,,,,,,,,,N,4,0,3,2,A,-,08,22102,,N,D,G,A,A,H,-,A,D,0,,Y,,,Y,,-,,0,0,3,0,0,0,1,0,0,"- ","- ",,,MONTEREY,SEASIDE,-121.85054779052734,36.609272003173828
9709613,2024,2024-09-13,2710,2024-06-01,2246,40428,MONTE,6,5,4,2710,0,0,0,,0,01B,"NOCHE BUENA ST","SONOMA AV",0.00,,Y,A,-,N,,,,,,,,,,N,4,0,1,2,A,-,12,22450,A,M,D,C,A,A,H,-,C,D,0,,,,,Y,,-,"- ",0,0,1,0,0,0,0,0,0,"- ","- ",,,MONTEREY,SEASIDE,-121.83779144287109,36.606060028076172
9710003,2024,2024-10-18,2710,2024-05-04,1544,40422,2710,6,5,4,2710,0,0,0,,0,02B,"ORD GROVE AV","WARING ST",18.00,E,N,C,-,N,,,,,,,,,,N,2,0,1,1,D,-,00,,,N,F,I,A,B,A,-,A,D,0,,,Y,,Y,,-,"- ",1,0,0,0,0,0,0,0,1,"- ","- ",,,MONTEREY,SEASIDE,-121.83457183837891,36.619178771972656
9714444,2024,2024-09-23,2703,2024-03-20,1951,0098,2703,3,5,2,2703,0,0,0,,0,ALL,"BELDEN ST","B ST",75.00,N,N,A,-,N,,,,,,,,,,N,4,0,1,2,A,-,00,21954,,F,G,B,D,A,H,-,D,D,0,Y,,,,Y,,-,99,0,0,1,0,1,0,0,0,0,"- ","- ",,,MONTEREY,GONZALES,-121.43956756591797,36.503868103027344
9714513,2024,2024-07-12,2711,2024-02-16,"756 ",07398,2711,5,5,3,2711,0,0,0,,0,002,"METZ RD","WALKER DR",0.00,,N,A,-,N,,,,,,,,,,Y,4,0,1,2,A,-,09,21802,A,N,A,C,A,A,H,-,A,D,0,,,,,Y,,A,01,0,0,1,0,0,0,0,0,0,"- ","- ",,,MONTEREY,SOLEDAD,-121.32112121582031,36.427608489990234
9716956,2024,2024-09-27,2703,2024-07-22,2138,6521,2703,1,5,2,2703,0,0,0,,0,ALL,"CHAROLAIS DR","HEROLD PKY",37.00,N,N,A,-,N,,,,,,,,,,Y,4,0,3,3,A,-,00,23103,A,N,A,E,A,A,H,-,C,D,0,,,,,Y,,A,01,0,0,3,0,0,0,0,0,0,"- ","- ",,,MONTEREY,GONZALES,-121.43116760253906,36.506725311279297
9718343,2024,2024-07-30,2710,2024-06-29,1609,40422,2710,6,5,4,2710,0,0,0,,0,02B,"DEL MONTE BL","ROBERTS AV",415.00,N,N,A,-,N,,,,,,,,,,Y,3,0,1,2,A,-,03,22350,,N,C,C,A,A,H,-,A,D,0,,,,,Y,,A,01,0,1,0,0,0,0,0,0,0,"- ","- ",,,MONTEREY,SEASIDE,-121.85928344726562,36.605709075927734
9718344,2024,2024-10-16,2710,2024-06-28,1444,40412,SEASI,5,5,4,2710,0,0,0,,0,002,"FREMONT BL","ECHO AV",0.00,,-,A,-,N,,,,,,,,,,Y,3,0,2,2,A,-,08,22107,,N,B,C,A,A,H,-,A,A,0,,,Y,,Y,,A,07,0,2,0,0,0,0,0,0,1,"- ","- ",,,MONTEREY,SEASIDE,-121.84302520751953,36.613998413085938
9718345,2024,2024-07-31,2710,2024-06-07,"557 ",40427,2710,5,5,4,2710,0,0,0,,0,01A,"BROADWAY AV","FREMONT BL",0.00,,Y,B,-,Y,,,,,,,,,,Y,3,0,1,2,A,-,12,21453,A,N,D,C,A,A,H,-,A,A,0,,,,,Y,,A,01,0,1,0,0,0,0,0,0,0,"- ","- ",,,MONTEREY,SEASIDE,-121.84564971923828,36.609157562255859
9718459,2024,2024-08-30,2711,2024-03-25,"929 ",6189,2711,1,5,3,2711,0,0,0,,0,001,TIERRA,"WEST ST",146.00,S,N,B,-,N,,,,,,,,,,N,4,0,1,2,A,-,08,22107,,N,B,E,A,A,H,-,A,D,0,,,,,Y,,D,22,0,0,1,0,0,0,0,0,0,"- ","- ",,,MONTEREY,SOLEDAD,-121.32415771484375,36.443370819091797
9720372,2024,2024-09-27,2706,2024-07-26,1452,027,MONTE,5,5,4,2706,0,0,0,,0,003,"CASA VERDE WY","MONTECITO AV",317.00,N,N,A,-,Y,MON,5,1,-,R,78.590,R,4,N,Y,2,0,1,2,A,-,12,22450,A,N,D,C,A,A,H,-,A,A,0,,,Y,,Y,,C,02,1,0,0,0,0,0,0,0,1,"- ","- ",,,MONTEREY,MONTEREY,-121.86312103271484,36.600379943847656
9722114,2024,2024-09-16,2701,2024-08-29,"959 ",216,2701,4,5,2,2701,0,0,0,,0,ALL,"OCEAN AV","CARPENTER ST",0.00,,Y,A,-,N,,,,,,,,,,Y,3,0,1,1,A,-,03,22350,,N,E,I,A,A,H,-,A,D,0,,,,,Y,,A,01,0,1,0,0,0,0,0,0,0,"- ","- ",,,MONTEREY,CARMEL,-121.91555023193359,36.555103302001953
9730735,2024,2024-10-02,2704,2024-07-21,1213,6209,2704,7,5,3,2704,0,0,0,,0,002,"EL CAMINO REAL","PALM AV",0.00,N,N,A,-,N,,,,,,,,,,N,4,0,1,2,B,-,22,,,N,D,C,A,A,A,H,A,D,0,,,,,Y,,M,94,0,0,1,0,0,0,0,0,0,"- ","- ",,,MONTEREY,GREENFIELD,-121.2447509765625,36.322406768798828
9731734,2024,2024-09-11,2711,2024-07-08,"620 ",7398,2711,1,5,3,2711,0,0,0,,0,001,"SAN VINCENTE RD","MARKET ST",38.00,E,N,A,-,N,,,,,,,,,,Y,3,0,1,1,A,-,03,22350,,N,A,I,A,A,H,-,A,D,0,,,,,Y,Y,A,01,0,1,0,0,0,0,0,0,0,"- ","- ",,,MONTEREY,SOLEDAD,-121.33361053466797,36.432880401611328
9731735,2024,2024-10-15,2711,2024-07-03,2110,1322,2711,3,5,3,2711,0,0,0,,0,001,"MAIN ST","MARKET ST",13.00,E,N,A,-,N,,,,,,,,,,Y,3,0,3,2,A,-,03,22350,,N,B,C,A,A,H,-,C,A,0,,,,,Y,Y,A,01,0,2,1,0,0,0,0,0,0,"- ","- ",,,MONTEREY,SOLEDAD,-121.3271484375,36.428977966308594
9732287,2024,2024-09-18,2704,2024-08-20,"932 ",7866,2704,2,5,3,2704,0,0,0,,0,002,"SIRRAH WY","SIRRAH WY 226",45.00,E,N,A,-,N,,,,,,,,,,N,4,0,1,2,A,-,08,22107,,N,D,C,A,A,H,-,A,D,0,,,,,Y,,A,01,0,0,1,0,0,0,0,0,0,"- ","- ",,,MONTEREY,GREENFIELD,-121.233003,36.333925999999998
9732574,2024,2024-09-18,2711,2024-08-24,1208,4989,2711,6,5,3,2711,0,0,0,,0,002,"FRONT ST","NESTLES RD",0.00,,Y,A,-,N,,,,,,,,,,N,4,0,1,2,A,-,08,22107,,N,C,C,A,A,H,-,C,A,0,,,,,Y,,D,22,0,0,1,0,0,0,0,0,0,"- ","- ",,,MONTEREY,SOLEDAD,-121.32273864746094,36.420337677001953
9732585,2024,2024-09-10,2711,2024-08-24,1502,1322,2711,6,5,3,2711,0,0,0,,0,001,"SAAVEDRA ST","JIMENEZ ST",95.00,N,N,A,-,N,,,,,,,,,,Y,4,0,2,3,A,-,21,22106,,N,B,C,A,A,H,-,A,A,0,,,,,Y,,A,01,0,0,2,0,0,0,0,0,0,"- ","- ",,,MONTEREY,SOLEDAD,-121.33177185058594,36.439777374267578
9733650,2024,2024-10-01,2711,2024-05-03,1536,07398,2711,5,5,3,2711,0,0,0,,0,001,"FRONT ST","SAN VICENTE RD",1.00,N,N,A,-,N,,,,,,,,,,Y,4,0,1,2,A,-,03,22350,,N,C,C,A,A,H,-,A,A,0,,,Y,,Y,,A,01,0,0,1,0,0,0,0,0,1,"- ","- ",,,MONTEREY,SOLEDAD,-121.33376312255859,36.429702758789062
9734935,2024,2024-10-14,2710,2024-08-15,1040,40412,SEASI,4,5,4,2710,0,0,0,,0,02A,"DEL MONTE BL","LA SALLE AV",0.00,,-,A,-,N,,,,,,,,,,N,3,0,1,2,A,-,08,22107,,N,B,G,A,A,H,-,A,D,0,,Y,,,Y,,-,,0,1,0,0,0,0,1,0,0,"- ","- ",,,MONTEREY,SEASIDE,-121.843346,36.617280000000001
9735048,2024,2024-10-14,2710,2024-08-27,1840,40401,MARIN,2,5,4,2710,0,0,0,,0,02A,"BROADWAY AV","CALAVERAS ST",170.00,W,N,A,-,N,,,,,,,,,,N,4,0,1,2,A,-,21,22106,,N,B,G,A,A,H,-,A,D,0,,Y,,,Y,,A,07,0,0,1,0,0,0,1,0,0,"- ","- ",,,MONTEREY,SEASIDE,-121.84807586669922,36.609226226806641
9735049,2024,2024-10-14,2710,2024-08-06,1546,40443,SEASI,2,5,4,2710,0,0,0,,0,002,"MINGO AV","LUXTON ST",127.11,E,N,A,-,N,,,,,,,,,,Y,2,0,2,4,A,-,11,21954,A,N,A,B,D,A,H,-,A,D,0,Y,,,,Y,,N,60,1,0,1,0,1,0,0,0,0,"- ","- ",,,MONTEREY,SEASIDE,-121.8353271484375,36.611923217773438
9735050,2024,2024-10-14,2710,2024-08-05,1350,40401,MARIN,1,5,4,2710,0,0,0,,0,02A,"FREMONT BL","LA SALLE AV",143.00,N,N,A,-,N,,,,,,,,,,N,3,0,2,2,A,-,04,21703,,N,C,C,A,A,H,-,A,A,0,,,,,Y,,A,01,0,1,1,0,0,0,0,0,0,"- ","- ",,,MONTEREY,SEASIDE,-121.84127807617188,36.617141723632812
9735060,2024,2024-10-14,2710,2024-08-25,1645,40455,2710,7,5,4,2710,0,0,0,,0,02B,"HEITZINGER PLZ","FREMONT BL",200.00,W,N,A,-,N,,,,,,,,,,N,4,0,2,2,A,-,09,21804,B,N,B,C,A,A,H,-,A,D,0,,,,,Y,,A,01,0,0,2,0,0,0,0,0,0,"- ","- ",,,MONTEREY,SEASIDE,-121.84545135498047,36.611003875732422
9735062,2024,2024-10-14,2710,2024-08-18,1838,40455,2710,7,5,4,2710,0,0,0,,0,02B,"DEL MONTE BL","ROBERTS AV",230.00,N,N,A,-,N,,,,,,,,,,N,4,0,1,2,A,-,01,23152,A,N,C,C,A,A,H,-,A,D,0,,,,,Y,Y,A,01,0,0,1,0,0,0,0,0,0,"- ","- ",,,MONTEREY,SEASIDE,-121.85928344726562,36.605709075927734
9735065,2024,2024-10-14,2710,2024-08-15,1812,40391,MARIN,4,5,4,2710,0,0,0,,0,003,"FREMONT BL","CANYON DEL REY BL",144.00,S,N,-,-,N,,,,,,,,,,N,4,0,1,2,A,-,03,22350,,N,C,C,A,A,H,-,A,A,0,,,,,Y,,-,,0,0,1,0,0,0,0,0,0,"- ","- ",,,MONTEREY,SEASIDE,-121.85076904296875,36.598819732666016
9735817,2024,2024-11-08,2710,2024-09-10,1322,40422,2710,2,5,4,2710,0,0,0,,0,02A,"BROADWAY AV","FLORES ST",0.00,,Y,A,-,N,,,,,,,,,,N,4,0,1,2,A,-,12,22450,A,N,D,C,A,A,H,-,A,A,0,,,,,Y,,A,01,0,0,1,0,0,0,0,0,0,"- ","- ",,,MONTEREY,SEASIDE,-121.83396148681641,36.608966827392578
9735823,2024,2024-11-08,2710,2024-09-01,"446 ",40436,2710,7,5,4,2710,0,0,0,,0,01B,"HILBY AV","HILBY AV 1391",0.00,,N,A,-,N,,,,,,,,,,Y,4,0,1,2,A,-,08,22107,,N,B,E,A,A,H,-,C,D,0,,,,,Y,,A,01,0,0,1,0,0,0,0,0,0,"- ","- ",,,MONTEREY,SEASIDE,-121.835628,36.602356
9735881,2024,2025-03-06,2710,2024-09-20,1521,40391,MARIN,5,5,4,2710,0,0,0,,0,003,"FREMONT BL","MONTEREY RD",0.00,,Y,A,-,N,,,,,,,,,,N,4,0,1,2,A,-,05,21650,1,N,D,G,A,A,H,-,A,A,0,,Y,,,Y,,L,04,0,0,1,0,0,0,1,0,0,"- ","- ",,,MONTEREY,SEASIDE,-121.84123229980469,36.623752593994141
9735882,2024,2024-11-05,2710,2024-09-18,1027,40386,16,3,5,4,2710,0,0,0,,0,02A,"DEL MONTE BL","CONTRA COSTA ST",0.00,,Y,A,-,N,,,,,,,,,,Y,4,0,2,2,A,-,09,21801,A,N,A,C,A,A,H,-,A,A,0,,,,,Y,,A,07,0,0,2,0,0,0,0,0,0,"- ","- ",,,MONTEREY,SEASIDE,-121.85198211669922,36.609874725341797
9739637,2024,2024-10-02,2710,2024-07-02,2305,40441,2710,2,5,4,2710,0,0,0,,0,01A,"HILBY AV","HILBY AV 1500",0.00,,Y,A,-,N,,,,,,,,,,N,4,0,1,3,A,-,08,22107,,N,C,E,A,A,H,-,C,D,0,,,,,Y,,A,01,0,0,1,0,0,0,0,0,0,"- ","- ",,,MONTEREY,SEASIDE,,
9740864,2024,2024-10-16,2703,2024-09-21,1510,6521,2703,6,5,2,2703,0,0,0,,0,ALL,ALTA,"C ST",0.00,S,N,A,-,N,,,,,,,,,,N,4,0,1,2,A,-,09,21804,A,N,B,C,A,A,H,-,A,D,0,,,,,Y,,A,01,0,0,1,0,0,0,0,0,0,"- ","- ",,,MONTEREY,GONZALES,-121.43978118896484,36.501964569091797
9747206,2024,2024-10-24,2711,2024-09-17,1139,7409,2711,2,5,3,2711,0,0,0,,0,001,"WEST ST","MARKET ST",0.00,W,N,A,-,N,,,,,,,,,,Y,4,0,2,2,A,-,12,22450,A,N,B,C,A,A,H,-,A,D,0,,,,,Y,,A,01,0,0,2,0,0,0,0,0,0,"- ","- ",,,MONTEREY,SOLEDAD,-121.33023834228516,36.430892944335938
9747207,2024,2024-10-25,2711,2024-09-25,1351,7178,2711,3,5,3,2711,0,0,0,,0,002,"3RD ST","VINEYARD DR",28.00,W,N,A,-,N,,,,,,,,,,N,3,0,1,2,A,-,11,21950,B,N,G,B,D,A,H,-,A,D,0,Y,,,,Y,,N,60,0,1,0,0,1,0,0,0,0,"- ","- ",,,MONTEREY,SOLEDAD,-121.31582641601562,36.425754547119141
9749238,2024,2024-11-08,2706,2024-10-07,1411,328,MONTE,1,5,4,2706,0,0,0,,0,001,"WAVE ST","DAVID AV",130.00,N,N,A,-,N,,,,,,,,,,Y,4,0,1,4,A,-,01,23152,B,M,A,E,A,A,H,-,A,D,0,,,,,Y,Y,A,01,0,0,1,0,0,0,0,0,0,"- ","- ",36.617679595947266,-121.90258026123047,MONTEREY,MONTEREY,-121.90277862548828,36.617618560791016
9750266,2024,2024-11-08,2710,2024-09-19,1902,40435,SEASI,4,5,4,2710,0,0,0,,0,01B,"1ST AV",LIGHTFIGHTER,0.00,,Y,A,-,N,,,,,,,,,,Y,4,0,2,2,B,-,22,,,N,D,C,A,A,H,-,A,A,0,,,,,Y,,-,"- ",0,0,2,0,0,0,0,0,0,"- ","- ",,,MONTEREY,SEASIDE,-121.81208038330078,36.647739410400391
9756795,2024,2024-12-09,2710,2024-10-24,"738 ",40455,SALIN,4,5,4,2710,0,0,0,,0,02A,"DEL MONTE BL","CANYON DEL REY",0.00,,Y,A,-,N,,,,,,,,,,Y,3,0,1,3,A,-,09,21453,C,N,A,C,A,A,H,-,A,A,0,,,,Y,Y,Y,D,22,0,1,0,0,0,0,0,0,0,"- ","- ",,,MONTEREY,SEASIDE,-121.85581207275391,36.607696533203125
9756917,2024,2024-12-03,2710,2024-10-07,1754,38383,,1,5,4,2710,0,0,0,,0,01A,"CANYON DEL REY BL","DEL MONTE BL",8.00,S,N,A,-,N,,,,,,,,,,N,4,0,1,2,A,-,08,22107,,N,D,G,A,A,H,-,A,A,0,,Y,,,Y,,A,01,0,0,1,0,0,0,1,0,0,"- ","- ",,,MONTEREY,SEASIDE,-121.85579681396484,36.607681274414062
9756918,2024,2024-12-03,2710,2024-10-11,1830,40428,MONTE,5,5,4,2710,0,0,0,,0,01B,"ORD GROVE AV","FREMONT BL",52.00,E,N,A,-,N,,,,,,,,,,N,3,0,1,2,A,-,10,21950,A,N,G,B,B,A,H,-,A,A,0,Y,,,,Y,Y,A,01,0,1,0,0,1,0,0,0,0,"- ","- ",,,MONTEREY,SEASIDE,-121.84014129638672,36.619312286376953
9756920,2024,2024-12-03,2710,2024-10-21,"803 ",40441,2710,1,5,4,2710,0,0,0,,0,03B,"ELM AV","ALHAMBRA ST",0.00,,Y,A,-,N,,,,,,,,,,N,4,0,1,2,A,-,12,22450,,N,H,G,A,A,H,-,A,D,0,,Y,,,Y,,L,04,0,0,1,0,0,0,1,0,0,"- ","- ",,,MONTEREY,SEASIDE,-121.84906768798828,36.607734680175781
9761362,2024,2024-12-23,2703,2024-11-21,"215 ",0960,2703,4,5,2,2703,0,0,0,,0,ALL,"PUENTE DEL MONTE ST","GONZALES RIVER RD",0.00,,Y,A,-,N,,,,,,,,,,N,4,0,1,2,A,-,09,21804,A,N,D,C,A,A,H,-,C,D,0,,,,,Y,,A,01,0,0,1,0,0,0,0,0,0,"- ","- ",,,MONTEREY,GONZALES,-121.44636535644531,36.500633239746094
9764106,2024,2025-07-09,2710,2024-12-04,1755,40445,1710,3,5,4,2710,0,0,0,,0,02A,"FREMONT BL","SONOMA AV",0.00,,Y,A,-,N,,,,,,,,,,N,4,0,1,2,A,-,01,23153,,N,G,B,B,A,H,-,C,A,0,Y,,,,Y,Y,-,,0,0,1,0,1,0,0,0,0,"- ","- ",,,MONTEREY,SEASIDE,-121.84709930419922,36.606250762939453
9764107,2024,2025-01-29,2710,2024-12-15,1406,40441,2710,7,5,4,2710,0,0,0,,0,02B,"DEL MONTE BL","LA SALLE AV",0.00,,Y,A,-,N,,,,,,,,,,Y,4,0,1,2,A,-,09,21804,A,N,B,C,A,A,H,-,A,D,0,,,,,Y,,A,01,0,0,1,0,0,0,0,0,0,"- ","- ",,,MONTEREY,SEASIDE,-121.843346,36.617280000000001
9764108,2024,2025-01-29,2710,2024-12-28,1709,40422,2710,6,5,4,2710,0,0,0,,0,02B,"DEL MONTE BL","LA SALLE AV",0.00,,Y,B,-,N,,,,,,,,,,Y,4,0,2,2,A,-,09,21801,A,N,A,C,A,A,H,-,C,D,0,,,,,Y,,A,08,0,0,2,0,0,0,0,0,0,"- ","- ",,,MONTEREY,SEASIDE,-121.843346,36.617280000000001
9764145,2024,2025-01-28,2710,2024-12-27,1850,40423,2710,5,5,4,2710,0,0,0,,0,02B,"DEL MONTE BL","CLEMENTINA AV",100.00,N,N,A,-,N,,,,,,,,,,N,4,0,1,2,A,-,08,22107,,N,D,C,A,A,H,-,C,A,0,,,,,Y,,A,01,0,0,1,0,0,0,0,0,0,"- ","- ",,,MONTEREY,SEASIDE,-121.84872436523438,36.611431121826172
9764181,2024,2025-01-28,2711,2024-11-01,2146,06389,2711,5,5,3,2711,0,0,0,,0,002,"OAK ST","MONTEREY ST",159.00,E,N,A,-,N,,,,,,,,,,Y,3,0,1,3,A,-,08,22107,,N,B,E,A,A,H,-,C,D,0,,,,,Y,Y,A,01,0,1,0,0,0,0,0,0,0,"- ","- ",,,MONTEREY,SOLEDAD,-121.32306671142578,36.425148010253906
9764220,2024,2025-07-03,2711,2024-11-05,1933,8988,2711,2,5,3,2711,0,0,0,,0,002,"OAK ST","MONTEREY ST",0.00,,Y,A,-,N,,,,,,,,,,N,4,0,1,2,A,-,10,21950,A,N,G,B,B,A,H,-,C,A,0,Y,,,,Y,,A,01,0,0,1,0,1,0,0,0,0,"- ","- ",,,MONTEREY,SOLEDAD,-121.32341003417969,36.424808502197266
9764221,2024,2025-01-29,2711,2024-11-04,1540,1322,2711,1,5,3,2711,0,0,0,,0,001,"MONTEREY ST","ENCINAL ST",0.00,,N,A,-,N,,,,,,,,,,Y,3,0,2,2,A,-,09,21802,A,N,D,C,A,A,H,-,A,A,0,,,,,Y,,A,08,0,1,1,0,0,0,0,0,0,"- ","- ",,,MONTEREY,SOLEDAD,-121.32923889160156,36.4285888671875
9764222,2024,2025-01-31,2711,2024-11-04,1737,1322,2711,1,5,3,2711,0,0,0,,0,002,"FRONT ST","FRONT ST 900",0.00,,N,A,-,N,,,,,,,,,,N,4,0,1,3,A,-,03,22350,,N,C,C,A,A,H,-,C,A,0,,,,,Y,,A,01,0,0,1,0,0,0,0,0,0,"- ","- ",,,MONTEREY,SOLEDAD,-121.32616424560547,36.424900054931641
9764223,2024,2025-01-30,2707,2024-11-01,1407,2333,,5,5,3,2707,0,0,0,,0,002,"17 MILE DR","AVALON PL",10.00,S,N,A,-,N,,,,,,,,,,Y,3,0,1,2,A,-,03,22350,,N,A,E,A,A,H,-,A,D,0,,,,,Y,,A,07,0,1,0,0,0,0,0,0,0,"- ","- ",,,MONTEREY,"PACIFIC GROVE",-121.929362,36.622498999999998
9764224,2024,2025-01-28,2707,2024-11-09,1135,19893,2707,6,5,3,2707,0,0,0,,0,002,"CONGRESS AV","PINE AV",0.00,,Y,A,-,N,,,,,,,,,,Y,4,0,1,2,A,-,09,21804,B,N,D,C,A,A,H,-,A,D,0,,,,,Y,,A,07,0,0,1,0,0,0,0,0,0,"- ","- ",,,MONTEREY,"PACIFIC GROVE",-121.92191314697266,36.619712829589844
9764586,2024,2025-01-28,2711,2024-10-24,"652 ",6863,2711,4,5,3,2711,0,0,0,,0,002,"ROBLEDO DR","ORCHARD LN",7.00,N,N,A,-,N,,,,,,,,,,N,3,0,1,2,A,-,05,21650,,N,D,C,A,A,H,-,B,D,0,,,Y,,Y,,C,03,0,1,0,0,0,0,0,0,1,"- ","- ",,,MONTEREY,SOLEDAD,-121.31577301025391,36.432811737060547
9764587,2024,2025-01-28,2711,2024-10-31,1525,07398,2711,4,5,3,2711,0,0,0,,0,001,"GABILAN DR","APEX ST",0.00,,Y,A,-,N,,,,,,,,,,N,3,0,1,2,A,-,08,22107,,N,G,G,A,A,H,-,A,D,0,,Y,,,Y,,L,04,0,1,0,0,0,0,1,0,0,"- ","- ",,,MONTEREY,SOLEDAD,,
9764588,2024,2025-06-27,2711,2024-10-25,"759 ",2708,2711,5,5,3,2711,0,0,0,,0,002,"DIXIE ST","METZ RD",0.00,,Y,A,-,N,,,,,,,,,,N,2,0,1,2,A,-,05,21650,1,N,D,C,A,A,H,-,A,D,0,,Y,,,Y,,L,04,1,0,0,0,0,0,1,0,0,"- ","- ",,,MONTEREY,SOLEDAD,-121.32205200195312,36.427768707275391
9765317,2024,2025-03-04,2707,2024-06-19,1755,2340,2707,3,5,3,2707,0,0,0,,0,002,"LIGHTHOUSE AV","LIGHTHOUSE AVE 500",0.00,,N,A,-,N,,,,,,,,,,N,4,0,1,3,A,-,03,22350,,N,G,B,E,A,H,-,A,A,0,Y,,,,Y,,A,01,0,0,1,0,1,0,0,0,0,"- ","- ",,,MONTEREY,"PACIFIC GROVE",-121.900926,36.612637999999997
9765319,2024,2025-03-04,2707,2024-06-08,1225,2224,2707,6,5,3,2707,0,0,0,,0,002,"OCEAN VIEW BL","BEACH ST",63.00,W,N,A,-,N,,,,,,,,,,N,4,0,1,2,A,-,03,22350,,N,C,G,A,A,H,-,A,D,0,,Y,,,Y,,L,04,0,0,1,0,0,0,1,0,0,"- ","- ",,,MONTEREY,"PACIFIC GROVE",-121.92314147949219,36.6326904296875