CASE_ID,ACCIDENT_YEAR,PROC_DATE,JURIS,COLLISION_DATE,COLLISION_TIME,OFFICER_ID,REPORTING_DISTRICT,DAY_OF_WEEK,CHP_SHIFT,POPULATION,CNTY_CITY_LOC,SPECIAL_COND,BEAT_TYPE,CHP_BEAT_TYPE,CITY_DIVISION_LAPD,CHP_BEAT_CLASS,BEAT_NUMBER,PRIMARY_RD,SECONDARY_RD,DISTANCE,DIRECTION,INTERSECTION,WEATHER_1,WEATHER_2,STATE_HWY_IND,CALTRANS_COUNTY,CALTRANS_DISTRICT,STATE_ROUTE,ROUTE_SUFFIX,POSTMILE_PREFIX,POSTMILE,LOCATION_TYPE,RAMP_INTERSECTION,SIDE_OF_HWY,TOW_AWAY,COLLISION_SEVERITY,NUMBER_KILLED,NUMBER_INJURED,PARTY_COUNT,PRIMARY_COLL_FACTOR,PCF_CODE_OF_VIOL,PCF_VIOL_CATEGORY,PCF_VIOLATION,PCF_VIOL_SUBSECTION,HIT_AND_RUN,TYPE_OF_COLLISION,MVIW,PED_ACTION,ROAD_SURFACE,ROAD_COND_1,ROAD_COND_2,LIGHTING,CONTROL_DEVICE,CHP_ROAD_TYPE,PEDESTRIAN_ACCIDENT,BICYCLE_ACCIDENT,MOTORCYCLE_ACCIDENT,TRUCK_ACCIDENT,NOT_PRIVATE_PROPERTY,ALCOHOL_INVOLVED,STWD_VEHTYPE_AT_FAULT,CHP_VEHTYPE_AT_FAULT,COUNT_SEVERE_INJ,COUNT_VISIBLE_INJ,COUNT_COMPLAINT_PAIN,COUNT_PED_KILLED,COUNT_PED_INJURED,COUNT_BICYCLIST_KILLED,COUNT_BICYCLIST_INJURED,COUNT_MC_KILLED,COUNT_MC_INJURED,PRIMARY_RAMP,SECONDARY_RAMP,LATITUDE,LONGITUDE,COUNTY,CITY,POINT_X,POINT_Y
9765320,2024,2025-03-07,2707,2024-06-24,1430,2433,2707,1,5,3,2707,0,0,0,,0,001,"SUNSET DR","GROVE ACRE AV",18.00,W,N,A,-,N,,,,,,,,,,Y,4,0,1,2,A,-,08,22107,,N,D,C,A,A,H,-,A,D,0,,,,,Y,,A,01,0,0,1,0,0,0,0,0,0,"- ","- ",,,MONTEREY,"PACIFIC GROVE",-121.93370819091797,36.615795135498047
9765513,2024,2025-02-14,2704,2024-12-07,1103,7866,2704,6,5,3,2704,0,0,0,,0,001,"EL CAMINO REAL","POST 22",29.00,N,N,A,-,N,,,,,,,,,,N,4,0,2,2,A,-,09,21804,A,N,D,C,A,A,H,-,A,D,0,,,,,Y,,A,01,0,0,2,0,0,0,0,0,0,"- ","- ",,,MONTEREY,GREENFIELD,,
9765653,2025,2025-02-18,2704,2025-01-01,1457,4823,2704,3,5,3,2704,0,0,0,,0,001,"GREENLEAF LOOP","OAK AV",17.00,S,N,A,-,N,,,,,,,,,,N,3,0,1,2,A,-,09,21801,A,N,D,G,A,A,H,-,A,D,0,,Y,,,Y,Y,A,07,0,1,0,0,0,0,1,0,0,"- ","- ",,,MONTEREY,GREENFIELD,-121.25590515136719,36.313770294189453
9765735,2024,2025-02-18,2707,2024-05-30,1316,1983,2707,4,5,3,2707,0,0,0,,0,002,"OCEAN VIEW BL","MONTEREY AV",20.00,W,N,A,-,N,,,,,,,,,,Y,4,0,1,2,A,-,07,21658,A,N,C,E,A,A,H,-,A,D,0,,,,,Y,,A,07,0,0,1,0,0,0,0,0,0,"- ","- ",,,MONTEREY,"PACIFIC GROVE",-121.91204071044922,36.622032165527344
9765918,2025,2025-03-04,2710,2025-01-06,1936,40423,2710,1,5,4,2710,0,0,0,,0,02B,"BROADWAY AV","CONTRA COSTA ST",0.00,,Y,A,-,N,,,,,,,,,,N,4,0,1,2,A,-,09,21806,A,N,D,C,A,A,H,-,C,A,0,,,,,Y,,D,22,0,0,1,0,0,0,0,0,0,"- ","- ",,,MONTEREY,SEASIDE,-121.85208892822266,36.609310150146484
9766427,2025,2025-03-04,2710,2025-01-06,1105,40441,,1,5,4,2710,0,0,0,,0,02A,"HEITZINGER PLZ","HEITZINGER PLZ 1",0.00,,N,A,-,N,,,,,,,,,,N,4,0,1,2,A,-,04,21703,,N,C,C,A,A,H,-,A,D,0,,,,,Y,,A,01,0,0,1,0,0,0,0,0,0,"- ","- ",,,MONTEREY,SEASIDE,-121.845671,36.611060999999999
9766428,2025,2025-03-13,2710,2025-01-12,1433,40412,,7,5,4,2710,0,0,0,,0,02B,"FREMONT BL","FREMONT BL 1400",0.00,,N,A,-,N,,,,,,,,,,N,3,0,1,2,A,-,07,21658,A,N,-,G,A,A,H,-,A,A,0,,Y,,,Y,,A,01,0,1,0,0,0,0,1,0,0,"- ","- ",,,MONTEREY,SEASIDE,-121.84152984619141,36.616809844970703
9766429,2025,2025-03-03,2710,2025-01-14,1604,40423,2710,2,5,4,2710,0,0,0,,0,02A,"FREMONT BL","HILBY AV",0.00,,Y,A,-,N,,,,,,,,,,N,3,0,1,2,A,-,"- ",,,N,G,B,B,A,H,-,A,A,0,Y,,,,Y,,A,01,0,1,0,0,1,0,0,0,0,"- ","- ",,,MONTEREY,SEASIDE,-121.84882354736328,36.602611541748047
9766430,2025,2025-03-03,2710,2025-01-14,1720,40423,2710,2,5,4,2710,0,0,0,,0,02A,"FREMONT BL","KIMBALL AV",0.00,,Y,A,-,N,,,,,,,,,,N,4,0,1,2,A,-,17,21200,,N,H,G,A,A,H,-,A,A,0,,Y,,,Y,,L,04,0,0,1,0,0,0,1,0,0,"- ","- ",,,MONTEREY,SEASIDE,-121.85015106201172,36.599822998046875
9766431,2025,2025-03-03,2710,2025-01-28,1350,40423,2710,2,5,4,2710,0,0,0,,0,02A,"DEL MONTE BL","ROBERTS AV",412.00,S,N,A,-,N,,,,,,,,,,N,3,0,1,2,A,-,09,21804,A,N,D,C,A,A,H,-,A,D,0,,,Y,,Y,,A,01,0,1,0,0,0,0,0,0,1,"- ","- ",,,MONTEREY,SEASIDE,-121.85928344726562,36.605709075927734
9766432,2025,2025-03-03,2710,2025-01-31,"636 ",40436,2710,5,5,4,2710,0,0,0,,0,02B,"DEL MONTE BL","EL BOSQUE DR",0.00,,Y,A,-,N,,,,,,,,,,N,4,0,2,3,A,-,10,21950,A,N,G,B,B,A,H,-,C,D,0,Y,,,,Y,,A,01,0,0,2,0,2,0,0,0,0,"- ","- ",,,MONTEREY,SEASIDE,,
9769587,2024,2025-01-15,2704,2024-08-09,2206,6494,2704,5,5,3,2704,0,0,0,,0,,"RT 101","WALNUT AV",0.00,,Y,A,-,Y,MON,5,101,-,-,53.962,R,3,N,N,3,0,1,2,D,-,00,,,F,G,B,B,A,H,-,A,A,0,Y,,,,Y,,-,"- ",0,1,0,0,1,0,0,0,0,"- ","- ",,,MONTEREY,GREENFIELD,-121.24503326416016,36.330490112304688
9770428,2024,2025-01-02,2704,2024-11-23,1725,06935,,6,5,3,2704,0,0,0,,0,001,"TYLER AV","HEIDI DR",0.00,W,N,A,-,N,,,,,,,,,,N,2,0,1,2,B,-,22,,,N,B,E,A,A,H,-,D,D,0,,,,,Y,,A,01,1,0,0,0,0,0,0,0,0,"- ","- ",,,MONTEREY,GREENFIELD,-121.24153900146484,36.314010620117188
9770445,2024,2025-03-20,2704,2024-10-21,1948,1848,2704,1,5,3,2704,0,0,0,,0,001,"OAK AV","9TH ST",0.00,,Y,A,-,N,,,,,,,,,,N,4,0,1,2,A,-,10,21950,A,N,G,B,B,A,H,-,C,D,0,Y,,,,Y,,A,01,0,0,1,0,1,0,0,0,0,"- ","- ",,,MONTEREY,GREENFIELD,-121.24443054199219,36.320255279541016
9770446,2024,2024-12-31,2704,2024-10-11,1539,4823,2704,5,5,3,2704,0,0,0,,0,002,"WALNUT AV","3RD ST",25.00,E,N,A,-,N,,,,,,,,,,Y,4,0,3,2,A,-,12,21453,A,N,D,C,A,A,H,-,A,A,0,,,,,Y,,A,07,0,0,3,0,0,0,0,0,0,"- ","- ",,,MONTEREY,GREENFIELD,-121.23919677734375,36.332000732421875
9770617,2024,2024-12-31,2704,2024-08-02,2129,9104,2704,5,5,3,2704,0,0,0,,0,001,"APPLE AV","MORRIS WY",0.00,,N,A,-,N,,,,,,,,,,N,3,0,1,2,A,-,00,20001,A,F,B,B,D,A,H,-,C,D,0,Y,,,,Y,,A,01,0,1,0,0,1,0,0,0,0,"- ","- ",,,MONTEREY,GREENFIELD,-121.25536346435547,36.318565368652344
9771197,2024,2025-01-13,2704,2024-07-06,1939,4823,2704,6,5,3,2704,0,0,0,,0,001,"OAK AV","12TH ST",0.00,,Y,A,-,N,,,,,,,,,,N,4,0,1,2,A,-,09,21802,A,N,D,D,A,A,H,-,A,D,0,,,,,Y,,A,01,0,0,1,0,0,0,0,0,0,"- ","- ",,,MONTEREY,GREENFIELD,-121.25079345703125,36.316738128662109
9771204,2024,2025-01-10,2704,2024-07-23,1320,4823,2704,2,5,3,2704,0,0,0,,0,001,"CAMINO REAL","MAPLE AV",4.00,S,N,A,-,N,,,,,,,,,,N,4,0,1,2,A,-,10,21950,A,N,G,B,B,A,H,-,A,D,0,Y,,,,Y,,A,01,0,0,1,0,1,0,0,0,0,"- ","- ",,,MONTEREY,GREENFIELD,-121.24216461181641,36.319301605224609
9771309,2024,2025-01-17,2710,2024-11-25,"55  ",40438,MONTE,1,5,4,2710,0,0,0,,0,01B,"COE AV","BUTTERCUP BL",367.00,E,N,C,-,N,,,,,,,,,,Y,3,0,1,1,A,-,01,23152,A,N,E,I,A,B,H,-,C,D,0,,,,,Y,Y,A,01,0,1,0,0,0,0,0,0,0,"- ","- ",,,MONTEREY,SEASIDE,-121.82570648193359,36.621791839599609
9773414,2024,2025-01-07,2706,2024-11-05,1124,992,MONTE,2,5,4,2706,0,0,0,,0,001,"HOFFMAN AV","CANNERY ROW",130.00,W,N,A,-,N,,,,,,,,,,N,3,0,1,2,A,-,09,21803,A,N,D,G,A,A,H,-,A,A,0,,Y,,,Y,,L,04,0,1,0,0,0,0,1,0,0,"- ","- ",,,MONTEREY,MONTEREY,-121.89968109130859,36.614696502685547
9773700,2024,2025-01-24,2710,2024-11-13,"420 ",40435,SEASI,3,5,4,2710,0,0,0,,0,01B,"CANYON DEL REY BL","RT 1",0.00,,Y,A,-,Y,MON,5,1,-,R,79.260,R,4,S,Y,3,0,1,1,A,-,08,22107,,N,A,I,A,A,H,-,C,A,0,,,,,Y,,A,01,0,1,0,0,0,0,0,0,0,"- ",SO,,,MONTEREY,SEASIDE,-121.85930633544922,36.609462738037109
9774316,2024,2025-02-03,2707,2024-09-03,"859 ",2234,2707,2,5,3,2707,0,0,0,,0,002,"PINE AV","GRAND AV",0.00,,Y,A,-,N,,,,,,,,,,N,4,0,1,2,A,-,21,22106,,N,D,C,A,A,H,-,A,D,0,,,,,Y,,A,01,0,0,1,0,0,0,0,0,0,"- ","- ",,,MONTEREY,"PACIFIC GROVE",-121.91815185546875,36.618640899658203
9774728,2025,2025-07-07,2707,2025-01-06,1205,2179,2707,1,5,3,2707,0,0,0,,0,001,"AUSTIN AV","AUSTIN AV 1113",0.00,,N,A,-,N,,,,,,,,,,N,2,0,1,2,A,-,21,22106,,N,E,B,A,A,H,-,A,A,0,,,,,Y,,A,01,1,0,0,0,0,0,0,0,0,"- ","- ",,,MONTEREY,"PACIFIC GROVE",-121.928855,36.600082999999998
9775600,2024,2025-02-03,2707,2024-05-07,1513,2257,2707,2,5,3,2707,0,0,0,,0,002,"LIGHTHOUSE AV","FOUNTAIN AV",18.00,W,N,A,-,N,,,,,,,,,,N,3,0,2,3,A,-,08,22107,,N,G,B,B,A,H,-,A,A,0,Y,,,,Y,,A,01,0,2,0,0,2,0,0,0,0,"- ","- ",,,MONTEREY,"PACIFIC GROVE",-121.91670227050781,36.620574951171875
9778175,2024,2025-01-23,2710,2024-11-22,2036,38145,,5,5,4,2710,0,0,0,,0,015,"FREMONT BL","PLAYA AV",0.00,,Y,C,-,N,,,,,,,,,,N,4,0,1,2,B,-,22,,,N,B,C,A,B,H,-,C,A,0,,,,,Y,,J,48,0,0,1,0,0,0,0,0,0,"- ","- ",,,MONTEREY,SEASIDE,-121.84088897705078,36.617904663085938
9778748,2024,2025-02-18,2704,2024-12-05,1335,4823,2704,4,5,3,2704,0,0,0,,0,002,"EL CAMINO REAL","APPLE AV",57.00,S,N,A,-,N,,,,,,,,,,N,4,0,1,2,A,-,04,21703,,N,C,C,A,A,H,-,A,D,0,,,,,Y,,A,07,0,0,1,0,0,0,0,0,0,"- ","- ",,,MONTEREY,GREENFIELD,-121.24588012695312,36.323722839355469
9781071,2025,2025-02-12,2706,2025-01-24,1722,635,MONTR,5,5,4,2706,0,0,0,,0,001,"PRESCOTT AV","HAWTHORNE ST",0.00,,Y,B,-,N,,,,,,,,,,Y,3,0,2,2,A,-,01,23152,A,F,C,C,A,A,H,-,C,A,0,,,,,Y,Y,A,08,0,1,1,0,0,0,0,0,0,"- ","- ",36.614170074462891,-121.90348052978516,MONTEREY,MONTEREY,-121.90354919433594,36.614231109619141
9781312,2024,2025-06-26,2707,2024-07-20,1104,2340,2707,6,5,3,2707,0,0,0,,0,002,"EARDLEY AV","LAUREL AV",0.00,,Y,A,-,N,,,,,,,,,,N,4,0,1,1,A,-,03,22350,,N,H,I,A,A,H,-,A,A,0,,,,,Y,Y,-,,0,0,1,0,0,0,0,0,0,"- ","- ",,,MONTEREY,"PACIFIC GROVE",-121.90689086914062,36.61651611328125
9781316,2024,2025-02-10,2707,2024-07-29,1305,2313,2707,1,5,3,2707,0,0,0,,0,002,"OCEAN VIEW BL","1ST ST",45.00,W,N,A,-,N,,,,,,,,,,Y,3,0,1,2,A,-,09,21801,A,N,G,G,A,A,H,-,A,D,0,,Y,,,Y,,A,01,0,1,0,0,0,0,1,0,0,"- ","- ",,,MONTEREY,"PACIFIC GROVE",-121.90765380859375,36.620616912841797
9781654,2025,2025-02-12,2701,2025-01-17,1203,195,CRML,5,5,2,2701,0,0,0,,0,00S,"MONTE VERDE ST",13TH,26.00,S,N,A,-,N,,,,,,,,,,Y,4,0,1,2,A,-,09,21802,A,N,D,C,A,A,H,-,A,A,0,,,,,Y,,B,01,0,0,1,0,0,0,0,0,0,"- ","- ",,,MONTEREY,CARMEL,-121.92440795898438,36.546257019042969
9781655,2025,2025-02-18,2701,2025-01-04,1524,219,2701,6,5,2,2701,0,0,0,,0,ALL,"JUNIPERO ST","OCEAN AV",6.00,S,N,A,-,N,,,,,,,,,,N,4,0,1,2,A,-,10,21950,A,N,G,B,B,A,H,-,A,D,0,Y,,,,Y,,A,01,0,0,1,0,1,0,0,0,0,"- ","- ",,,MONTEREY,CARMEL,-121.92008209228516,36.555072784423828
9783049,2025,2025-02-21,2706,2025-01-29,1309,181,,3,5,4,2706,0,0,0,,0,003,"JOSSELYN CANYON RD","TWIN OAKS DR",1001.00,N,N,A,-,N,,,,,,,,,,Y,3,0,1,1,A,-,03,22350,,N,E,I,A,A,H,-,A,D,0,,,,,Y,,A,08,0,1,0,0,0,0,0,0,0,"- ","- ",36.582939147949219,-121.86408996582031,MONTEREY,MONTEREY,-121.86654663085938,36.584323883056641
9785311,2025,2025-02-24,2707,2025-01-25,2058,2467,2707,6,5,3,2707,0,0,0,,0,002,"LIGHTHOUSE AV","ALDER ST",6.00,N,N,B,-,N,,,,,,,,,,N,3,0,1,2,A,-,10,21950,A,M,G,B,D,A,H,-,C,D,0,Y,,,,Y,,D,22,0,1,0,0,1,0,0,0,0,"- ","- ",,,MONTEREY,"PACIFIC GROVE",-121.92578887939453,36.624839782714844
9785376,2025,2025-02-19,2707,2025-01-26,1400,2433,2707,7,5,3,2707,0,0,0,,0,001,"CONGRESS AV","SUNSET DR",3.00,W,N,A,-,N,,,,,,,,,,Y,4,0,1,1,A,-,08,22107,,N,F,J,A,A,H,-,A,A,0,,,,,Y,,B,01,0,0,1,0,0,0,0,0,0,"- ","- ",,,MONTEREY,"PACIFIC GROVE",-121.92704772949219,36.613235473632812
9794303,2025,2025-03-27,2707,2025-02-15,1635,2467,2707,6,5,3,2707,0,0,0,,0,001,"CONGRESS AV","LIGHTHOUSE AV",12.00,E,N,A,B,N,,,,,,,,,,N,4,0,2,2,A,-,09,21802,A,F,D,D,A,A,H,-,C,A,0,,,,,Y,,D,22,0,0,2,0,0,0,0,0,0,"- ","- ",,,MONTEREY,"PACIFIC GROVE",-121.92073059082031,36.622398376464844
9794550,2025,2025-04-24,2707,2025-02-09,"952 ",2179,2707,7,5,3,2707,0,0,0,,0,001,"SUNSET DR","CONGRESS AV",130.00,W,N,A,-,N,,,,,,,,,,N,4,0,1,2,A,-,21,22106,,N,C,C,A,A,H,-,A,D,0,,,,,Y,,A,01,0,0,1,0,0,0,0,0,0,"- ","- ",,,MONTEREY,"PACIFIC GROVE",-121.92745971679688,36.613361358642578
9794551,2025,2025-04-23,2707,2025-02-13,1416,2313,2707,4,5,3,2707,0,0,0,,0,001,"COUNTRY CLUB GATE","DAVID AV",175.00,N,N,B,-,N,,,,,,,,,,N,4,0,1,2,A,-,21,22106,,N,G,B,F,A,H,-,A,D,0,Y,,,,Y,,A,01,0,0,1,0,1,0,0,0,0,"- ","- ",,,MONTEREY,"PACIFIC GROVE",-121.92474365234375,36.607936859130859
9794552,2025,2025-03-26,2707,2025-02-15,1237,2224,2707,6,5,3,2707,0,0,0,,0,002,"CENTRAL AV","18TH ST",0.00,,Y,A,-,N,,,,,,,,,,Y,4,0,2,2,A,-,09,21802,A,N,D,D,A,A,H,-,A,A,0,,,,,Y,,A,01,0,0,2,0,0,0,0,0,0,"- ","- ",,,MONTEREY,"PACIFIC GROVE",-121.91895294189453,36.622501373291016
9794553,2025,2025-04-24,2707,2025-02-18,1346,2102,2707,2,5,3,2707,0,0,0,,0,002,"OCEAN VIEW BL","3RD ST",123.00,W,N,A,-,N,,,,,,,,,,N,3,0,1,5,A,-,08,22107,,N,B,C,E,A,H,-,A,D,0,Y,,,,Y,,A,08,0,1,0,0,0,0,0,0,0,"- ","- ",,,MONTEREY,"PACIFIC GROVE",-121.90847015380859,36.62066650390625
9794609,2025,2025-03-27,2703,2025-01-27,"803 ",6521,2703,1,5,2,2703,0,0,0,,0,ALL,"CHAMPAGNE WY","BURGUNDY WY",0.00,E,N,A,-,N,,,,,,,,,,N,4,0,1,2,A,-,21,22106,,N,H,C,A,B,H,-,A,D,0,,,,,Y,,A,01,0,0,1,0,0,0,0,0,0,"- ","- ",,,MONTEREY,GONZALES,-121.44612884521484,36.521640777587891
9795739,2025,2025-03-27,2706,2025-03-07,"732 ",826,MONTE,5,5,4,2706,0,0,0,,0,001,"FOAM ST","BREAKWATER COVE",151.00,N,N,A,-,N,,,,,,,,,,Y,3,0,1,1,A,-,08,22107,,N,E,I,A,A,H,-,A,D,0,,,,,Y,,A,07,0,1,0,0,0,0,0,0,0,"- ","- ",,,MONTEREY,MONTEREY,,
9797355,2025,2025-04-22,2710,2025-02-02,1338,36057,,7,5,4,2710,0,0,0,,0,02A,"DEL MONTE BL","PALM AV",0.00,,Y,A,-,N,,,,,,,,,,N,4,0,2,2,A,-,03,22350,,N,-,C,A,A,H,-,A,D,0,,,,,Y,,J,48,0,0,2,0,0,0,0,0,0,"- ","- ",,,MONTEREY,SEASIDE,-121.85382843017578,36.608695983886719
9799766,2025,2025-04-04,2706,2025-03-20,1406,181,,4,5,4,2706,0,0,0,,0,,"JEFFERSON ST","LARKIN ST",0.00,,Y,A,-,N,,,,,,,,,,N,3,0,1,2,A,-,09,21802,A,N,D,C,A,A,H,-,A,D,0,,,,,Y,,A,01,0,1,0,0,0,0,0,0,0,"- ","- ",36.59906005859375,-121.89939117431641,MONTEREY,MONTEREY,-121.8992919921875,36.599021911621094
9799767,2025,2025-04-04,2706,2025-03-25,2127,177,2706,2,5,4,2706,0,0,0,,0,001,"PACIFIC ST","MADISON ST",0.00,,Y,A,-,N,,,,,,,,,,Y,4,0,1,2,A,-,09,21801,A,N,A,C,A,A,H,-,C,A,0,,,,,Y,,A,01,0,0,1,0,0,0,0,0,0,"- ","- ",36.5968017578125,-121.89726257324219,MONTEREY,MONTEREY,-121.8970947265625,36.596809387207031
9799873,2025,2025-05-08,2710,2025-02-06,"243 ",40438,MARIN,4,5,4,2710,0,0,0,,0,01A,"BROADWAY AV","SAN LUCAS ST",57.00,E,N,A,-,N,,,,,,,,,,Y,4,0,1,2,A,-,01,23152,A,N,C,E,A,A,H,-,C,D,0,,,,,Y,Y,-,"- ",0,0,1,0,0,0,0,0,0,"- ","- ",,,MONTEREY,SEASIDE,-121.84005737304688,36.609077453613281
9800366,2025,2025-04-09,2710,2025-02-11,1656,40444,2710,2,5,4,2710,0,0,0,,0,02A,"ECHO AV","FREMONT BL",319.00,E,N,B,-,N,,,,,,,,,,N,3,0,1,1,B,-,22,,,N,E,I,A,A,H,-,A,D,0,,,,,Y,,A,01,0,1,0,0,0,0,0,0,0,"- ","- ",,,MONTEREY,SEASIDE,-121.84193420410156,36.613998413085938
9800367,2025,2025-09-23,2710,2025-02-11,"751 ",40438,MARIN,2,5,4,2710,0,0,0,,0,02A,"BROADWAY AV","ANCON ST",142.00,E,N,A,-,N,,,,,,,,,,N,4,0,2,2,A,-,08,22107,,N,B,C,A,A,H,-,A,D,0,,,,,Y,,A,01,0,0,2,0,0,0,0,0,0,"- ","- ",,,MONTEREY,SEASIDE,-121.82676696777344,36.608772277832031
9800368,2025,2025-04-09,2710,2025-02-10,2008,40444,2710,1,5,4,2710,0,0,0,,0,01A,"FREMONT BL","PLAYA AV",0.00,,Y,A,-,N,,,,,,,,,,N,3,0,1,2,A,-,09,21800,D,N,D,C,A,A,H,-,D,B,0,,,,,Y,,A,01,0,1,0,0,0,0,0,0,0,"- ","- ",,,MONTEREY,SEASIDE,-121.84088897705078,36.617904663085938
9800583,2025,2025-04-16,2704,2025-02-11,"748 ",6209,2704,2,5,3,2704,0,0,0,,0,001,"13TH ST","ELM AV",0.00,,Y,A,-,N,,,,,,,,,,N,4,0,1,2,D,-,00,,,N,G,B,B,A,H,-,A,D,0,Y,,,,Y,,-,"- ",0,0,1,0,1,0,0,0,0,"- ","- ",,,MONTEREY,GREENFIELD,-121.25560760498047,36.309608459472656
9800754,2025,2025-05-20,2710,2025-03-31,1152,40401,MARIN,1,5,4,2710,0,0,0,,0,02A,"CANYON DEL REY BL","HARCOURT AV",0.00,,Y,B,-,N,,,,,,,,,,Y,3,0,1,2,A,-,09,21801,A,N,B,C,A,A,H,-,A,D,0,,,,,Y,,A,01,0,1,0,0,0,0,0,0,0,"- ","- ",,,MONTEREY,SEASIDE,-121.85467529296875,36.604465484619141
9801232,2025,2025-04-22,2711,2025-02-26,1753,7398,2711,3,5,3,2711,0,0,0,,0,001,"MONTEREY ST","BENITO ST",0.00,,Y,A,-,N,,,,,,,,,,N,4,0,1,2,A,-,09,21804,A,N,D,C,A,A,H,-,B,D,0,,,,,Y,,-,99,0,0,1,0,0,0,0,0,0,"- ","- ",,,MONTEREY,SOLEDAD,-121.33025360107422,36.429244995117188
9801260,2025,2025-04-16,2711,2025-01-14,"759 ",0668,2711,2,5,3,2711,0,0,0,,0,001,"GABILAN DR","GABILAN DR 400",6.00,E,N,A,-,N,,,,,,,,,,N,4,0,1,2,B,-,22,,,N,C,G,A,A,H,-,A,D,0,,Y,,,Y,,L,04,0,0,1,0,0,0,1,0,0,"- ","- ",,,MONTEREY,SOLEDAD,-121.65522766113281,36.675643920898438
9801858,2025,2025-04-17,2704,2025-03-19,2009,6714,2704,3,5,3,2704,0,0,0,,0,002,"OAK AV","OAK AVE BLOCK 600",0.00,,N,A,-,N,,,,,,,,,,Y,4,0,1,2,A,-,00,23103,A,N,A,E,A,A,H,-,C,D,0,,,,,Y,,A,01,0,0,1,0,0,0,0,0,0,"- ","- ",,,MONTEREY,GREENFIELD,,
9801860,2025,2025-04-17,2704,2025-03-09,1828,4823,2704,7,5,3,2704,0,0,0,,0,001,"ELM AV","11TH ST",5.00,E,N,A,-,N,,,,,,,,,,N,4,0,1,2,A,-,04,21703,,F,C,C,A,A,H,-,B,D,0,,,,,Y,,A,01,0,0,1,0,0,0,0,0,0,"- ","- ",,,MONTEREY,GREENFIELD,-121.24395751953125,36.316097259521484
9801868,2025,2025-04-21,2704,2025-03-03,"915 ",1035,2704,1,5,3,2704,0,0,0,,0,001,"OAK AV","OAK AV 808 BLOCK",0.00,,N,A,-,N,,,,,,,,,,N,4,0,1,2,D,-,00,,,N,G,B,D,A,H,-,A,D,0,Y,,,,Y,,-,"- ",0,0,1,0,1,0,0,0,0,"- ","- ",,,MONTEREY,GREENFIELD,-120.74034881591797,38.545722961425781
9801985,2025,2025-04-14,2704,2025-02-27,1815,7866,2704,4,5,3,2704,0,0,0,,0,002,"OAK AV","3RD ST",17.00,W,N,A,-,N,,,,,,,,,,Y,4,0,2,2,A,-,03,22350,,N,C,C,A,A,H,-,A,A,0,,,,,Y,Y,A,01,0,0,2,0,0,0,0,0,0,"- ","- ",,,MONTEREY,GREENFIELD,-121.23420715332031,36.325973510742188
9802385,2024,2025-04-17,2703,2024-10-29,"647 ",9221,2703,2,5,2,2703,0,0,0,,0,ALL,"ALTA ST","GONZALES RIVER RD",0.00,,Y,A,-,N,,,,,,,,,,N,4,0,1,2,A,-,04,21703,,N,C,C,A,A,H,-,B,A,0,,,,,Y,,A,01,0,0,1,0,0,0,0,0,0,"- ","- ",,,MONTEREY,GONZALES,-121.44181823730469,36.503929138183594
9805362,2025,2025-04-29,2707,2025-04-02,1545,2179,2707,3,5,3,2707,0,0,0,,0,001,"SUNSET DR","19TH ST",0.00,,Y,A,-,N,,,,,,,,,,N,4,0,1,2,A,-,21,22106,,N,G,B,F,A,H,-,A,B,0,Y,,,,Y,,A,01,0,0,1,0,1,0,0,0,0,"- ","- ",,,MONTEREY,"PACIFIC GROVE",-121.92446136474609,36.611980438232422
9805478,2025,2025-05-02,2710,2025-03-20,1700,40432,SALIN,4,5,4,2710,0,0,0,,0,01B,"TERRACE AV","OLYMPIA AV",0.00,,Y,A,-,N,,,,,,,,,,N,4,0,1,2,A,-,03,22350,,N,C,C,A,A,H,-,A,A,0,,,,,Y,,A,01,0,0,1,0,0,0,0,0,0,"- ","- ",,,MONTEREY,SEASIDE,-121.84275817871094,36.610111236572266
9805605,2025,2025-05-06,2710,2025-03-19,1809,40411,MARIN,3,5,4,2710,0,0,0,,0,001,"FREMONT BL","SONOMA AV",7.00,S,N,B,-,N,,,,,,,,,,Y,4,0,2,2,A,-,03,22350,,N,C,C,A,A,H,-,A,A,0,,,,,Y,,A,07,0,0,2,0,0,0,0,0,0,"- ","- ",,,MONTEREY,SEASIDE,-121.84710693359375,36.606231689453125
9805606,2025,2025-05-06,2710,2025-03-20,2000,40435,SEASI,4,5,4,2710,0,0,0,,0,01B,"HILBY AV","FREMONT BL",0.00,,Y,A,-,N,,,,,,,,,,Y,4,0,1,3,A,-,01,23152,A,N,A,C,A,-,H,-,C,D,0,,,,,Y,Y,A,01,0,0,1,0,0,0,0,0,0,"- ","- ",,,MONTEREY,SEASIDE,-121.84882354736328,36.602611541748047
9808290,2025,2025-07-11,2710,2025-05-02,2227,38145,,5,5,4,2710,0,0,0,,0,018,"LAGUNA ST","PHOENIX AV",0.00,,Y,A,-,N,,,,,,,,,,N,4,0,1,2,A,-,09,21802,,N,D,C,A,A,H,-,C,A,0,,,,,Y,,J,48,0,0,1,0,0,0,0,0,0,"- ","- ",,,MONTEREY,SEASIDE,-121.83824157714844,36.613204956054688
9808640,2025,2025-08-01,2710,2025-06-07,2020,38145,,6,5,4,2710,0,0,0,,0,01B,"CANYON DEL REY BL","HARCOURT AV",0.00,,Y,A,-,Y,MON,5,218,-,L,0.490,I,5,E,N,4,0,1,2,A,-,03,22350,,N,C,C,A,A,G,-,A,D,0,,,,,Y,Y,A,01,0,0,1,0,0,0,0,0,0,"- ","- ",,,MONTEREY,SEASIDE,-121.85453796386719,36.604080200195312
9811903,2025,2025-07-31,2710,2025-06-25,1126,40401,MARIN,3,5,4,2710,0,0,0,,0,02A,"ELM AV","POLE 1",17.00,N,N,B,-,N,,,,,,,,,,N,4,0,1,2,A,-,09,21804,A,N,D,C,A,A,H,-,A,D,0,,,,,Y,,A,01,0,0,1,0,0,0,0,0,0,"- ","- ",,,MONTEREY,SEASIDE,,
9811907,2025,2025-09-22,2710,2025-06-10,1919,40438,MARIN,2,5,4,2710,0,0,0,,0,01A,"EUCALYPTUS RD","GEN JIM BL",540.00,E,N,A,-,N,,,,,,,,,,Y,4,0,1,1,A,-,08,22107,,N,F,A,A,A,H,-,A,D,0,,,,,Y,,D,22,0,0,1,0,0,0,0,0,0,"- ","- ",,,MONTEREY,SEASIDE,-121.81544494628906,36.621200561523438